customer_id,customer_name,email,country,signup_date,customer_segment,lifetime_value
1,Brenda Levy,zcoffey@example.net,Haiti,2019-09-11,Premium,11014.11
2,James Baker,gibsonemily@example.net,Estonia,2023-02-11,Standard,3116.46
3,Samantha Bentley,leonardthomas@example.net,Turks and Caicos Islands,2024-11-30,Standard,32998.29
4,Erin Bishop,reidsteven@example.net,Gabon,2018-03-06,Premium,26657.40
5,Audrey Williams,torrestravis@example.org,Dominica,2022-08-12,Premium,934.63
6,Brandy Chavez,umatthews@example.org,Turks and Caicos Islands,2021-01-30,Basic,48876.22
7,Brett Burns,rcrosby@example.org,Portugal,2018-03-12,Basic,40676.55
8,Jeremy Sampson,cory58@example.net,Guinea-Bissau,2022-10-30,Premium,5440.12
9,Donald Donaldson,ndavis@example.net,Northern Mariana Islands,2019-01-30,Basic,7529.98
10,Alison Buchanan,vanessabuchanan@example.org,Bangladesh,2020-02-26,Basic,26370.15
11,Kristen Willis,markhernandez@example.net,Afghanistan,2021-12-22,Standard,39767.32
12,William Huerta,lauren10@example.org,American Samoa,2018-11-20,Standard,47968.96
13,Richard Chapman,thompsonbrian@example.net,Italy,2023-02-24,Basic,12236.07
14,Nichole Alvarez,william17@example.net,Cyprus,2020-07-14,Standard,34233.68
15,Amanda Logan,stephen00@example.com,Tanzania,2018-11-27,Basic,49584.57
16,Michael Henry,fjones@example.com,New Caledonia,2018-05-10,Premium,20323.39
17,Cameron Weber,oscar98@example.com,Korea,2022-03-25,Basic,23852.65
18,Jessica Mcguire,farrelldebra@example.net,Saint Helena,2018-02-08,Basic,8652.04
19,Jessica Beasley,dmorgan@example.com,Israel,2023-08-10,Standard,32280.87
20,Emily Edwards,nicholas27@example.org,Bermuda,2021-09-18,Basic,48868.73
21,Anna Davis,lisa80@example.net,Zimbabwe,2019-01-26,Basic,45965.70
22,Erin Martinez,morgan60@example.com,Netherlands Antilles,2020-07-30,Premium,45073.52
23,Brian Romero,dianewalker@example.org,Guernsey,2024-05-10,Standard,13627.64
24,Holly Farmer,lindsaybruce@example.net,Nicaragua,2018-11-01,Basic,46286.68
25,Kristin Lynch,anthony44@example.com,Guernsey,2024-02-03,Basic,32939.65
26,Sergio Knight,vjones@example.net,Antarctica (the territory South of 60 deg S),2020-01-05,Standard,881.34
27,Joseph Bennett,xpeterson@example.com,Saint Helena,2020-04-28,Basic,7295.16
28,Todd Carlson,moorekaren@example.org,Peru,2022-06-20,Premium,15033.92
29,Jeremy Coleman,nperry@example.net,Brazil,2024-04-28,Premium,28378.13
6230,Brian Gregory,trose@example.org,Cyprus,2022-05-13,Basic,44836.64
31,Kyle Smith,sierra24@example.com,Greece,2021-09-20,Standard,37804.90
32,Jonathan Jordan,omarpadilla@example.net,Monaco,2019-07-28,Basic,36235.76
33,Renee Jones,grahamsteve@example.org,Tokelau,2023-08-14,Basic,48718.73
34,Jeffrey Sullivan,zroberts@example.org,Greece,2018-08-08,Premium,21910.70
35,Travis Stevens,christopher13@example.com,Namibia,2018-11-08,Standard,30297.92
36,Blake Harrell,jeffrey21@example.net,North Macedonia,2024-11-19,Basic,19895.48
37,Jordan Bullock,michael23@example.org,Cameroon,2021-08-29,Premium,31742.74
38,Christopher Hernandez,thompsonkendra@example.com,Kyrgyz Republic,2023-01-20,Standard,11484.11
39,Olivia Cole,michelle52@example.com,Bangladesh,2024-03-15,Standard,21649.21
40,Mark Hogan,bellcharles@example.com,Korea,2024-07-27,Basic,19065.63
41,Jacob Mitchell,gilbertwilliam@example.com,Mozambique,2024-12-08,Standard,39922.95
42,Rebecca Huang,kstout@example.net,Comoros,2018-10-29,Premium,13471.80
43,John Hernandez,hayeslisa@example.com,Rwanda,2022-04-06,Basic,39216.13
44,Matthew Williams,hritter@example.net,New Zealand,2019-09-24,Basic,19542.14
45,Jake Campbell,rschroeder@example.net,Austria,2022-01-17,Premium,4666.87
46,Maria Jones,grantpaul@example.com,Saint Kitts and Nevis,2021-06-16,Standard,18059.88
47,Tracey Morrison,mathewaguilar@example.org,United States Virgin Islands,2021-01-09,Premium,6712.10
48,Walter Hale,tanderson@example.org,Georgia,2020-02-07,Standard,22497.30
49,Maria Murphy,elizabethcalderon@example.net,Poland,2024-03-22,Basic,20461.40
50,Anna Santiago,andrew42@example.org,Guam,2018-04-18,Premium,17760.32
51,Katelyn Perez,ericphillips@example.org,Madagascar,2019-01-17,Basic,29942.39
52,Sandy Stephenson,stanleynancy@example.net,Bulgaria,2021-08-21,Standard,715.80
53,Brittany White,jenniferwilliams@example.com,Philippines,2022-08-22,Standard,38980.54
54,Tracy Bishop,pyoung@example.com,Sudan,2024-04-10,Premium,28640.83
55,Stephanie Lee,smurray@example.com,Macao,2019-11-26,Basic,19098.53
56,Tracy Montoya,moniquewilliams@example.com,Tunisia,2019-07-23,Standard,15126.45
57,Timothy Dawson,mitchellkathryn@example.com,Korea,2023-07-13,Premium,3257.03
58,Brittany Kim,lisawilkerson@example.org,Israel,2022-11-16,Standard,21113.01
59,Jonathan Young,brooksanthony@example.org,Taiwan,2023-06-07,Premium,18120.13
60,Gabriela Thomas,mitchellmaria@example.net,Switzerland,2020-10-07,Basic,31289.18
61,Michael West,bullockandrew@example.org,Syrian Arab Republic,2024-08-29,Basic,9857.86
62,Todd Lynch,srodriguez@example.org,Gabon,2019-03-15,Premium,15302.43
63,David Fowler,fbrown@example.net,Mauritania,2022-06-09,Standard,42096.51
64,Jose Allen,kellysmith@example.com,Dominican Republic,2022-04-06,Standard,22067.12
65,Chelsea Barnett,carlos88@example.net,Solomon Islands,2022-10-30,Basic,48713.85
66,Kristen Myers DDS,qzavala@example.net,Andorra,2019-07-12,Standard,16101.19
67,Austin Allen,ingramjill@example.com,Burkina Faso,2020-04-02,Standard,15777.75
68,Joshua Li,mariacohen@example.net,Lesotho,2022-06-20,Standard,14643.26
69,Robin Brown,mjohnson@example.org,Somalia,2023-07-05,Basic,39120.52
70,Andrew Mahoney,ihays@example.com,El Salvador,2021-08-27,Standard,14086.98
71,Matthew Mitchell,glennmartin@example.org,South Georgia and the South Sandwich Islands,2022-05-29,Standard,5783.00
72,Steve Paul,lmorgan@example.com,Puerto Rico,2024-04-28,Premium,29652.13
73,Tim Stone PhD,mmiller@example.org,Mayotte,2024-02-13,Premium,34117.46
74,Brian Murphy,kirk96@example.org,Portugal,2024-03-03,Premium,47654.93
75,Jeremy Acosta,christina64@example.net,Somalia,2023-03-06,Basic,10561.45
76,Angela Walsh,william20@example.org,Thailand,2021-04-08,Basic,3551.02
77,Rachael Johnson,youngdeanna@example.com,Hungary,2022-08-03,Basic,25015.23
78,Amanda Hernandez,xrush@example.com,Serbia,2021-05-25,Premium,12708.82
79,Chad Richardson,debra31@example.org,Saint Pierre and Miquelon,2019-09-24,Basic,21214.08
80,Joseph Mcintyre,greenjorge@example.com,Croatia,2022-03-25,Premium,22508.43
81,Donna Hendricks DDS,taylorcharles@example.org,United Arab Emirates,2024-09-15,Standard,29153.98
82,Yolanda Cochran,elizabeth18@example.net,French Guiana,2023-12-29,Basic,46182.44
83,Sarah Joseph,laurahicks@example.org,Cook Islands,2022-09-10,Basic,1934.58
84,Cynthia Snyder,angela57@example.net,Bulgaria,2022-01-12,Basic,44785.53
85,Angelica Parker,xfox@example.com,Swaziland,2024-01-09,Basic,31945.20
86,Beth Stewart,coleerin@example.com,Brunei Darussalam,2018-12-15,Premium,38470.81
87,Penny Bowman,katrinaanderson@example.net,United States Minor Outlying Islands,2021-12-25,Premium,32385.29
88,Sandra Holmes,fred53@example.com,Yemen,2018-07-01,Basic,49182.05
89,Stephanie Singleton,james84@example.org,Niue,2022-06-25,Standard,48289.27
90,Joseph Shaw,brittanycarpenter@example.org,Palestinian Territory,2022-10-30,Premium,626.33
91,Stephanie Morgan,bryananthony@example.org,Yemen,2020-11-25,Premium,25582.74
92,Laura Curtis,bmontgomery@example.com,Tuvalu,2023-10-26,Basic,29067.86
93,Donna Frye,zsanchez@example.net,Iraq,2024-06-14,Premium,22344.35
94,Benjamin Brown,dperry@example.org,Guam,2022-05-22,Standard,38639.88
95,Emily Higgins,theresa25@example.net,Monaco,2024-08-07,Basic,25073.24
96,David Martinez,gwright@example.org,French Guiana,2021-11-13,Premium,24190.28
97,Sharon Barnes,lisapeck@example.net,Germany,2021-04-25,Standard,46035.32
98,Christopher Ferrell,tjimenez@example.com,Angola,2018-12-18,Premium,41582.76
99,James Bryant,jasongomez@example.org,Finland,2019-08-04,Standard,15663.33
100,Stephen Pena MD,booneryan@example.com,Saint Lucia,2023-02-09,Premium,26103.63
101,Jamie Williams,hudsonjames@example.net,France,2021-11-27,Standard,4971.39
102,Jonathan Duran,marcia99@example.org,Brunei Darussalam,2023-01-28,Standard,3452.00
103,Jennifer Norton,angela52@example.org,Netherlands,2018-07-03,Basic,5842.75
104,Kathryn Williams,jenniferbrock@example.net,Korea,2021-11-06,Basic,5557.20
105,Steven Taylor,francisco94@example.net,Guadeloupe,2019-11-05,Basic,12271.26
106,Katrina Burns,thomas05@example.com,Peru,2019-12-16,Basic,8090.77
107,Jason Parker,carlsonjoseph@example.net,Slovenia,2024-04-12,Standard,47927.28
108,Laura Perez,silvageorge@example.net,Saint Helena,2020-08-07,Standard,31525.04
109,Sarah Hernandez,anthonyvaughan@example.org,Comoros,2020-02-03,Basic,32899.66
110,Erik Hernandez,roberthampton@example.com,Tunisia,2022-06-09,Premium,36895.68
111,Monica Thornton,annbolton@example.com,Malta,2020-03-19,Standard,29650.94
112,Tyler Stevens,amy49@example.com,Congo,2022-05-12,Premium,35266.31
113,Diana Evans,kellie37@example.com,Lesotho,2020-04-22,Standard,37641.04
114,Timothy Pope,keith98@example.com,Ukraine,2018-09-14,Basic,5177.43
115,Sabrina Blevins,kellyroberts@example.net,Belgium,2024-01-09,Premium,18353.07
116,Jeremy Scott,ilewis@example.com,Venezuela,2020-03-18,Standard,5786.35
117,Denise Rodriguez,johnsantiago@example.net,Czech Republic,2023-06-28,Basic,48299.23
118,Amy Gutierrez,xgarcia@example.org,Albania,2021-07-07,Basic,19493.10
119,Vanessa Moore,mwoods@example.com,Gibraltar,2022-05-27,Basic,5800.18
120,Anthony Mack,amandasharp@example.org,United States Minor Outlying Islands,2021-12-12,Standard,30906.40
121,Jennifer Monroe,osbornrandy@example.com,Colombia,2021-05-03,Basic,29549.40
122,Tonya Howe,smithashley@example.org,Vanuatu,2019-07-03,Standard,5981.30
123,Mrs. Virginia Daniels,ismall@example.net,Lao People's Democratic Republic,2021-06-04,Premium,9233.92
124,Robert Rivera,twong@example.org,American Samoa,2019-08-03,Basic,19484.32
125,Rachel Bradley,gregorychase@example.com,Sweden,2024-09-08,Premium,28782.82
126,Garrett Morales,lopezdonald@example.com,Vietnam,2022-09-29,Premium,24384.84
127,Dean Young,stephanie49@example.net,Montserrat,2024-01-11,Basic,45966.13
128,Matthew Schwartz,contrerassteven@example.org,Iraq,2019-12-11,Basic,8426.59
129,Tammy Barron,hannah45@example.net,Cyprus,2021-03-29,Premium,9436.22
130,Casey Hernandez,robert87@example.net,Spain,2023-01-22,Basic,2775.20
131,Colleen Wright,foxallison@example.com,Belarus,2022-01-10,Premium,24281.99
132,Ashley Poole,ashleyhernandez@example.com,Timor-Leste,2020-03-10,Standard,48195.07
133,Audrey Harris,gdavis@example.com,Sudan,2023-09-02,Basic,24799.00
134,Carlos Perry,hansenemily@example.com,Saint Kitts and Nevis,2023-07-08,Standard,35536.10
135,David Smith,bethwilliams@example.com,Reunion,2022-12-24,Standard,8445.95
136,Zachary Michael,andersenthomas@example.com,Ireland,2024-05-04,Premium,39814.46
137,Chad May,ybrooks@example.com,Trinidad and Tobago,2020-06-22,Standard,1731.48
138,Jamie Miller,desireebailey@example.org,Mauritania,2020-07-09,Basic,14504.65
139,Cameron Irwin,avilatiffany@example.com,Peru,2023-02-17,Basic,37151.66
140,Jessica Gray,johnreed@example.com,Comoros,2023-07-22,Basic,25589.22
141,Molly Rodriguez,bmendez@example.org,Costa Rica,2024-06-03,Premium,13467.66
142,Kirk Griffin,sanchezbradley@example.com,Djibouti,2024-02-03,Standard,27147.96
143,Nicole Parsons,williamroberts@example.net,Morocco,2018-06-20,Basic,22124.19
144,Kyle Chambers,joel28@example.org,Isle of Man,2020-06-14,Standard,5210.58
145,Antonio Fry,conniesimmons@example.com,Australia,2020-10-10,Standard,43753.01
146,Teresa Powers,heather62@example.com,Honduras,2018-05-13,Standard,13214.48
147,Joshua Allen,kevinzimmerman@example.com,United States Virgin Islands,2018-12-23,Standard,43277.99
148,Jason Butler,paulscott@example.com,Oman,2019-04-26,Premium,10572.92
149,Jerry Watson,brettbennett@example.net,Netherlands,2024-08-05,Basic,17596.48
150,Benjamin Ballard,timothybooth@example.com,Gabon,2024-11-04,Basic,21465.54
151,Alexis Giles,burgesskaren@example.org,Qatar,2024-11-28,Premium,39263.98
152,Christine Herman,kimberly67@example.net,Pakistan,2020-04-27,Premium,28546.71
153,Dennis Hunt,zowens@example.net,Latvia,2023-12-21,Standard,29883.20
154,Erica Harris,robert93@example.net,Cameroon,2019-11-21,Standard,48952.11
155,Juan Silva,mphillips@example.com,Denmark,2021-04-13,Standard,28679.51
156,Roy Porter,jonathan77@example.com,Chile,2023-10-09,Basic,40777.53
157,Heather Taylor,iwhite@example.net,Bahamas,2019-07-10,Standard,45946.56
158,Sara Jones,duranrobert@example.net,Djibouti,2021-02-09,Basic,6431.72
159,Chris Robinson,nbrooks@example.net,Papua New Guinea,2019-06-28,Premium,7397.55
160,Susan Hopkins,smithandrea@example.org,Andorra,2021-08-12,Premium,38097.53
161,Denise Madden,shawheidi@example.com,Sri Lanka,2022-05-28,Standard,7194.36
162,Cassie Hull,johnharvey@example.com,Suriname,2021-01-05,Basic,20769.83
163,Robert Miller,pstevens@example.net,Czech Republic,2023-01-26,Premium,31718.03
164,Ronald Miller,davisnicholas@example.net,Lebanon,2019-01-17,Standard,25829.11
165,Adam Jackson,pbruce@example.com,Mongolia,2021-02-13,Basic,46823.17
166,Valerie Jacobson,hallrachel@example.net,Tuvalu,2022-02-20,Standard,47517.68
167,Denise Glass,rachel90@example.org,Vanuatu,2021-09-02,Basic,223.41
168,Alexis Clark,karenmarquez@example.com,Vanuatu,2019-01-17,Basic,48610.30
169,Christopher Allen,irhodes@example.com,Hungary,2022-01-07,Premium,39804.33
170,Brenda Hinton,masonterri@example.org,Bolivia,2022-06-18,Premium,48409.62
171,Ryan Peterson,unovak@example.org,North Macedonia,2020-05-17,Standard,13499.99
172,Willie Henry,angela66@example.org,Pitcairn Islands,2021-03-07,Standard,27410.80
173,Jamie Barton,lauren11@example.com,Cape Verde,2019-06-19,Basic,42635.89
174,Richard Moore,gstewart@example.org,Albania,2021-11-08,Basic,38136.48
175,Jill Juarez,andersonjacob@example.com,Moldova,2018-07-08,Premium,31346.36
176,Jennifer Johnson,angela99@example.com,Tonga,2023-02-26,Premium,6299.44
177,Edgar Hughes,hardyanita@example.org,Montserrat,2019-10-10,Standard,22880.25
178,Melissa Jackson,kevin72@example.org,Chad,2022-10-19,Premium,49785.13
179,Jason Washington,wardsheryl@example.net,Niue,2019-06-25,Basic,15163.09
180,Luis Ellis Jr.,rushmartin@example.net,Hong Kong,2021-01-27,Premium,32763.94
181,Erin Cook,kevinmorrison@example.net,Cook Islands,2020-10-22,Premium,18655.00
182,Christopher Sanders,kelly79@example.org,Greece,2019-11-09,Premium,19877.44
183,Robert Long,frederickjames@example.net,Cocos (Keeling) Islands,2021-06-05,Basic,35002.12
184,Krista Benton,nhahn@example.com,South Georgia and the South Sandwich Islands,2020-08-17,Standard,32808.71
185,Michael Fuentes,ichambers@example.net,Gabon,2019-01-25,Premium,10749.72
186,Matthew Espinoza,mjones@example.com,Myanmar,2018-11-16,Premium,29724.61
187,Jonathon Knapp,ystephens@example.com,Reunion,2023-10-29,Basic,22308.84
188,Kimberly Little,rodriguezjohn@example.net,Guinea,2018-02-03,Basic,17244.35
189,Lonnie Hart,vrasmussen@example.com,Botswana,2019-05-09,Standard,34732.15
190,David Dixon,seanmyers@example.net,Namibia,2023-05-11,Premium,11524.45
191,Brittany Cuevas,agarcia@example.org,Brazil,2019-01-01,Basic,40317.25
192,Monica Bailey,stanley38@example.com,Guernsey,2019-02-27,Standard,18441.33
193,Jeffrey Horton,carlos01@example.org,Thailand,2021-05-10,Premium,19197.78
194,Brian Marsh,zacharyarnold@example.com,Monaco,2019-06-30,Basic,49647.71
195,Joel Salinas,jacobsandoval@example.com,Antarctica (the territory South of 60 deg S),2019-08-09,Premium,26572.36
196,Sonya Cole,tprice@example.org,Costa Rica,2018-02-04,Basic,32536.01
197,Michael Flynn,lloydamanda@example.com,Greece,2022-12-08,Standard,36149.36
5474,Brian Lambert,orose@example.com,Nepal,2019-09-13,Standard,30842.19
199,James Wilson,megan92@example.net,Romania,2022-12-18,Premium,4425.73
200,Tamara Lawrence,lawrenceallen@example.org,Cocos (Keeling) Islands,2019-02-16,Premium,37647.04
201,Charles Price,baileyhenderson@example.com,North Macedonia,2024-08-11,Basic,19263.19
202,Tamara Arias,angelaburns@example.org,Colombia,2022-10-25,Standard,39574.73
203,Jerry Brown,stephanie72@example.org,Suriname,2020-10-11,Standard,32266.57
204,Justin Delgado,acohen@example.net,Tajikistan,2020-10-13,Basic,30089.85
205,Christopher Cunningham,kellyhill@example.net,France,2024-10-24,Standard,38970.59
206,Jim Newton,hdunn@example.net,Brazil,2018-04-20,Basic,43803.78
207,Joshua Ritter,wolfscott@example.org,Jamaica,2020-04-21,Basic,30385.65
208,Ronald Potter,nancy07@example.com,Guernsey,2020-02-12,Basic,19648.38
209,Angie Grimes,rowejoel@example.net,Namibia,2018-08-12,Premium,24794.90
210,Shannon Bishop,imartin@example.org,Suriname,2019-04-07,Premium,25029.17
211,Anthony Bell,candice25@example.net,French Guiana,2024-08-29,Premium,26461.50
212,Derek Hodge,taylorkaren@example.com,Uruguay,2018-02-19,Standard,46702.83
213,Donald Rios,johndawson@example.org,Senegal,2019-06-25,Standard,43054.62
214,Jenna Thomas,courtney67@example.org,North Macedonia,2024-05-17,Standard,18334.08
215,Patricia Powell,heather57@example.com,Greece,2019-12-09,Standard,47727.20
216,Sheila Boone,simonstephen@example.net,Qatar,2018-10-26,Premium,29409.44
217,Arthur Ferguson,tammysummers@example.com,Ethiopia,2018-02-26,Standard,10865.57
218,Drew Kelley,ashleewashington@example.com,Uganda,2018-09-05,Standard,25379.87
219,Amber Garcia,ksmith@example.com,Korea,2023-08-15,Standard,21236.40
220,Tyler Harris,nicoleturner@example.com,Bermuda,2022-07-06,Premium,32062.81
221,Danielle Watson,brettgarrett@example.net,Reunion,2024-01-12,Basic,7718.75
222,Jessica Davis,smiththomas@example.org,Nauru,2018-12-09,Standard,4043.18
223,Michael Smith,lisa62@example.com,Barbados,2020-04-12,Premium,26865.87
224,Brandon Shaffer,edwardsnicole@example.org,Hong Kong,2022-05-20,Basic,31751.28
225,Nicole Anderson,caseyelliott@example.net,Pakistan,2018-09-28,Standard,34963.93
226,Gregory Lewis,samanthajensen@example.com,Tokelau,2020-09-04,Premium,12299.54
227,Steven Taylor,lawrencepatrick@example.com,Germany,2022-11-15,Premium,22723.25
228,Danielle Newman,angelagreene@example.net,Finland,2024-10-29,Premium,15533.57
229,Melissa Abbott,jamie98@example.org,San Marino,2019-12-21,Premium,731.98
230,Matthew Bowers,troyrodriguez@example.com,Northern Mariana Islands,2019-07-17,Basic,666.40
231,Kelsey Levine,sarah26@example.net,Italy,2023-07-27,Standard,26197.97
232,Michael Farmer,smithcarlos@example.com,Cuba,2020-11-27,Premium,18656.28
233,Antonio Mccormick,courtney86@example.com,Reunion,2021-01-05,Basic,44332.10
234,Martin Medina,joshuacollins@example.net,Uruguay,2018-05-01,Standard,40374.68
235,Robert Herrera,wwillis@example.net,Pitcairn Islands,2021-01-19,Basic,3287.21
236,Emily Kim,brianmiller@example.com,Brazil,2024-06-19,Basic,3945.79
237,Lee Parker,davidzimmerman@example.net,Algeria,2023-02-08,Basic,18070.18
238,Troy Mills,gary24@example.net,Turks and Caicos Islands,2023-08-09,Basic,8427.38
239,Steven Rogers,enelson@example.com,Rwanda,2019-10-07,Standard,38689.11
240,Lori Crawford,brian92@example.com,Cayman Islands,2024-06-08,Basic,36166.64
241,Brian Berry,perezwilliam@example.org,Togo,2020-07-24,Basic,25490.36
242,Dana Ruiz,lmora@example.org,Micronesia,2018-06-30,Premium,12303.12
243,Michelle Rios,marcbutler@example.net,Ghana,2023-04-17,Standard,19210.68
244,Blake Watson,whitelinda@example.org,Zimbabwe,2019-09-07,Premium,46564.89
245,Shawn Cline,mark87@example.org,Heard Island and McDonald Islands,2018-05-25,Basic,40175.46
246,Justin Torres,stevenvargas@example.com,Sierra Leone,2022-09-14,Premium,16157.92
247,Morgan Payne,edwardrandolph@example.org,Djibouti,2022-09-01,Basic,16064.76
248,Makayla Steele,tapiaaaron@example.net,Honduras,2018-11-16,Basic,18703.13
249,Monica Garcia,robertwoodward@example.org,Rwanda,2023-08-19,Basic,45106.86
250,Andrew Hall,xhaynes@example.com,San Marino,2020-01-05,Premium,40236.47
251,Brendan Anderson,kjones@example.org,Jordan,2018-07-08,Standard,3539.43
252,Bianca Carter,sara65@example.com,Korea,2023-03-21,Standard,38699.02
253,Benjamin Harris,moorefrank@example.com,Germany,2021-06-26,Standard,4410.64
254,Joshua Oconnell,shannonford@example.org,Bermuda,2023-02-14,Premium,18509.08
255,Michael Mckenzie,lewismelissa@example.org,Bermuda,2021-04-09,Basic,39246.91
256,Tracy Foster,byrdjorge@example.org,Antarctica (the territory South of 60 deg S),2024-12-25,Premium,23249.94
257,Sarah Hawkins,codygarcia@example.org,British Virgin Islands,2024-08-20,Standard,49889.58
258,Ronald Haas,jamesmorales@example.net,Norfolk Island,2020-03-11,Basic,45032.12
259,Angela Willis,johnsoncaleb@example.net,Kenya,2020-10-01,Premium,418.26
260,Anna Boone,david70@example.org,Uzbekistan,2022-08-07,Premium,11726.59
261,Samantha Foster,reyesronald@example.com,Croatia,2021-11-19,Basic,41994.74
262,Denise Griffin,austinharvey@example.org,Oman,2018-02-09,Standard,172.96
263,Jason Pierce,millerpatrick@example.com,Cook Islands,2022-03-22,Basic,36388.03
264,Rebecca Wright,mayokimberly@example.com,Lesotho,2019-03-02,Premium,26537.74
265,Kari Durham,paul20@example.com,Nepal,2020-09-02,Standard,24652.24
266,Steven Osborne,stokesthomas@example.com,Seychelles,2018-09-03,Premium,35611.46
267,Crystal Moore,dianeadams@example.net,Azerbaijan,2019-01-17,Premium,46071.59
268,Theresa Johnston,lkelly@example.org,Dominica,2023-10-30,Standard,35072.26
269,Renee Wolfe,warnermichael@example.net,Mongolia,2022-03-06,Standard,48730.28
270,Travis Copeland,lweaver@example.com,Argentina,2018-12-14,Basic,4869.29
271,David Robinson,nsmith@example.org,Sri Lanka,2019-07-01,Basic,41016.15
272,Mitchell Sellers,brian29@example.net,United States Virgin Islands,2018-11-03,Basic,28434.25
273,Brian Fox,susan56@example.net,Bolivia,2022-11-17,Basic,48214.49
274,Frank Daugherty,fconner@example.net,Ghana,2020-08-27,Standard,13123.45
275,Wayne Steele,jeffrey92@example.com,Gambia,2021-07-14,Standard,35066.21
276,Elizabeth Thompson,rushstacy@example.com,Thailand,2021-08-29,Standard,22692.62
277,Traci Johnson DDS,daniellegarcia@example.com,Cambodia,2020-08-14,Premium,47183.38
278,Blake Reed,gary15@example.com,Algeria,2019-07-12,Basic,5537.74
279,David Jones,kristin00@example.com,Kazakhstan,2019-03-09,Premium,22533.38
280,Tracy Wilkerson,wmacias@example.net,Honduras,2021-07-10,Standard,6124.76
281,John Shields,franciscojones@example.org,French Polynesia,2022-01-07,Premium,22650.66
282,Dean Garcia,george62@example.net,Belarus,2023-03-13,Standard,42638.86
283,Stephanie Davis,bbush@example.net,Chad,2019-01-06,Premium,40399.09
284,Jessica Brown,jamie36@example.net,Micronesia,2021-05-31,Basic,34874.21
285,Monica Baker,kenneth10@example.com,Montserrat,2018-06-15,Premium,41812.65
286,Katherine Brown,pattersonkelly@example.net,Niue,2021-09-04,Premium,4651.52
287,Christina Johnson,daniellerowland@example.com,Tanzania,2020-10-13,Standard,19872.60
288,Richard Ruiz,christopher86@example.org,Heard Island and McDonald Islands,2018-07-20,Basic,15012.15
289,Jaclyn Griffin,scott43@example.com,Mongolia,2019-12-14,Premium,47609.62
290,Paul Contreras,barnettlindsey@example.com,Saudi Arabia,2023-01-27,Basic,37429.11
291,Kristen Randall,rsheppard@example.com,Montserrat,2020-10-20,Premium,23155.96
292,Karen Miller,shawrachel@example.net,Philippines,2019-07-27,Premium,696.65
293,Mrs. Tiffany Cole,teresastokes@example.org,Armenia,2020-06-29,Premium,9986.84
294,William Graham,maryscott@example.net,United States Virgin Islands,2022-06-29,Standard,34345.63
295,Angie Hawkins,melissa87@example.org,Solomon Islands,2018-12-11,Basic,29347.33
296,Laurie Harrington,perryeddie@example.net,Myanmar,2018-11-04,Premium,49858.36
297,Teresa Buckley,floydmikayla@example.com,Turkey,2020-03-20,Basic,22227.22
298,James Washington,rjohnson@example.com,Cambodia,2019-06-12,Premium,45263.39
299,Melanie Morales,vpreston@example.net,Dominica,2021-09-20,Premium,2230.55
300,John Adams,andrew44@example.com,Tajikistan,2023-03-04,Premium,8482.66
301,Michael Garcia PhD,kevinmanning@example.com,Ethiopia,2024-06-08,Standard,41102.10
302,Lisa Davis,alewis@example.net,Libyan Arab Jamahiriya,2022-06-06,Standard,1571.17
303,Sharon Nicholson,cameronmckinney@example.com,Burkina Faso,2022-10-14,Premium,17761.77
304,Kelly Carroll,jameswhitaker@example.org,Egypt,2020-02-06,Standard,14064.74
305,Anthony Ward,joshuacolon@example.net,Indonesia,2019-09-01,Premium,30743.92
306,Becky Johnson,tracy72@example.com,Namibia,2024-12-02,Premium,32399.19
307,Hailey Monroe,kaitlyn14@example.org,Hungary,2023-08-06,Standard,44150.65
308,Scott Chan,mercedesholland@example.net,Costa Rica,2023-05-17,Premium,4477.31
309,Jason Smith,wellsdavid@example.org,Netherlands Antilles,2022-04-18,Premium,21019.82
310,Courtney Franklin,jennifer46@example.com,Timor-Leste,2023-11-24,Premium,31574.64
311,David Owens,asilva@example.net,Panama,2024-02-05,Premium,49471.24
312,Sara Hoffman,kenneth17@example.org,Guadeloupe,2022-01-10,Standard,27271.44
313,Margaret Hensley MD,jacob83@example.org,Sri Lanka,2023-06-09,Standard,45642.58
314,Rhonda Powell,erin07@example.com,Eritrea,2023-08-20,Standard,19480.23
315,Jennifer Doyle,matthewreeves@example.net,Martinique,2020-01-07,Premium,16011.99
316,Karen Shepard,william28@example.org,French Polynesia,2020-06-16,Premium,44798.66
317,Carl Green,staceylam@example.net,Benin,2021-02-24,Premium,40451.83
318,Daniel Savage,vfrench@example.com,Eritrea,2023-04-17,Basic,17935.90
319,Julie Wilson,delacruzbrandy@example.net,Barbados,2024-07-20,Premium,48701.60
320,Cory Wilson,amoreno@example.org,Trinidad and Tobago,2019-02-15,Premium,32877.53
321,Brenda Gonzalez,dbenitez@example.org,Germany,2020-12-27,Basic,40832.63
322,Catherine Miller,crystal25@example.net,Azerbaijan,2018-08-18,Premium,28827.04
323,Donald Juarez,barbaramoore@example.org,Bulgaria,2022-05-10,Standard,46766.78
324,Madeline Powell,creyes@example.net,Cook Islands,2019-12-13,Premium,11903.90
325,Tiffany Mcclain,andrewsmith@example.net,Egypt,2021-07-26,Basic,34911.57
326,Shawn Collins,reyesbrianna@example.org,Bahrain,2024-08-20,Premium,35202.30
327,Elizabeth Carter,ryan25@example.com,Guinea-Bissau,2021-12-11,Basic,28223.96
328,Carmen Meadows,osmith@example.net,Bulgaria,2024-04-25,Premium,41851.17
329,Alex Wagner,richardsondebra@example.org,Honduras,2023-07-10,Basic,15521.75
330,Dawn Nichols,wheelerbrandon@example.org,Palau,2023-07-02,Premium,4603.84
331,Amber Wilson,jjames@example.com,Lebanon,2020-08-10,Basic,11018.57
332,Christine Jennings,turnerdorothy@example.net,Mali,2023-11-27,Standard,134.11
333,Larry Taylor,huntchristine@example.com,Brazil,2024-11-20,Premium,40341.63
334,Kathleen Lynch,marie35@example.net,Ireland,2021-10-27,Basic,8955.25
335,Andrew Crawford,haleycastillo@example.org,Afghanistan,2021-08-18,Premium,1193.45
336,Brandon Rodriguez,fhernandez@example.net,Belarus,2024-07-30,Basic,45869.48
337,Ashley Scott,stephenmadden@example.com,Kyrgyz Republic,2019-03-31,Basic,43047.41
338,Robert Sawyer,michael56@example.net,Brazil,2018-10-25,Standard,35256.45
339,Peter Williams,elizabethjackson@example.com,Uganda,2022-06-09,Basic,5141.51
340,Marco Johns,watsonmatthew@example.org,Iran,2021-05-21,Standard,6908.94
341,Jesus Houston,pmarsh@example.org,Bouvet Island (Bouvetoya),2019-10-08,Basic,47439.81
342,Nicholas Jarvis,dalepruitt@example.com,Spain,2023-06-19,Basic,15932.44
343,Jessica Carr,cheryl27@example.com,Bouvet Island (Bouvetoya),2024-04-20,Basic,44491.05
344,Jessica Brown,alexander89@example.net,Mongolia,2024-11-18,Standard,11239.54
345,Tyler Marks,reynoldsjessica@example.com,Guatemala,2024-08-09,Premium,18981.37
346,Margaret Hernandez,smithsarah@example.net,Thailand,2021-04-21,Premium,8967.64
347,Jon Martin,vflores@example.com,Australia,2018-01-08,Basic,47440.04
348,Krista Gray,christianwallace@example.net,Kiribati,2022-05-23,Basic,1715.90
349,Jonathan Stewart,bmcgee@example.org,Iraq,2024-10-03,Standard,46059.81
350,Justin Smith,connersylvia@example.net,Gabon,2024-11-09,Premium,32018.37
351,Kristina Pena,xclements@example.org,Svalbard & Jan Mayen Islands,2019-03-03,Standard,7118.10
352,Jesse Castro,xmoran@example.net,Korea,2018-11-15,Premium,17405.83
353,Peter Walker,michael48@example.net,Holy See (Vatican City State),2021-08-01,Premium,31845.72
354,Amber Martin,lydianewton@example.com,Botswana,2018-12-30,Basic,33534.23
355,Craig Martinez,ylewis@example.org,Saint Barthelemy,2021-10-07,Standard,668.64
356,Peter Williams,bartonshannon@example.net,Namibia,2020-05-08,Premium,34689.49
357,Brandy Porter,tranryan@example.net,Liberia,2021-12-06,Standard,39372.30
358,Priscilla Kent,jessicaanderson@example.com,Palestinian Territory,2018-01-06,Premium,19358.26
359,Sonya Gordon,mbarnes@example.net,Serbia,2022-09-15,Premium,44239.14
360,James Cooper,shawn22@example.com,Netherlands,2023-07-13,Standard,17626.44
361,Nicole Evans,jennifer83@example.org,Cote d'Ivoire,2022-03-18,Premium,41457.47
362,Donna Reed,tinasantos@example.org,Macao,2024-06-25,Basic,37936.35
363,Mallory Page,anna99@example.net,Russian Federation,2020-07-12,Premium,22619.24
364,Paul Skinner,natalie60@example.net,Botswana,2018-05-17,Standard,1101.89
365,Charles Santiago,josephfloyd@example.com,Pitcairn Islands,2020-12-05,Premium,3802.60
366,Ryan Vaughn,james80@example.com,Suriname,2019-11-28,Standard,8129.13
367,Luis Lowe,juliahoffman@example.org,Malawi,2018-11-04,Basic,47097.52
368,Rebecca Roberts,housepaul@example.net,Germany,2019-01-17,Standard,29742.12
369,Amy Manning,christinenorman@example.com,Switzerland,2024-11-18,Standard,35254.78
370,Mark Mckinney,kari89@example.org,Singapore,2022-11-02,Basic,8333.36
371,Cheryl Cole,lopezglenn@example.net,British Indian Ocean Territory (Chagos Archipelago),2022-11-14,Premium,2772.43
372,Jeffrey Hawkins,eugenesingleton@example.org,Greenland,2021-09-18,Premium,48722.48
373,Timothy Williams,candice94@example.com,Somalia,2022-08-04,Basic,27750.21
374,Heather Bowers,alicia28@example.org,Solomon Islands,2024-01-22,Standard,33063.83
375,Jennifer Herrera,baileynicole@example.net,Greenland,2021-05-03,Premium,4886.20
376,Edward Clements,wbarajas@example.net,Algeria,2022-05-29,Basic,27528.17
377,Gregory Allen,susanfleming@example.com,Hong Kong,2023-07-04,Premium,2819.79
378,Theresa Cruz,angel85@example.net,Spain,2018-01-16,Standard,4472.66
379,Katelyn Phillips,lukemiller@example.org,Chad,2024-09-24,Standard,10063.77
380,Patricia Ferguson,clarkcrystal@example.org,Tonga,2018-04-16,Premium,8624.53
381,Sara Harris,elucas@example.net,Poland,2021-04-10,Premium,23731.18
382,Joe Rivera,jonesgregory@example.com,Moldova,2019-04-19,Standard,39265.34
383,Roberto Bartlett,ohughes@example.com,Jersey,2023-04-13,Standard,44754.39
384,James Wilson,maychristine@example.net,Myanmar,2020-12-21,Premium,32129.13
385,Ryan Howard,robertsgina@example.net,Benin,2022-05-07,Premium,18613.92
386,Timothy James,wellsamanda@example.org,San Marino,2022-04-12,Standard,9410.49
387,Robert Gardner,kennetheaton@example.net,Oman,2018-07-02,Standard,22043.05
388,Travis Spencer,davidsmith@example.net,India,2020-12-14,Premium,41870.23
389,Theresa Torres,jason82@example.org,Colombia,2024-04-30,Premium,7641.42
390,Ruben Lee,emilybradley@example.org,Thailand,2019-02-01,Premium,33440.24
391,Wanda Dunn,robertscarlos@example.org,Congo,2024-01-27,Standard,48538.21
392,Katelyn Rivera,emilyyoung@example.com,Niger,2024-08-12,Premium,27724.74
393,Corey Tucker,,Mongolia,2022-05-05,Basic,20989.74
394,Rhonda Benjamin,adamsanchez@example.org,Rwanda,2024-01-03,Basic,43358.01
395,Jessica Larsen,erinrivera@example.com,Kyrgyz Republic,2023-04-29,Basic,44094.53
396,Raymond Tucker,thompsoncatherine@example.com,Togo,2023-05-05,Standard,4039.86
397,Stephanie Gonzalez,lunapatricia@example.net,Norfolk Island,2018-05-23,Basic,28603.87
398,Kevin Sullivan,rebeccaarnold@example.net,Uganda,2023-10-18,Basic,33908.99
399,Mrs. Patricia Diaz MD,dennis88@example.org,Indonesia,2024-12-15,Premium,6102.07
400,Adam Allen,katherinetaylor@example.org,Christmas Island,2023-01-14,Premium,47458.17
401,Krystal Brennan,jillwebb@example.com,Armenia,2019-11-16,Premium,40442.19
402,John Brown,jim38@example.com,Iceland,2019-06-01,Premium,21226.41
403,Jesse Williams,dakota84@example.net,Estonia,2022-11-19,Premium,49863.73
404,Laura Bennett,pdiaz@example.org,Maldives,2019-08-29,Basic,12968.53
405,William Walker,wgomez@example.com,Somalia,2018-10-02,Premium,19466.15
406,Mr. Jonathan Taylor,jerryrobertson@example.com,Croatia,2022-06-16,Basic,16373.73
407,Christopher Guzman,guerrerorobert@example.com,Saint Helena,2021-02-05,Basic,22962.04
408,Michael Mendoza,deborahjenkins@example.org,Aruba,2018-02-20,Basic,31190.59
409,Kevin Taylor,macdonalddylan@example.org,Eritrea,2023-11-11,Standard,5714.69
410,Kellie Sullivan,johnsjessica@example.com,Yemen,2019-09-05,Premium,28373.04
411,Jerry Haney,ajackson@example.net,Cambodia,2024-07-14,Premium,46253.92
412,Samantha White,gary57@example.net,Nauru,2024-04-23,Premium,39308.71
413,James Anderson,harrismichele@example.net,Poland,2024-01-03,Standard,43906.89
414,Chase Davis,mvalenzuela@example.org,Turkey,2020-12-17,Standard,32773.90
415,Kathy Wilson,mhopkins@example.net,Sweden,2024-06-01,Basic,23705.03
416,Todd Gregory,xboyd@example.org,Qatar,2019-12-07,Standard,20208.40
417,Crystal Lang,zbell@example.net,United States of America,2024-12-07,Basic,34072.56
418,Melissa Davis,jonathancannon@example.org,Finland,2022-07-04,Premium,19850.06
419,Kimberly Scott,fletcherkristine@example.net,Mali,2021-09-19,Basic,11955.21
420,Adam Pena,robert12@example.com,Pakistan,2023-05-01,Standard,44861.86
421,Deborah Herrera,cheryl63@example.com,Micronesia,2018-03-24,Standard,40887.56
422,Karen Wood,tking@example.net,Guatemala,2021-05-26,Standard,14089.30
423,Jennifer Taylor,adkinssean@example.net,Zambia,2023-07-07,Basic,34274.12
424,Daniel Morales,lauren90@example.org,Iceland,2020-07-22,Premium,15093.97
425,Abigail Davis,thomasburke@example.org,Bahrain,2022-12-20,Standard,13544.06
426,Jacob Lynch,zarias@example.net,Palau,2022-09-04,Basic,32313.19
427,Michelle Harper,daniellegonzales@example.org,Thailand,2020-02-09,Standard,10648.39
428,Regina Mitchell,bowerswilliam@example.net,Djibouti,2022-07-26,Basic,24274.57
429,Megan Ward,cantrellchristopher@example.com,Slovakia (Slovak Republic),2023-10-17,Standard,41068.77
430,Michael Sullivan,aprilmclaughlin@example.org,Uruguay,2023-10-12,Premium,3374.29
431,Duane Gallegos,michael43@example.net,Congo,2023-09-07,Standard,6868.93
432,Jared Smith,richardrodriguez@example.org,Macao,2023-11-18,Basic,1544.51
433,Travis Pratt,nancy94@example.net,Kenya,2020-02-29,Premium,41865.14
434,Kristine Carrillo,susan77@example.net,Tokelau,2020-10-18,Premium,22876.79
435,Brian Jones,ericahall@example.com,Isle of Man,2022-01-16,Basic,10035.58
436,Kelli Smith,john16@example.net,San Marino,2022-02-17,Standard,25305.81
437,Angela Velazquez,nedwards@example.net,Ethiopia,2019-05-23,Basic,1625.10
438,Paul Conrad,victorgonzalez@example.net,Dominican Republic,2022-03-06,Standard,29742.78
439,Christine Harris,marykelly@example.org,British Indian Ocean Territory (Chagos Archipelago),2019-12-29,Standard,29385.32
440,Megan Alvarado,duranamber@example.org,Thailand,2021-12-03,Standard,8259.33
441,Mr. Johnathan Galloway,travis84@example.com,Cyprus,2020-11-25,Basic,41560.42
442,Bethany Fox,imendoza@example.org,Macao,2019-01-06,Standard,1469.78
443,Scott Parsons,sbray@example.net,Kuwait,2018-07-23,Premium,42705.68
444,Adam Craig,ucarpenter@example.com,New Zealand,2020-05-27,Premium,32404.26
445,Chelsea Baker,thomas95@example.com,Colombia,2020-04-26,Standard,32614.21
446,Mr. Michael Watson PhD,shannon92@example.net,Poland,2023-10-04,Premium,43245.03
447,Brett Nelson,angelachase@example.org,Cameroon,2018-02-06,Standard,45584.62
448,Nancy Kennedy,thompsonvictor@example.net,Maldives,2019-12-11,Basic,40063.15
449,Emily Tucker,anna90@example.com,Bolivia,2020-07-05,Standard,30456.36
450,Amy Cervantes,gcombs@example.com,Samoa,2021-06-05,Basic,48354.52
451,Isaac Castro,maurice61@example.com,Trinidad and Tobago,2021-02-01,Standard,44784.60
452,Lisa Ray,tiffanymitchell@example.com,Peru,2021-11-29,Standard,12674.74
453,Patricia Griffin,jamesjustin@example.net,Zimbabwe,2023-03-27,Standard,33892.09
454,Christopher Morton,robert99@example.com,Thailand,2024-12-29,Standard,29265.91
455,Angela Cooper,logan44@example.net,Oman,2018-01-31,Basic,49971.53
456,Stephen Norman,julie87@example.com,Chad,2022-03-13,Basic,32402.37
457,Alexander Luna,shelby13@example.org,Indonesia,2024-10-30,Standard,14993.95
458,Arthur Johns,johnsonrandy@example.org,Bosnia and Herzegovina,2019-03-19,Standard,3285.47
459,Christopher Pena,pparker@example.net,Finland,2021-02-06,Basic,16324.34
460,Cameron Rose,anthonyalvarado@example.com,Tonga,2021-02-08,Standard,32840.37
461,William Fernandez,amy28@example.org,Nauru,2021-05-08,Premium,7581.47
462,Lynn Fields,omills@example.net,Georgia,2020-09-11,Premium,40290.95
463,Karen Perez,ramosmichael@example.com,Cape Verde,2024-09-23,Standard,33060.46
464,Aaron Ochoa,mauriceharrison@example.org,Portugal,2019-07-28,Basic,1370.22
465,Theresa Woods,cannonlauren@example.net,Djibouti,2023-07-31,Standard,13045.37
466,Kimberly Lopez,kfoster@example.net,Saint Pierre and Miquelon,2022-09-11,Standard,19474.92
467,Sandra Walker,hendersonjohn@example.net,Sri Lanka,2018-05-25,Basic,35432.64
468,Denise Wong,robert12@example.org,French Guiana,2024-06-01,Premium,17224.04
469,Jesse Chavez,blopez@example.org,Australia,2020-06-29,Basic,26778.29
470,Alison Compton,joseph70@example.org,Bermuda,2023-05-03,Basic,17989.01
471,Johnny Peterson,kristi75@example.com,Qatar,2021-05-14,Premium,42047.87
472,Erin Bridges,brianrowe@example.org,Mayotte,2024-04-05,Premium,14759.82
473,Corey Skinner,hclayton@example.net,Egypt,2023-04-13,Premium,37071.85
474,William Wright,gonzalezjill@example.org,Mali,2024-04-08,Premium,47351.48
475,Christine Price,sharon20@example.net,Vietnam,2021-10-06,Basic,4556.06
476,Barbara Olson,james03@example.org,Dominica,2021-12-26,Premium,37236.08
477,Erika Jackson,brenda63@example.org,Armenia,2021-06-11,Standard,39425.71
478,Melissa Barker,nathandavis@example.org,Luxembourg,2021-09-19,Standard,13101.91
479,Luke Galvan,browndeanna@example.net,Mauritania,2021-04-19,Standard,42575.57
480,Beth Hall,linda73@example.org,Portugal,2023-04-12,Premium,43333.03
481,Nathaniel King,washingtonsamuel@example.com,Mauritius,2024-07-18,Basic,47220.62
482,Cheryl Lopez,mario74@example.net,United States Virgin Islands,2018-10-19,Standard,44482.36
483,Caitlyn Schmidt,qphillips@example.net,Haiti,2023-08-12,Premium,43388.14
484,Ricardo Hunter,nicoleharvey@example.com,Singapore,2022-04-13,Basic,14987.95
485,Erica Brown,rlee@example.com,Seychelles,2018-08-10,Premium,6954.53
486,Lisa Morris,daniel81@example.org,Syrian Arab Republic,2020-03-31,Standard,20518.67
487,Cassandra Johnson,washingtoncorey@example.net,Norway,2024-05-21,Standard,7246.89
488,Mary Fox,brandon39@example.net,Barbados,2020-01-09,Premium,24430.28
489,Thomas Rios,mcdonalddanielle@example.com,Moldova,2019-12-26,Standard,31761.50
490,Stephanie Short,colonjoseph@example.org,Saint Martin,2018-01-20,Standard,13749.04
491,Eric Blackburn,garciajerry@example.com,Comoros,2019-11-22,Basic,38247.74
492,Matthew Hudson,angelagrant@example.net,Botswana,2023-06-29,Premium,6557.36
493,Laura Craig,kandrade@example.org,Mexico,2022-11-12,Basic,21527.55
494,George Moore,umahoney@example.net,Greece,2022-10-24,Standard,19227.49
495,Jennifer Schultz,charlene98@example.org,Honduras,2018-06-04,Basic,10050.77
496,Tammy King,zwest@example.org,Saint Kitts and Nevis,2022-03-09,Premium,44611.12
497,Duane Smith,victoriaturner@example.com,Cyprus,2023-12-16,Premium,994.01
498,Ethan Ingram,samantha88@example.net,Vanuatu,2018-01-17,Basic,36706.80
499,Anna Stevens,devonrichardson@example.net,Egypt,2020-07-15,Basic,43861.56
500,Robert Davis,ncarroll@example.net,Belarus,2021-07-02,Premium,5225.14
501,Rebecca Thompson,larsonkevin@example.net,Sri Lanka,2023-08-24,Basic,15375.14
502,Angela Brown,michael66@example.org,Trinidad and Tobago,2018-09-25,Premium,14980.29
503,Nicole Atkinson,walterscrystal@example.org,Gambia,2021-04-06,Standard,36418.81
504,Emma Cunningham,wayne32@example.org,Peru,2024-09-08,Basic,16957.97
505,Jenna Griffin,walkerkeith@example.com,Cameroon,2019-07-03,Standard,49807.33
506,Bradley Duncan,kelleyjose@example.com,Macao,2023-07-01,Standard,37530.77
507,Michael Gill,fhansen@example.com,Pakistan,2019-11-07,Standard,1054.32
508,Kristina Shea,johnadams@example.com,Gibraltar,2020-07-07,Basic,49245.49
509,Laura Rodriguez,whenderson@example.org,Gibraltar,2020-05-15,Basic,1193.47
510,Matthew Carrillo,vanessajensen@example.com,Nigeria,2023-08-29,Premium,6245.78
511,Andrew Meyers,ginamoore@example.net,Timor-Leste,2018-06-03,Standard,43839.55
512,Patrick Sanchez,mistywilkins@example.org,Guam,2020-11-13,Basic,31194.43
513,Ashley Cole,riverajody@example.org,Costa Rica,2024-08-29,Premium,33132.30
514,Nicole Dunn,heatherbarnett@example.com,Myanmar,2018-03-22,Premium,34518.51
515,Kelsey Scott,campbellkristina@example.net,Faroe Islands,2022-09-04,Standard,19074.66
516,Matthew Smith,qguerrero@example.net,Guyana,2024-02-20,Standard,23772.38
517,Alicia Dillon,yhall@example.net,Russian Federation,2019-09-20,Premium,34790.08
518,Ethan Delacruz,lopezvincent@example.com,Monaco,2018-02-08,Standard,21101.49
519,Alison Wright,matthew62@example.org,Guatemala,2019-02-18,Basic,26063.43
520,Heather Turner,lisa46@example.org,Western Sahara,2024-12-25,Basic,35066.24
521,Diana Hernandez,fsandoval@example.net,Hong Kong,2022-09-12,Premium,25628.08
522,Megan Salas,robertberry@example.com,Georgia,2024-12-05,Premium,14207.07
523,Erin Daniels,denisecarpenter@example.net,South Georgia and the South Sandwich Islands,2019-03-12,Standard,10012.47
524,Charles Barker,russellstout@example.org,Palau,2020-03-29,Standard,41591.79
525,Sylvia Stewart,whitemary@example.org,Saint Lucia,2020-04-06,Standard,35201.49
526,Fernando Dudley,vturner@example.net,Venezuela,2021-04-24,Premium,2066.34
527,Brittany Lopez,jackfarmer@example.net,Nicaragua,2023-07-27,Premium,34441.38
528,Keith Hall,jerryjohnson@example.org,Portugal,2023-05-23,Standard,11801.81
529,Brandi Mathis,xjoseph@example.org,Timor-Leste,2018-02-22,Basic,4541.24
530,John Martin,antonioduran@example.org,Uzbekistan,2019-03-29,Basic,33484.19
531,Jason Newton,katherinejones@example.com,Tonga,2019-09-03,Premium,38998.36
532,Melissa Delacruz,ronaldparsons@example.net,Saint Pierre and Miquelon,2018-11-04,Basic,36206.45
533,Michelle Long,meyershannon@example.org,Turkey,2020-11-14,Basic,11634.90
534,Kelly Foster PhD,oblack@example.org,Comoros,2021-04-27,Standard,23267.44
535,James Torres,steven64@example.net,Uruguay,2019-02-13,Premium,43719.61
536,Jose Thomas,gdavis@example.org,Cocos (Keeling) Islands,2021-04-05,Standard,40099.65
537,Teresa Horton,phillipmorris@example.org,Christmas Island,2021-07-04,Standard,36953.16
538,Steven Huang,udavis@example.net,Pakistan,2019-01-25,Premium,582.65
539,Rebecca Higgins,davisjasmin@example.net,Guyana,2019-07-21,Basic,32395.21
540,Michael Acosta,nicholasjames@example.org,United States Minor Outlying Islands,2021-09-08,Standard,44736.93
541,Seth Huffman,mistywhite@example.net,Austria,2024-12-21,Standard,43935.93
542,Eric Mack,lroberts@example.org,United Arab Emirates,2019-01-16,Standard,40766.72
543,Dale Dean,alexander77@example.net,Sri Lanka,2020-01-20,Premium,20098.80
544,Stephen Young,cchavez@example.org,Netherlands Antilles,2023-02-13,Standard,41801.85
545,Dana Kelley,brandonhernandez@example.net,Guernsey,2023-05-13,Standard,32477.44
546,Scott Estrada,mark10@example.org,Israel,2019-11-15,Premium,6712.33
547,Candace Mitchell DDS,tammycurry@example.com,Venezuela,2018-08-29,Premium,5275.28
548,Randy Morris,wwilkins@example.com,Tajikistan,2024-08-16,Standard,40133.01
549,Eileen Taylor,mark68@example.org,Qatar,2022-11-30,Premium,30605.03
550,Anthony Duncan,webbhaley@example.net,France,2022-01-08,Basic,1537.93
551,Ryan Green,sara99@example.com,Mali,2019-06-20,Standard,46027.86
552,Kathleen Morton,jeanettekrause@example.org,British Indian Ocean Territory (Chagos Archipelago),2019-04-08,Standard,22090.33
553,Mario Wilson,laurenduarte@example.com,Aruba,2018-09-17,Standard,32783.18
554,Justin Walsh,davidsonhannah@example.com,Somalia,2018-02-20,Basic,43429.78
555,Eric Pierce,wilsonmathew@example.com,Saint Kitts and Nevis,2023-11-20,Basic,28874.79
556,Toni Collier,markmorgan@example.net,Lesotho,2024-05-03,Premium,48896.99
557,Rebecca Brewer,dmoore@example.net,Ukraine,2021-10-17,Basic,26202.85
558,Richard Gutierrez,conleykevin@example.net,Philippines,2024-12-07,Premium,21699.11
559,Joshua Clark,lauren51@example.org,Fiji,2020-10-15,Standard,17352.90
560,Gina Brooks,ashleyprice@example.net,Brazil,2022-04-26,Premium,41967.75
561,Nicole Thornton,jennifer46@example.org,Luxembourg,2024-04-05,Basic,2822.85
562,Jacqueline Gallegos,javier42@example.org,Holy See (Vatican City State),2019-10-05,Basic,42457.39
563,Paula Gentry,zhunter@example.com,United Kingdom,2023-07-24,Premium,3835.78
564,Cheryl Mclean,kimberly21@example.net,Philippines,2023-07-07,Standard,12120.50
565,Christine Johnson MD,smithsarah@example.net,Thailand,2021-02-13,Premium,25395.77
566,Anita Owens,garciakatie@example.net,Georgia,2024-03-04,Basic,18994.02
567,Peter Fowler,manuellee@example.com,Martinique,2020-08-20,Premium,23008.82
568,Jeremy Wilson,ericwilson@example.net,Monaco,2024-06-05,Standard,4492.19
569,Christine Bell,joseph49@example.org,Chile,2023-08-04,Standard,15871.47
570,Louis Morgan,bwilliams@example.com,United Kingdom,2023-07-31,Basic,32703.31
571,Ashley Brown,tmyers@example.net,Uganda,2019-02-25,Standard,20675.69
572,Sara Lyons,larry38@example.org,Uzbekistan,2024-04-01,Basic,108.47
573,Julie Anderson,tdavis@example.net,Norway,2019-01-08,Basic,48162.25
574,Julie Hall,douglashuang@example.com,United States Minor Outlying Islands,2021-06-01,Basic,28160.40
575,Clifford Stark,kristina57@example.com,Antarctica (the territory South of 60 deg S),2023-02-12,Standard,18230.79
576,Brian Mendoza,justinbailey@example.net,Brunei Darussalam,2018-08-11,Premium,42231.44
577,Jennifer Klein,,Martinique,2021-09-21,Basic,38394.08
578,Kevin Allen,amydickson@example.com,Bahrain,2024-09-23,Standard,35861.24
579,Robert Garza,vbradley@example.net,Puerto Rico,2022-01-28,Basic,22681.37
580,Matthew Miller,mwilson@example.com,Greece,2019-02-04,Basic,11165.18
581,Samantha Thompson,gjones@example.net,Suriname,2021-10-30,Standard,41511.21
582,Sally Murphy,davislisa@example.net,United Kingdom,2021-04-10,Basic,26147.06
583,Rhonda Sherman,shawncarter@example.net,Morocco,2019-03-12,Premium,44854.17
584,Daniel Rich,ashley46@example.net,United States Virgin Islands,2023-07-10,Premium,41109.75
585,Brandon Smith,sabbott@example.org,Heard Island and McDonald Islands,2022-08-04,Premium,12789.04
586,Tracy Smith,daniel40@example.org,Jersey,2020-03-13,Premium,6125.22
587,Jennifer Flores,bsullivan@example.net,Croatia,2022-05-29,Premium,22906.60
588,Karen Lopez,xbridges@example.com,Cape Verde,2020-02-20,Basic,16962.88
589,Shane Martinez,jonesalfred@example.net,Turks and Caicos Islands,2022-08-25,Premium,46338.66
590,Mr. William Miller,ydalton@example.net,Netherlands,2024-08-08,Premium,38630.04
591,Lisa Gibson,carnold@example.com,Guinea,2023-01-20,Standard,32956.99
592,Jeff Smith,pbradford@example.net,Macao,2023-08-28,Premium,48196.35
593,Timothy Johnston,goodashley@example.net,Heard Island and McDonald Islands,2018-01-18,Basic,36837.08
594,John Vaughn,jessicafox@example.com,Lao People's Democratic Republic,2024-03-16,Standard,41956.92
595,Kelly Bishop,thomasharmon@example.net,Belarus,2023-06-02,Basic,39075.97
596,Kimberly Riley,bergeramanda@example.org,Latvia,2019-12-27,Basic,28969.86
597,Taylor Berry,robert44@example.org,Argentina,2019-06-10,Premium,19431.54
598,Linda Torres,bryan79@example.org,Montserrat,2024-09-25,Basic,44146.52
599,William Lamb,mitchellchristopher@example.net,Belarus,2023-08-27,Standard,20991.37
600,Diana Anderson,joshua40@example.net,Bouvet Island (Bouvetoya),2024-10-30,Basic,38142.50
601,Susan Stevenson,lwood@example.com,Slovenia,2021-01-25,Standard,48183.32
602,Kari Lloyd,cooperchristopher@example.org,Nepal,2021-04-19,Standard,40259.36
603,Brittany Crawford,ptownsend@example.net,Kazakhstan,2019-07-20,Standard,30165.97
604,Carol Lane,brian41@example.org,Chad,2023-09-30,Standard,42169.41
605,John Alvarez,noahthornton@example.com,Estonia,2024-02-22,Standard,35622.53
606,Seth Smith,ureyes@example.net,Pitcairn Islands,2024-03-17,Basic,10945.39
607,Anne Schmidt,stephanie69@example.net,Togo,2020-05-08,Basic,35747.79
608,Devin Lang,destiny67@example.net,San Marino,2021-11-15,Basic,6720.32
609,Michael Townsend,erica25@example.net,Algeria,2019-12-30,Basic,27170.32
610,Sandra Smith,foxgina@example.com,Cyprus,2021-08-13,Basic,5858.72
611,Darlene Johnson,brownbrooke@example.org,Zambia,2021-12-13,Basic,24070.46
612,Barbara Rosario,gatesdavid@example.net,Serbia,2024-05-26,Basic,35535.17
613,Kylie Coffey,dominguezjon@example.com,Panama,2023-12-27,Standard,43886.11
614,Margaret Livingston,kayla54@example.org,Slovakia (Slovak Republic),2022-09-27,Premium,26184.23
615,Richard Reyes,wendy44@example.org,Kazakhstan,2018-04-14,Standard,7351.80
616,William Gonzalez,fwhite@example.org,Cambodia,2018-08-20,Premium,13422.22
617,Jessica Mendez,gainesjennifer@example.org,Antigua and Barbuda,2019-10-22,Standard,34201.18
618,Kenneth King,fsmith@example.org,Palau,2019-08-23,Premium,34560.68
619,Tasha Ortega,edward56@example.net,Afghanistan,2021-04-23,Premium,37704.34
620,Teresa Henry,upowell@example.org,Mauritius,2018-05-13,Standard,40719.91
621,James Norris,imartinez@example.com,Grenada,2019-02-24,Basic,43414.97
622,Jennifer Chen,,Belgium,2024-04-20,Premium,37146.40
623,Paige Roberts,gregorywilliams@example.com,Panama,2024-04-17,Standard,11956.01
624,Michael Mosley,tom73@example.org,Argentina,2021-03-24,Basic,33258.23
625,Nathan Watkins,yprice@example.net,Norway,2022-04-12,Standard,20886.66
626,Joseph Flowers,blevy@example.org,Guadeloupe,2021-07-04,Basic,2784.73
627,Richard Williams,,Kuwait,2020-10-26,Premium,31066.03
628,Sheila Herrera,sandyjohnson@example.org,Liechtenstein,2022-12-20,Premium,45583.17
629,Kaitlin Hardin,sanchezdeborah@example.org,China,2022-02-15,Basic,27376.10
630,Summer Hoover,bryantgeorge@example.net,Bahrain,2024-10-07,Premium,38829.72
631,Ashley Crawford,bryanharris@example.com,Sudan,2020-03-03,Standard,22495.86
632,Nancy Morales,daughertybarbara@example.org,Gibraltar,2018-11-02,Premium,48127.51
633,Rebecca Duran,matthewmartinez@example.org,Saudi Arabia,2023-10-06,Premium,18922.19
634,Michael Tran,lsanchez@example.org,Burkina Faso,2022-10-22,Standard,27874.27
635,Ryan Salazar,alexistucker@example.org,Albania,2019-06-17,Premium,29240.90
636,Brandon Pearson,robert72@example.org,Cambodia,2020-11-10,Premium,16595.08
637,Kelly Jenkins,cheryljohnson@example.org,Saint Barthelemy,2019-09-27,Premium,7769.80
638,Dr. Mark Patton MD,grantjames@example.net,Bhutan,2021-08-14,Basic,2637.69
639,Shari Hatfield,stevensims@example.org,Falkland Islands (Malvinas),2024-11-26,Basic,15127.63
640,Brian Hernandez,kjimenez@example.net,Uzbekistan,2024-06-03,Basic,17968.47
641,Matthew Mitchell,nking@example.com,Aruba,2021-07-25,Basic,11076.10
642,Anthony Medina,kristenwashington@example.org,Barbados,2020-01-24,Basic,3502.01
643,Mikayla Watkins,robert53@example.org,Greece,2023-09-01,Premium,20854.97
644,David Gutierrez,nicholaswalker@example.com,Myanmar,2024-01-09,Standard,4688.08
645,Dr. Charles Reilly,xthompson@example.org,Kuwait,2020-06-25,Premium,33200.39
646,Lynn Cantrell,matthewjohnson@example.net,Bahamas,2021-09-18,Standard,14749.36
647,Brian Owens,vjackson@example.org,Turks and Caicos Islands,2024-12-07,Basic,23795.37
648,Christopher Norton,belindatran@example.org,Benin,2024-04-18,Basic,539.30
649,Joseph Atkins,brittanyhood@example.com,American Samoa,2021-11-18,Standard,12093.36
650,Nancy Wright,ryan39@example.org,United States Minor Outlying Islands,2024-11-18,Basic,12266.98
651,Abigail Baird,esparzajessica@example.net,Antigua and Barbuda,2018-06-13,Basic,44294.44
652,James Pacheco,chavezjohn@example.net,Sao Tome and Principe,2022-04-12,Premium,19355.21
653,Nicholas Dodson,michaelallen@example.org,Andorra,2024-01-22,Basic,14213.17
654,Eric Warner,braysteven@example.org,Tunisia,2023-10-19,Standard,25764.02
655,Cathy Savage,apadilla@example.net,Barbados,2023-09-15,Standard,24391.55
656,Michael Schmidt,ronald49@example.net,Morocco,2021-04-29,Basic,9706.37
657,Rachel Miller,jill08@example.net,Haiti,2023-10-06,Premium,47415.77
658,Ashley Diaz,diazgregory@example.net,Romania,2019-11-17,Basic,26706.97
659,Michael Harris,john17@example.net,Wallis and Futuna,2018-09-26,Premium,33549.72
660,Shelby Warner,lukehurst@example.net,Pitcairn Islands,2020-05-23,Basic,21268.05
661,Anthony Watson,htucker@example.org,Latvia,2019-03-02,Premium,26933.94
662,Meghan Patel,shannon51@example.org,Uganda,2022-11-18,Basic,40856.04
663,Anita Myers,keithfrye@example.org,Chad,2018-10-23,Basic,34333.57
664,Michael Crawford,abigailburton@example.com,Israel,2018-04-08,Standard,35871.73
665,Kimberly Anderson,robert04@example.org,Bahrain,2018-06-05,Premium,3755.08
666,Robert Conley,robert55@example.com,Nauru,2019-12-31,Standard,27948.40
667,Kerri Kelley,itorres@example.com,Chile,2024-06-13,Premium,45558.23
668,Cristina Watson,kayla02@example.com,Finland,2022-07-28,Standard,22611.17
669,Christopher Glass,ian22@example.org,Dominica,2022-07-15,Standard,15888.57
670,Xavier Andrews,lgreen@example.org,Monaco,2022-05-15,Basic,6003.46
671,Mary Spence,nathanfernandez@example.org,Martinique,2018-01-25,Basic,36042.26
672,Thomas Sullivan,dmack@example.com,Cape Verde,2018-09-17,Basic,29321.84
673,Oscar Cantrell,deborah47@example.com,Western Sahara,2018-10-25,Standard,46409.58
674,Wendy Estrada,hmorgan@example.net,Lesotho,2019-03-11,Standard,39365.91
675,Brenda Pierce,angel93@example.com,Guinea-Bissau,2021-05-19,Basic,4416.61
676,Anthony Davidson,kimberlywang@example.org,Angola,2022-11-28,Standard,19816.15
677,Samuel Rhodes,daughertypreston@example.com,Ghana,2018-05-07,Standard,7900.54
678,Kayla Brown,raymond65@example.com,Holy See (Vatican City State),2020-06-19,Premium,37363.02
679,Gregory Parker,fsawyer@example.org,Saint Lucia,2024-02-14,Standard,48010.70
680,Natalie Perry,zroberts@example.net,Ukraine,2019-08-14,Standard,33896.72
681,Steven Taylor,thomaskevin@example.net,Grenada,2022-03-09,Premium,27720.86
682,Tyler Avila,smithdanielle@example.com,Israel,2024-03-23,Premium,6249.43
683,Joel Bradley,jamescollier@example.com,Micronesia,2018-01-21,Basic,29873.08
684,Rodney Turner MD,dhansen@example.org,Anguilla,2024-01-10,Basic,47354.27
685,Brittany Evans,qmartinez@example.com,Israel,2021-06-02,Premium,37440.00
686,Terry Newman,wilsonjoshua@example.org,Netherlands Antilles,2021-11-09,Premium,20691.46
687,Lauren Cunningham,courtney71@example.com,Malaysia,2023-10-01,Premium,8131.62
688,Alicia Green,thomassteven@example.net,Burkina Faso,2020-06-23,Basic,41753.94
689,Anthony Ward,,Vietnam,2020-03-06,Premium,9149.76
690,Cory Burton,georgegary@example.com,Tunisia,2024-05-12,Premium,42584.25
691,Ryan Marsh,gina51@example.net,Mozambique,2024-02-27,Standard,32269.26
692,Charles Taylor,nathan76@example.com,Uruguay,2018-10-27,Standard,33617.09
693,Ashley Moore,mariepope@example.net,Nicaragua,2020-10-23,Premium,9951.14
694,Tiffany Mathis,butlersabrina@example.org,Svalbard & Jan Mayen Islands,2024-07-06,Standard,47581.84
695,Alan Bailey,don79@example.net,Serbia,2022-01-02,Premium,33597.65
696,Carrie Torres,walkermelissa@example.org,Portugal,2020-08-18,Premium,14328.34
697,Calvin Anderson,colemankathryn@example.org,Belarus,2018-10-13,Premium,15957.52
698,John Reynolds,danielmcguire@example.net,Nauru,2023-01-20,Standard,30855.49
699,Bryan King,turneralex@example.org,Slovenia,2021-06-06,Basic,29250.08
700,Lance Matthews,jackbell@example.org,Cameroon,2024-05-05,Basic,18288.22
701,Teresa Rush,michael89@example.org,Madagascar,2021-07-19,Standard,8515.11
702,Annette Lane,ricejennifer@example.com,Chile,2021-07-06,Premium,39304.44
703,Kimberly Beltran,glasssamantha@example.net,Lebanon,2022-11-22,Standard,42021.49
704,Kevin Gonzales,whitemichael@example.com,Jamaica,2019-07-05,Basic,36675.34
705,Darren Rodriguez,david18@example.org,Lithuania,2023-05-20,Standard,22323.36
706,Michele Hawkins,millertristan@example.com,Finland,2021-06-05,Standard,27628.42
707,Noah Mcdaniel,aperez@example.com,Timor-Leste,2019-12-21,Basic,30370.72
708,Scott Jacobson,xcrosby@example.org,American Samoa,2021-02-23,Premium,44575.72
709,Mrs. Ashley Kim DDS,wilsonralph@example.net,Nauru,2020-03-15,Standard,36703.88
710,Natalie Stafford,calvinhester@example.com,Cook Islands,2018-11-10,Basic,3862.46
711,Wanda Martinez,rhardy@example.net,Seychelles,2018-03-18,Basic,31618.16
712,Denise Clarke,qkelly@example.net,Zambia,2024-07-11,Basic,20316.21
713,John Ramirez,qrodriguez@example.com,Luxembourg,2024-08-13,Premium,45324.55
714,Tommy Johnson,greertyrone@example.org,Christmas Island,2024-03-09,Standard,27219.12
715,Michael Hernandez,wolfdonna@example.net,Seychelles,2024-01-20,Standard,32730.02
716,John Carter MD,amy88@example.org,Zambia,2019-09-01,Standard,19685.67
717,Wanda Beard,reyesleonard@example.com,Kenya,2024-08-12,Basic,42872.49
718,Andrew Hawkins,nicole27@example.com,Burkina Faso,2019-07-03,Standard,25106.05
719,James Gallagher,rkeller@example.net,Montserrat,2019-01-06,Standard,18256.89
720,Justin Moore,myerstroy@example.com,Nicaragua,2018-02-13,Basic,12020.15
721,Pamela Mitchell,johnsonbrandon@example.com,Guernsey,2024-11-20,Basic,8375.59
722,Lauren Hubbard,oscar65@example.com,Isle of Man,2023-10-07,Premium,22366.40
723,Matthew Wright,brittany14@example.org,Guadeloupe,2020-01-04,Basic,47440.72
724,Joshua Johnson,,Angola,2019-08-22,Basic,36627.02
725,Leah Odom,uhudson@example.net,Bolivia,2022-01-09,Premium,11019.07
726,Ariel Leonard,tyler52@example.net,French Southern Territories,2023-06-21,Premium,3236.77
727,Jeffrey Crawford,pittmanamanda@example.com,Estonia,2022-02-22,Premium,2236.14
728,Zachary Morales,claudiarubio@example.net,Tanzania,2020-04-26,Basic,45395.53
729,Leslie Nelson,wsimmons@example.org,Pakistan,2022-01-19,Standard,23536.74
730,Kathy Evans,james64@example.net,Malaysia,2023-02-06,Premium,2091.24
731,Phillip White,burtonzachary@example.org,Morocco,2021-08-20,Premium,35216.44
732,Mr. Rodney Hurley III,umichael@example.net,Bahamas,2023-11-06,Basic,41499.39
733,Helen Hernandez,juliecannon@example.com,Isle of Man,2020-12-14,Basic,27263.07
734,Ronald Brown,meghanadams@example.com,Oman,2019-12-14,Standard,32718.40
735,Michael Young,daniellee@example.org,South Georgia and the South Sandwich Islands,2022-02-05,Basic,32701.49
736,Julie Castro,chenderson@example.org,Cayman Islands,2018-11-15,Basic,12654.16
737,Allen Clarke,donna20@example.net,Libyan Arab Jamahiriya,2020-07-01,Basic,20351.53
738,Amy Mosley,carolyn16@example.com,Paraguay,2021-11-14,Standard,39653.61
739,Ann Hahn,joelduncan@example.net,Venezuela,2024-10-10,Premium,25141.67
740,Matthew Carpenter,tyler13@example.net,British Virgin Islands,2019-07-24,Standard,8363.73
741,Emily Collier,vshaffer@example.org,Vietnam,2018-11-12,Basic,32209.50
742,Charles Thompson,scott49@example.org,Liechtenstein,2020-05-16,Premium,9426.59
743,Melissa Rodriguez,pwells@example.com,Turkmenistan,2022-01-23,Basic,35893.41
744,Brianna Alvarez,lori09@example.org,Tajikistan,2019-04-30,Basic,11594.28
745,Rebecca Brown,johnnycruz@example.net,Reunion,2021-09-14,Basic,5755.60
746,Robert Martinez,miaprice@example.com,Vanuatu,2023-05-16,Standard,10614.13
747,Dawn Davis,kennethvillarreal@example.org,United States Virgin Islands,2019-10-23,Basic,41684.91
748,Evan Burnett,rmccormick@example.org,Swaziland,2018-04-02,Premium,2252.90
749,Katherine Mclaughlin,jennifer12@example.net,Eritrea,2024-06-07,Basic,8140.34
750,Heather Guzman,,Norway,2023-10-01,Premium,44550.80
751,Jeremy Davidson,moralescourtney@example.com,Morocco,2019-08-25,Premium,8400.43
752,Christopher Black,melaniejennings@example.com,Korea,2020-01-08,Basic,47916.09
753,Nicholas Green,lauren31@example.com,Heard Island and McDonald Islands,2024-09-20,Basic,31917.37
754,Shawn Duffy,andrewjohnson@example.net,Oman,2021-03-07,Premium,10908.01
755,Crystal Davis,sgonzalez@example.org,Australia,2024-10-20,Standard,43378.39
756,Jeffrey Green,rubiogeorge@example.net,British Indian Ocean Territory (Chagos Archipelago),2019-11-30,Premium,41535.14
757,Joseph Ayala,fwilcox@example.org,Czech Republic,2024-09-27,Premium,39751.34
758,Cheryl Atkins,keith76@example.org,Jersey,2020-01-15,Basic,33016.47
759,Lindsay Carney,jessica36@example.org,Ireland,2020-12-19,Premium,36236.92
760,Alyssa Cherry,christinesolomon@example.com,Myanmar,2021-11-04,Standard,29867.01
761,Judith Smith,monicamccann@example.com,Poland,2018-10-09,Premium,18972.75
762,James Henderson,charles80@example.org,Grenada,2019-06-26,Premium,926.48
763,Kaitlin Gomez,smithwilliam@example.com,Gabon,2023-11-12,Basic,34249.95
764,Megan Anderson,carpenterjorge@example.net,Lithuania,2019-09-05,Basic,4905.30
765,Sherry Anderson,jennifer62@example.com,Brazil,2023-05-04,Basic,30030.71
766,William Porter,julie64@example.com,New Zealand,2023-12-17,Basic,37643.92
767,Tammy Black,ustafford@example.net,Liechtenstein,2019-01-17,Standard,33003.69
768,Brittany Farrell,jbrown@example.org,Denmark,2024-10-07,Basic,41393.34
769,John Martin,fgraham@example.org,Kenya,2022-11-03,Basic,21092.13
770,Michael Washington,urodriguez@example.org,British Virgin Islands,2018-06-27,Basic,26537.84
771,Dalton Mitchell,karencarson@example.net,Uganda,2020-07-28,Standard,39498.82
772,Christy Bolton,foxashley@example.com,Uruguay,2022-04-11,Standard,29493.50
773,Randy Rhodes,anthony16@example.com,Nauru,2024-06-17,Premium,21331.92
774,Ashley Morris,millermariah@example.net,Lesotho,2020-11-08,Standard,38316.36
775,Tyler Wheeler,riverabradley@example.net,Zambia,2018-12-10,Standard,29954.79
776,Travis Cooke,jasonwilliams@example.net,Finland,2024-02-06,Standard,12964.47
777,Anthony Jones,qdavis@example.org,Dominican Republic,2018-01-23,Basic,37207.92
778,Sharon Davis,frankchan@example.com,Oman,2018-01-30,Basic,26174.78
779,Martha Martinez,vowen@example.com,United Kingdom,2023-10-30,Premium,18813.99
780,Bonnie Wade,william77@example.com,Lebanon,2020-04-21,Basic,40233.93
781,Kyle Davis,nshepherd@example.org,Jordan,2022-08-02,Standard,5418.50
782,Anna Palmer,prhodes@example.net,Rwanda,2022-10-12,Basic,29309.97
783,Jon Soto,robertssamuel@example.com,French Southern Territories,2020-12-06,Basic,21235.72
784,Carl Leach,alexandraphillips@example.org,Micronesia,2022-02-06,Basic,13850.47
785,Andrew Rodriguez,dgutierrez@example.net,Saint Helena,2022-06-16,Premium,20720.09
786,Dawn Scott,mackallen@example.net,Panama,2024-04-02,Standard,9018.11
787,Richard Cameron,millernancy@example.com,Germany,2024-04-09,Basic,24239.63
788,Jordan Santiago,matthew23@example.org,Belgium,2021-06-10,Basic,17283.38
789,Lindsey Savage,hamiltonandrew@example.com,Brazil,2022-06-19,Basic,6989.62
790,Matthew Stevens,vmelton@example.net,Saint Kitts and Nevis,2019-05-03,Basic,11565.59
791,Mr. William Ward,fballard@example.org,Burkina Faso,2019-10-25,Premium,10801.46
792,Brian Smith,micheleclark@example.net,Cameroon,2022-06-29,Standard,40062.60
793,Jessica Garrett,christophercarrillo@example.org,Lebanon,2024-11-20,Basic,34259.77
794,Bruce Barrera,emaynard@example.org,Tokelau,2018-08-02,Premium,19516.27
795,David Phillips,awilliams@example.org,Norfolk Island,2018-01-22,Premium,41180.45
796,Jessica Perry,mmclaughlin@example.net,Micronesia,2023-04-16,Basic,21825.33
797,Mrs. Jennifer Palmer DDS,dhall@example.net,Andorra,2018-09-20,Standard,11166.34
798,Ethan Brown,hsmall@example.com,Nigeria,2018-11-24,Basic,1983.99
799,Hannah Terry,martinjessica@example.com,Guatemala,2022-04-24,Standard,30736.88
800,Jordan Matthews,sandra72@example.com,Saint Kitts and Nevis,2023-11-05,Standard,35609.13
801,Toni Whitaker,laura29@example.org,Finland,2024-09-13,Premium,47291.22
802,Angelica Webb,jamesobrien@example.org,South Africa,2019-12-19,Basic,24768.98
803,Xavier Torres,angelakidd@example.com,Turkmenistan,2018-02-13,Premium,42543.33
804,Michael Thompson,romanmatthew@example.org,Niger,2023-10-24,Standard,9817.85
805,Justin Tucker,kristen08@example.com,Ukraine,2024-09-21,Basic,25839.10
806,Michael Robertson,mccarthysara@example.com,South Georgia and the South Sandwich Islands,2020-08-06,Basic,8557.20
807,Ryan Rodriguez,harringtonchelsea@example.org,Swaziland,2018-05-28,Standard,12038.91
808,Katie Jackson,pittsrhonda@example.org,Saint Lucia,2018-01-02,Premium,4433.46
809,Jeremy Hunter,mooremichael@example.org,British Virgin Islands,2021-02-04,Standard,17721.07
810,Jessica Perry,sanchezlisa@example.com,France,2022-06-07,Standard,29345.40
811,Angela Watson,qward@example.org,Canada,2023-10-22,Premium,36872.58
812,Kendra Cobb,lauriegutierrez@example.com,Ukraine,2018-10-09,Premium,27524.67
813,Samuel Norton,sherry72@example.org,Saint Barthelemy,2024-04-09,Basic,17469.95
814,Terri Miller,richard26@example.org,India,2021-02-06,Premium,30357.53
815,Mary May,levinetina@example.net,Turkey,2020-03-07,Standard,46492.72
816,Elizabeth Morales,jennifer55@example.org,Sweden,2024-06-12,Premium,13129.26
817,Joseph Knapp,ngriffin@example.net,Nigeria,2022-07-26,Basic,5412.60
818,Marissa Terry,trowe@example.org,Argentina,2018-10-24,Basic,14783.17
819,Jean Higgins,abigailfernandez@example.org,Bermuda,2019-04-25,Basic,47839.80
820,Emily Peterson,andrewzamora@example.net,Nauru,2024-01-13,Basic,12582.06
821,Ronnie Torres,,Bahamas,2022-12-19,Standard,28202.11
822,Debbie Romero,williamsdebra@example.org,Kiribati,2020-09-23,Standard,48065.81
823,Norman Chavez,lindazhang@example.net,Rwanda,2023-02-23,Basic,23089.95
824,Lori Ferguson,michaelmitchell@example.net,Montserrat,2024-07-31,Premium,24150.31
825,Michelle Stone,danielblack@example.org,Swaziland,2020-11-22,Premium,19195.39
826,Jordan Thomas,fpoole@example.org,Bahamas,2020-06-21,Basic,35088.69
827,Carlos Lewis,woodalicia@example.net,Monaco,2021-07-17,Standard,47776.74
828,Jennifer Baker,cfields@example.net,Venezuela,2023-10-17,Basic,585.19
829,Monique Butler,drewmartinez@example.net,Kuwait,2020-12-14,Premium,14435.75
830,Michael Boyer,bensonstanley@example.org,San Marino,2022-06-23,Basic,37464.53
831,Justin Dorsey,guzmanricky@example.org,Heard Island and McDonald Islands,2021-11-01,Premium,27772.12
832,Amanda Hernandez,kevin54@example.com,Libyan Arab Jamahiriya,2020-01-02,Standard,15762.25
833,Charles Bowers,twilliams@example.com,Cuba,2020-06-14,Basic,13526.88
834,Patrick Smith,carlos06@example.com,Montserrat,2020-02-18,Standard,36881.90
835,Jesse Morgan,ualvarez@example.net,Bulgaria,2020-08-19,Basic,12178.62
836,Kathy Murray,jcontreras@example.net,Greece,2020-12-23,Premium,11537.46
837,Mario Hanson,zhall@example.com,Mauritius,2020-10-19,Basic,17865.77
838,Michael Ramos,debbie20@example.net,Norfolk Island,2019-03-13,Premium,46017.39
839,Michelle Hoffman,schneiderchristopher@example.net,Mauritius,2023-07-11,Basic,430.52
840,Amy Hudson,karenshaw@example.org,British Indian Ocean Territory (Chagos Archipelago),2024-01-27,Premium,42415.73
841,Kim Rivers,kristin39@example.com,Belize,2022-03-01,Basic,15839.30
842,Lisa Morales,henrysarah@example.com,Jordan,2024-06-11,Standard,24591.19
843,Alexander Rice,hscott@example.org,Mauritius,2023-09-25,Standard,19954.19
844,Charles Scott,moorestephanie@example.net,Chile,2024-06-20,Premium,2801.99
845,Tyrone White,evanscorey@example.org,Isle of Man,2022-09-30,Standard,46988.76
846,Deanna David,williamsjohn@example.net,Namibia,2018-05-14,Basic,17429.72
847,Jordan Gordon,adamslucas@example.net,Ireland,2019-12-17,Standard,48827.71
848,Allen Schultz,adamstabitha@example.net,Bolivia,2023-10-24,Standard,15851.00
849,Justin Glover,ashley71@example.net,Macao,2018-02-04,Premium,33737.74
850,Walter Brooks,kimberlymedina@example.com,United States Minor Outlying Islands,2022-04-04,Basic,5127.32
851,Amanda Hess,denise20@example.org,Venezuela,2022-01-21,Basic,43105.92
852,Denise King,okidd@example.org,Myanmar,2020-02-06,Basic,13216.17
853,Diana Martin,turnerrandall@example.org,Switzerland,2021-01-08,Standard,47930.49
854,Justin Ramirez,gclark@example.com,Turks and Caicos Islands,2021-11-06,Standard,9277.29
855,Grace Green,qnelson@example.com,Guam,2022-10-03,Premium,21012.74
856,Tyler Murphy,deborahsmith@example.com,Albania,2022-03-05,Standard,42730.87
857,Megan Gutierrez,ifarmer@example.org,Solomon Islands,2021-02-19,Standard,9076.47
858,Marilyn Ryan,wchambers@example.com,Sweden,2019-06-22,Basic,34331.99
859,Jasmine Combs,martinezmitchell@example.org,Kenya,2019-02-14,Basic,13570.46
860,Patrick Chang,james94@example.net,Cyprus,2020-08-23,Basic,21667.72
861,Johnny Cox,trevor93@example.org,Congo,2022-04-10,Premium,7377.60
862,Miss Ashley Ramirez,mjackson@example.net,Saint Vincent and the Grenadines,2019-09-05,Standard,40302.85
863,Melanie Cunningham,chapmanjulie@example.org,Eritrea,2019-12-25,Standard,25029.93
864,Savannah Ibarra,james08@example.net,El Salvador,2023-10-19,Basic,36055.96
865,Sonya Smith,pdavidson@example.org,Timor-Leste,2023-06-17,Standard,12623.60
866,Jessica Carney,david87@example.com,Guyana,2024-05-14,Premium,19980.25
867,Amanda Griffith,ramirezrobert@example.com,Germany,2019-11-01,Premium,10851.82
868,Cory Miller,mooneyjeremiah@example.net,Jamaica,2020-11-07,Standard,41964.69
869,Sylvia Gonzalez,lance10@example.com,Jersey,2019-01-30,Standard,37255.20
870,Leslie Sims,mary31@example.com,Dominican Republic,2020-11-30,Standard,18079.30
871,Sandra Underwood,sherryparsons@example.net,Kazakhstan,2024-04-02,Standard,17272.60
872,Lori Riley,villegassabrina@example.com,Germany,2022-08-14,Premium,17619.42
873,Melissa Patton,ellisonscott@example.com,New Zealand,2024-10-16,Premium,28885.00
874,Andrea Byrd,phillipspatrick@example.org,Niger,2024-01-15,Premium,48970.72
875,Crystal Greene,chavezsteven@example.com,Turkmenistan,2021-03-11,Standard,16322.01
876,Ashley Curtis,gibsonmark@example.org,Botswana,2023-09-22,Standard,38759.74
877,Kurt Jones,rebeccamartinez@example.net,Equatorial Guinea,2023-01-05,Premium,19115.44
878,John Oliver,johnrobles@example.org,Brunei Darussalam,2021-03-19,Standard,31622.44
879,Jeffrey Moyer,larry82@example.org,Latvia,2019-08-17,Premium,32064.97
880,Grant Wood,holmesdiane@example.org,Azerbaijan,2021-10-13,Standard,31600.54
881,Robert Hansen,hendersonjames@example.org,Northern Mariana Islands,2024-05-30,Standard,42460.15
882,Rachel Peterson,dneal@example.net,Puerto Rico,2018-10-20,Premium,8183.77
883,Kenneth Mccarty,robert21@example.com,Turkey,2020-07-23,Standard,15912.22
884,Amanda Robinson,fowlerheather@example.com,Nigeria,2021-04-08,Basic,13446.87
885,John Tate,lindsay63@example.com,Colombia,2022-06-08,Standard,44395.82
886,Adriana Smith,anthony12@example.com,Kazakhstan,2022-01-27,Basic,29387.30
887,Kevin Cannon,hesterjames@example.com,China,2023-01-19,Standard,8449.17
888,Dennis Thompson,gregorysmith@example.com,United States Minor Outlying Islands,2018-04-05,Premium,36415.84
889,Ronald Taylor,morganjason@example.com,Dominican Republic,2020-10-27,Basic,35064.78
890,Jaime Jackson,ejohns@example.org,Cambodia,2018-11-24,Premium,8428.83
891,Bianca Lopez,ubenson@example.net,Japan,2019-02-26,Premium,3283.24
892,Dana Williams,melissaphillips@example.org,Greece,2023-04-23,Basic,2785.89
893,Mark Ramirez,melissaschmitt@example.com,Cote d'Ivoire,2022-06-15,Basic,38273.32
894,Rachel Gibbs,jacksonpaul@example.net,Sao Tome and Principe,2018-12-07,Premium,13196.37
895,Kathleen Marshall,jennifer87@example.net,Zimbabwe,2019-09-29,Premium,32776.15
896,Derrick Morales DVM,clarkpatricia@example.com,Tokelau,2022-05-16,Standard,11544.86
897,Daniel Coleman,xduncan@example.com,Mexico,2021-03-09,Standard,31361.39
898,Paul Phillips,jerry07@example.net,Nigeria,2019-06-22,Basic,41942.04
899,Jerry Reynolds,linda54@example.com,Anguilla,2018-04-28,Premium,33211.10
900,David Brewer,rachel48@example.net,Mayotte,2021-08-25,Standard,23412.95
901,Rachel House,wilsonmichael@example.net,Cook Islands,2024-01-24,Standard,27472.41
902,Michael Wright,james92@example.net,Saint Vincent and the Grenadines,2019-07-08,Basic,27010.45
903,Debbie Carrillo,lynn66@example.net,Saudi Arabia,2024-08-17,Basic,22881.52
904,Kaitlyn Hunt,michelleperez@example.net,San Marino,2024-04-29,Standard,26220.64
905,David Matthews,dsharp@example.com,Somalia,2023-12-27,Standard,45455.27
906,Ryan Patterson,cclark@example.net,Antarctica (the territory South of 60 deg S),2023-05-27,Basic,11433.71
907,Kenneth Anderson,porterdonna@example.com,Guadeloupe,2019-01-02,Standard,15462.62
908,Jeffery Goodwin,mark09@example.org,Uzbekistan,2022-08-16,Standard,7870.31
909,William Gamble,nbaird@example.com,Bahrain,2018-02-13,Premium,26213.48
910,Chelsea Rodriguez,tfowler@example.org,Chile,2019-07-13,Standard,14409.44
911,Juan Johnson,mjohnson@example.org,United States Minor Outlying Islands,2024-01-01,Premium,34419.72
912,Diane Hall,gibsonmiguel@example.org,Chile,2023-07-08,Standard,15050.56
913,Theodore Myers,andersonrobert@example.net,Bangladesh,2022-10-30,Standard,29890.49
914,Steven Clark,kylemeyers@example.net,Lebanon,2018-01-30,Basic,18744.83
915,Kenneth Collins,waynecohen@example.com,Cook Islands,2022-08-14,Basic,21911.61
916,Charles Brown,pjacobs@example.net,Greenland,2020-10-20,Premium,35775.41
917,Sherry Stevens,mclaughlinkeith@example.com,Guatemala,2022-05-16,Standard,11107.56
918,Michelle Evans,robertwhite@example.net,Saint Martin,2018-11-21,Standard,31303.62
919,James Hopkins,longsonya@example.org,Turks and Caicos Islands,2023-10-18,Basic,40397.99
920,Denise Fuller,elizabeth13@example.com,Isle of Man,2021-01-18,Standard,32458.01
921,Kristen Carney MD,gordonkimberly@example.com,Korea,2023-12-19,Standard,20703.90
922,Daniel Williams,jonesheather@example.net,Kyrgyz Republic,2018-10-08,Premium,6917.54
923,Patrick Foley,qjohnson@example.org,Russian Federation,2019-03-29,Basic,22821.62
924,Erin Goodman,fmurray@example.net,Palestinian Territory,2023-01-29,Standard,35053.58
925,Travis Taylor,mckenzie20@example.net,Bolivia,2023-07-09,Premium,16100.12
926,Caleb Figueroa,chrisgallagher@example.net,Faroe Islands,2019-09-16,Premium,48488.84
927,Hunter Robinson,staffordamanda@example.com,Qatar,2018-04-01,Premium,48619.40
928,Mark Mills,myerskyle@example.org,Netherlands Antilles,2021-03-01,Standard,6339.46
929,Raymond Wang,nicholasallen@example.org,Andorra,2022-12-01,Basic,509.38
930,William Rogers,erinbrown@example.org,South Georgia and the South Sandwich Islands,2019-01-05,Premium,834.77
931,Mary Ramsey,perrydaniel@example.com,Gibraltar,2020-06-08,Standard,21070.13
932,Chelsey Clark,hmcmillan@example.org,Croatia,2023-08-04,Standard,23237.85
933,Frank Smith,alexander37@example.org,Bahrain,2018-05-10,Standard,4103.13
934,Diana Hanson,jonesjeffery@example.com,Seychelles,2019-08-22,Premium,13398.53
935,Victoria Garcia,johnathandavis@example.com,Norfolk Island,2022-05-27,Premium,27205.28
936,Megan Compton,martinreid@example.net,Ghana,2020-01-14,Premium,44795.38
937,Mary Jones,franklinbrenda@example.com,Malawi,2020-10-21,Standard,41429.78
938,Crystal Matthews,hallchristina@example.org,Georgia,2019-05-15,Basic,12523.22
939,Jeffrey Sanchez,brownnicholas@example.com,Cook Islands,2022-12-20,Premium,36907.19
940,Dan Johnson,vstevenson@example.org,Fiji,2018-05-18,Premium,23095.65
941,Richard Williams,swong@example.org,Denmark,2019-01-20,Basic,33333.79
942,Erin Allen,knoxelizabeth@example.org,Spain,2020-05-03,Standard,19517.24
943,Michelle Franklin,lboyd@example.com,Norfolk Island,2021-07-02,Standard,8014.71
944,Sergio Jones,brettbraun@example.org,Brunei Darussalam,2018-06-22,Basic,46877.30
945,Kevin Guerra,joelmiller@example.net,Lao People's Democratic Republic,2023-11-04,Premium,12740.31
946,Nathan Sanchez,catherineturner@example.net,Kiribati,2021-05-08,Premium,18085.29
947,Christina Huffman,xmiller@example.com,Honduras,2018-08-02,Basic,10967.63
948,Jeremy Wagner,ywolf@example.com,Angola,2019-04-08,Premium,31682.16
949,Jessica Miller,brooke28@example.net,China,2021-08-22,Premium,8451.28
950,John Chavez,ehart@example.org,Grenada,2021-02-04,Basic,6070.51
951,John Moore,adamhensley@example.net,Saint Kitts and Nevis,2020-09-22,Premium,48444.86
952,Jared Perry,xwaller@example.com,Liechtenstein,2024-07-08,Basic,23816.01
953,William Jones,riddledavid@example.net,Central African Republic,2024-09-08,Premium,18632.79
954,Jeffrey Scott,william75@example.net,Azerbaijan,2019-01-02,Premium,7969.15
955,Tammy Fitzgerald,timdorsey@example.com,Norfolk Island,2019-01-10,Basic,30970.38
956,Alyssa Wade,josegibson@example.net,Cameroon,2018-09-03,Premium,17840.33
957,Lance Lynn,alexanderwise@example.net,Rwanda,2019-09-23,Basic,26864.03
958,Jennifer Willis,stonejacob@example.com,Chad,2019-03-16,Premium,24443.36
959,Dawn Turner,uwillis@example.com,Sao Tome and Principe,2021-07-21,Basic,39449.24
960,Monica Davis,lisa43@example.net,Indonesia,2021-11-23,Standard,36686.12
961,Abigail Jackson,esmith@example.net,Israel,2018-03-29,Basic,18950.67
962,Mary Quinn,gregorylopez@example.org,Congo,2019-07-06,Standard,44943.29
963,Mr. Brian Bradley,jacobbrown@example.org,Sudan,2023-06-11,Basic,21931.25
964,Deanna Barrera,nalexander@example.org,Trinidad and Tobago,2021-04-22,Basic,34882.18
965,Angela Miller,hillmatthew@example.net,Dominica,2020-02-17,Basic,9412.67
966,Michael Garcia,adamsstephanie@example.net,Myanmar,2021-11-25,Standard,36646.88
967,Amanda Clark,bennettabigail@example.com,Venezuela,2021-02-01,Basic,45732.25
968,Dr. Larry Rogers,yvonne35@example.net,Iran,2024-03-21,Premium,3536.94
969,Anthony Kelly,linda07@example.net,Iran,2019-09-27,Standard,14854.07
970,Stacy Taylor,meltonjoshua@example.net,Sao Tome and Principe,2020-12-14,Basic,18418.92
971,Isabella Montgomery,qrobertson@example.org,Afghanistan,2018-01-03,Basic,25347.29
972,Dr. Robin Smith,morgan57@example.org,New Caledonia,2020-01-30,Premium,31024.76
973,Dr. Robert Bailey,shatfield@example.org,Saint Martin,2022-01-31,Basic,12015.45
974,Lawrence Joseph,andersonlaura@example.com,Syrian Arab Republic,2018-09-17,Basic,48361.44
975,Kimberly Baxter,peggyfriedman@example.com,Panama,2022-05-07,Premium,26251.08
976,Dana Jackson,garciavictoria@example.org,Central African Republic,2023-07-31,Basic,7791.16
977,Erin Reyes,jeffrey47@example.net,British Virgin Islands,2021-03-05,Standard,20549.25
978,Tammy Schultz,sdavis@example.com,Tunisia,2021-08-12,Premium,4903.19
979,Kenneth Bradshaw,schneidernicholas@example.net,Samoa,2018-10-01,Premium,41776.15
980,Jane May,ostokes@example.com,Brazil,2019-06-16,Premium,43687.29
981,Brian Peterson,juliewilson@example.com,Brunei Darussalam,2020-04-07,Premium,24319.98
982,Tiffany Ray,collinsbrittany@example.org,Tanzania,2019-02-09,Premium,28593.51
983,Jeff Wise,aprilguzman@example.org,Botswana,2022-05-11,Basic,24546.49
984,Joshua Murray,lisaphillips@example.org,Luxembourg,2024-12-30,Basic,29556.02
985,Brittany Campbell,georgekyle@example.net,British Virgin Islands,2018-07-21,Standard,11114.07
986,Ryan Berry,troypadilla@example.com,Bahamas,2018-10-18,Premium,46517.53
987,Mrs. Samantha Clark,isabellawilliams@example.org,Togo,2020-05-04,Basic,24621.13
988,Mr. William Hopkins,vickiekelley@example.com,Jamaica,2018-11-24,Standard,40070.90
989,Wanda Todd,ujones@example.com,Finland,2018-09-06,Standard,27945.19
990,Chloe Chase,udavis@example.net,Tonga,2022-08-31,Standard,39733.05
991,Sarah Mckinney,kpena@example.org,Kenya,2018-08-27,Basic,13364.20
992,Doris Thomas,lindagonzalez@example.net,Algeria,2018-06-16,Basic,3612.37
993,Scott Garcia,nicholasmcgrath@example.net,Tajikistan,2021-05-29,Premium,47235.71
994,Anthony Kelly,dwhite@example.org,Malaysia,2023-10-29,Premium,5151.13
995,Leslie Booker,hsanchez@example.org,Indonesia,2020-08-04,Basic,19328.02
996,Michael Blevins DDS,yparsons@example.net,Palestinian Territory,2020-03-02,Basic,32878.14
997,John Meyers,phill@example.com,Heard Island and McDonald Islands,2024-05-23,Basic,47380.42
998,Bruce Martinez,andrewberry@example.net,Lesotho,2024-04-06,Basic,27951.27
999,Patrick Bauer,patrickcooke@example.net,Jordan,2019-03-09,Basic,28870.53
1000,Calvin Nguyen,richardhaynes@example.com,Moldova,2023-02-22,Basic,33295.59
1001,Rachel Moreno,stonebrenda@example.net,Svalbard & Jan Mayen Islands,2019-03-03,Premium,39643.83
1002,Becky Mullins,whitecarol@example.org,Albania,2024-03-02,Standard,25284.17
1003,Rebecca Martinez,baileydelgado@example.org,Monaco,2019-10-10,Basic,49921.84
1004,Paul Miller,huntermichael@example.net,Chile,2022-12-20,Standard,45134.00
1005,Tony Smith,brandon84@example.net,Martinique,2024-03-03,Standard,42258.22
1006,Kenneth Neal,catherine83@example.net,Bolivia,2022-08-16,Basic,21586.34
1007,Amanda Johnson,kevinwall@example.org,Netherlands,2021-08-17,Basic,12112.06
1008,Leslie Ramirez,qjones@example.com,Hong Kong,2024-02-13,Premium,18815.65
1009,Carla Bryant,erica28@example.org,Barbados,2024-03-03,Basic,12779.05
1010,Debra Schultz,jenniferelliott@example.net,Swaziland,2023-01-28,Standard,47995.24
1011,Carly Underwood,victoria66@example.org,Netherlands,2018-01-01,Basic,1829.68
1012,Devin Schmidt,ojones@example.org,Guyana,2021-03-11,Basic,913.49
1013,Paula Thomas,joshuagarcia@example.org,Honduras,2019-07-08,Standard,427.78
1014,Rachel Martinez,brianna71@example.net,Guernsey,2020-06-27,Premium,42800.45
1015,Sharon Arnold,mosleygeorge@example.com,Cocos (Keeling) Islands,2018-03-30,Basic,41134.64
1016,Patrick Faulkner,iwoods@example.com,Algeria,2024-03-17,Basic,27860.52
1017,Michelle Sandoval,nicholasmoss@example.org,Uruguay,2024-05-30,Premium,4804.93
1018,Vanessa Zimmerman,erikabarnes@example.com,Cocos (Keeling) Islands,2023-03-01,Standard,7889.74
1019,Hector Harrison,joshua68@example.net,Turkmenistan,2020-12-21,Standard,44492.31
1020,Crystal Reid,mezarichard@example.com,Tanzania,2020-10-20,Premium,12886.57
1021,Bobby Blair,martinbrian@example.net,France,2021-05-15,Premium,28567.31
1022,Katherine Baxter,urhodes@example.org,Lesotho,2024-05-19,Premium,36739.87
1023,Mr. Michael Patel Jr.,jensenrhonda@example.net,Albania,2021-08-22,Standard,8727.83
1024,Michele Brady,virginiaguerrero@example.net,Poland,2024-06-18,Premium,29802.04
1025,Lisa Oconnell,gregoryrichardson@example.org,Malaysia,2021-05-15,Premium,36566.39
1026,Anthony Simpson,nathanielwilson@example.net,Egypt,2024-06-18,Standard,4016.02
1027,Sarah Hodge,kevin44@example.org,Afghanistan,2018-08-18,Standard,17461.72
1028,Laura Robinson,sarah80@example.com,Uganda,2022-11-14,Standard,46519.28
1029,Katherine Kelly,wmurphy@example.org,Albania,2019-05-09,Premium,37409.16
1030,Nathan Morales,garciatravis@example.org,Marshall Islands,2024-10-03,Premium,31730.97
1031,Brittany Martinez,xsmith@example.net,El Salvador,2022-04-16,Premium,15308.69
1032,James Evans,imcclain@example.com,Botswana,2018-06-18,Standard,27042.49
1033,Mary Gonzales MD,tsmith@example.org,Bouvet Island (Bouvetoya),2019-09-05,Standard,25169.84
1034,Andrew Foster,rachel23@example.com,Papua New Guinea,2020-06-23,Premium,2620.94
1035,Mrs. Katherine Simpson,markduran@example.com,Macao,2022-05-29,Standard,37666.73
1036,Natalie Petersen,danielrodriguez@example.org,Brunei Darussalam,2024-06-14,Basic,4595.14
1037,Jonathan Saunders,brettgallegos@example.com,Nepal,2022-11-05,Standard,39339.78
1038,Jessica Roberts,bmiller@example.org,Niger,2019-08-30,Premium,16874.79
1039,Jorge Wright,linvirginia@example.org,Papua New Guinea,2023-05-04,Basic,37291.22
1040,Christina Mccarthy,hayneswayne@example.org,Comoros,2024-02-24,Standard,13201.64
1041,Leslie Walters MD,richardhill@example.org,Vanuatu,2022-06-21,Basic,21781.11
1042,Alan Gonzalez,jamesalicia@example.net,North Macedonia,2019-06-19,Premium,24098.03
1043,Courtney Simmons,hicksdawn@example.com,Bouvet Island (Bouvetoya),2020-03-22,Standard,19826.41
1044,Douglas Bell,dwright@example.org,Armenia,2024-05-29,Premium,28102.26
1045,Matthew Morris,thomas91@example.com,Colombia,2023-11-18,Premium,12191.52
1046,John Cook,davisalexander@example.net,Sierra Leone,2020-12-26,Standard,16238.24
1047,Erin Figueroa,julia98@example.net,Holy See (Vatican City State),2024-06-17,Premium,5715.24
1048,Donald Silva,eatondavid@example.net,Netherlands,2022-08-22,Standard,18326.86
1049,Kevin Barr,jamesgriffin@example.org,Belarus,2020-02-20,Standard,17291.79
1050,Lisa Turner,mmayo@example.net,Saint Helena,2018-04-10,Standard,8545.84
1051,Carl Barnes,patricia85@example.com,Kiribati,2021-12-03,Basic,41097.04
1052,Autumn Graham,gbarnes@example.org,Chad,2022-12-17,Basic,7376.34
1053,Melissa Anderson,sosabruce@example.net,Comoros,2018-07-03,Premium,10064.29
1054,Jennifer Cohen,martinkaren@example.com,Monaco,2022-03-12,Premium,37910.92
1055,Jennifer Nelson,adamarmstrong@example.net,Qatar,2018-12-18,Premium,37005.12
1056,Timothy Hunt,kevin34@example.net,Ethiopia,2020-09-22,Basic,46343.81
1057,Carolyn Williams,kellybowman@example.com,Vanuatu,2021-03-24,Premium,17229.24
1058,Shane Williams,veronicaclark@example.org,Afghanistan,2019-04-01,Standard,22558.07
1059,Mackenzie Compton,christopher84@example.net,Burkina Faso,2018-04-04,Standard,10529.58
1060,Logan Nguyen,garrettalex@example.com,Cyprus,2024-01-13,Premium,10269.69
1061,Diana Scott,medinatiffany@example.net,Botswana,2023-11-14,Standard,27485.12
1062,Melissa Bautista,molly98@example.org,Svalbard & Jan Mayen Islands,2024-12-26,Basic,49615.88
1063,Frederick Harris,omoore@example.net,Saint Kitts and Nevis,2018-03-17,Standard,29191.95
1064,Charles Mendoza,lwhite@example.org,Comoros,2023-11-28,Premium,12847.27
1065,Terri White,andrew22@example.com,Poland,2018-09-04,Standard,10114.73
1066,Andrea Jones,spencerbrewer@example.com,Bolivia,2024-12-06,Standard,2748.95
1067,Breanna Christensen,morrisonnicholas@example.org,Bouvet Island (Bouvetoya),2018-02-04,Premium,19493.39
1068,Pamela Newman,andersonkayla@example.com,Cambodia,2021-01-16,Basic,42618.94
1069,Linda Sparks,rosariodaniel@example.net,Svalbard & Jan Mayen Islands,2022-01-15,Premium,1052.01
1070,Michael Harris,cmalone@example.org,Gambia,2022-05-03,Premium,48991.66
1071,Christopher Brown,courtney10@example.org,Bosnia and Herzegovina,2023-09-14,Basic,5070.23
1072,Ashley Tanner,othomas@example.org,Denmark,2021-07-16,Standard,43351.96
1073,Charles Rios,sandracohen@example.net,Turks and Caicos Islands,2023-12-18,Premium,9402.23
1074,Stephanie Vasquez,walkerstephanie@example.com,Guinea-Bissau,2023-08-13,Standard,28078.31
1075,Gene Ward,huangcassandra@example.org,Japan,2018-03-30,Premium,12444.87
1076,Linda Shelton,patriciamcdaniel@example.net,Svalbard & Jan Mayen Islands,2023-12-09,Standard,16745.12
1077,Shawn Nelson,qstanley@example.net,South Georgia and the South Sandwich Islands,2022-05-31,Basic,7934.56
1078,Aaron Fitzpatrick,kimberlythomas@example.org,Iceland,2021-11-21,Basic,17660.46
1079,Robert Bray,wilsonronald@example.net,Fiji,2021-05-23,Premium,49800.12
1080,Frank Anderson,fgomez@example.com,Liberia,2023-08-16,Standard,40613.45
1081,Jennifer Leon,devon36@example.com,Mexico,2020-11-21,Standard,44531.06
1082,Joseph Patel PhD,tmiller@example.com,Malta,2018-05-01,Basic,47460.91
1083,Melissa Goodman,youngaaron@example.org,Guyana,2020-07-12,Premium,17155.13
1084,Tina Mccall,pruittmichael@example.org,French Polynesia,2022-05-29,Basic,6949.31
1085,Russell Arnold,osanchez@example.org,San Marino,2022-04-15,Basic,48034.22
1086,Victor Padilla,squinn@example.com,Holy See (Vatican City State),2024-11-13,Basic,34357.51
1087,Brian Perkins,kmonroe@example.org,Cameroon,2022-09-06,Premium,28687.64
1088,Bob Jones,lhernandez@example.com,Samoa,2022-10-13,Standard,45495.80
1089,Joseph Rush,vjenkins@example.com,Slovenia,2021-09-10,Standard,27157.46
1090,Alexis Rodriguez,ibarraantonio@example.org,Macao,2020-04-26,Basic,7014.97
1091,James Henderson,qspencer@example.net,Macao,2024-01-27,Basic,40025.24
1092,Darren Huynh,teresa86@example.org,Samoa,2019-07-20,Standard,34457.75
1093,Manuel Robinson,lynndaugherty@example.net,Tajikistan,2023-11-16,Premium,21560.21
1094,Michael Woods,kwilcox@example.org,Spain,2019-08-18,Basic,46658.19
1095,Jeff Nelson,millercarrie@example.com,Antarctica (the territory South of 60 deg S),2019-10-10,Standard,3483.92
1096,Christopher Rodriguez,carlaavila@example.com,Comoros,2023-12-24,Basic,6007.53
1097,Margaret Johnson,christopher99@example.org,Mongolia,2021-07-24,Premium,36381.27
1098,Mrs. Amber Davis,alan54@example.com,Macao,2021-07-29,Standard,48063.69
1099,Paul Swanson,jacquelinedavis@example.com,Ukraine,2021-05-27,Standard,37305.93
1100,Ashlee Aguirre,andrewflynn@example.com,Namibia,2021-01-26,Premium,38977.48
1101,Amanda Martin,omiller@example.org,Zambia,2019-03-14,Premium,9318.85
1102,Stacey Aguirre,kaylamartin@example.net,Maldives,2024-11-11,Basic,13416.44
1103,Lisa Mills PhD,vfloyd@example.com,Guyana,2024-05-11,Basic,11622.48
1104,Teresa Williams,nallen@example.net,Belarus,2020-08-09,Premium,34400.16
1105,Latasha Gamble,ballarddouglas@example.com,Mexico,2022-01-11,Premium,34438.25
1106,Rebecca Jacobson,udavis@example.org,Vietnam,2023-05-07,Premium,25166.00
1107,Barry Ray,christopher27@example.com,Lebanon,2024-10-12,Standard,35629.75
1108,Pamela Ramos,shelbybonilla@example.com,Armenia,2022-03-12,Premium,42621.26
1109,Dustin Ortiz,scotthunt@example.net,Zambia,2023-07-06,Standard,6961.88
1110,Bradley Gutierrez,rbaker@example.org,Niger,2020-03-02,Premium,1708.25
1111,Amy Gibbs,mooredaniel@example.com,Cayman Islands,2018-03-03,Standard,47514.88
1112,Sarah Walker,wcaldwell@example.com,Lao People's Democratic Republic,2020-06-30,Basic,33599.82
1113,Stephanie Marshall,whitedaniel@example.com,Seychelles,2020-04-10,Premium,3400.20
1114,James Brown,wendy73@example.net,Saint Vincent and the Grenadines,2022-12-05,Basic,24548.15
1115,Donald Johnson,stacythomas@example.org,Ghana,2021-08-23,Standard,44390.59
1116,Victoria Schroeder,mayermichael@example.com,Lebanon,2022-10-18,Standard,38833.11
1117,Daniel Johnson,onelson@example.org,Belize,2024-10-26,Basic,41233.99
1118,Donald Miller,hsavage@example.org,Paraguay,2021-07-05,Standard,30614.09
1119,Cathy Brown,wpeterson@example.com,Chad,2024-05-31,Basic,26854.35
1120,Tom Olson,tammykim@example.net,Montserrat,2018-06-07,Basic,5554.88
1121,Adam Logan,christiancontreras@example.net,Cameroon,2023-02-15,Premium,43901.22
1122,William Mcmillan,alexis72@example.com,Tonga,2020-10-03,Basic,26939.67
1123,Ricky Craig,abigail07@example.org,North Macedonia,2018-06-10,Basic,19431.15
1124,Wayne Davis,julielopez@example.net,Mayotte,2018-07-21,Premium,14629.85
1125,Lindsay Robinson,stephaniebonilla@example.net,Zimbabwe,2022-06-19,Standard,38706.48
1126,Robert Smith,wayne17@example.net,Korea,2021-03-17,Standard,8407.68
1127,Guy Clayton,wmills@example.com,Brazil,2021-04-20,Basic,45959.74
1128,Judy Brooks,amyjames@example.net,Portugal,2023-10-19,Premium,23232.59
1129,Madison Park,cowanlinda@example.org,Benin,2023-01-25,Premium,36160.07
1130,Lisa Jenkins,nbrady@example.net,Bolivia,2019-04-09,Premium,38958.68
1131,Kathy Shaffer,melissa33@example.com,Micronesia,2024-02-17,Premium,19714.03
1132,Craig Harrison,belllaura@example.com,Isle of Man,2021-08-17,Standard,1343.11
1133,Maria Mueller,xsmith@example.org,Madagascar,2023-02-02,Basic,44841.21
1134,Shawn Baker,anunez@example.com,Antigua and Barbuda,2020-04-07,Standard,4599.97
1135,Christian Brooks,matthew96@example.org,Moldova,2021-08-20,Basic,32463.96
1136,Cheryl Newman,solisbecky@example.org,Wallis and Futuna,2019-11-03,Basic,36689.79
1137,Vanessa Thompson,zachary63@example.org,Russian Federation,2019-01-09,Premium,35340.71
1138,Kathy Welch,ocameron@example.com,Taiwan,2022-01-26,Premium,26238.48
1139,Tiffany Harris,johnsonalexander@example.net,Cape Verde,2022-04-23,Basic,39574.22
1140,Michael Knapp,armstronganthony@example.net,Bulgaria,2023-09-27,Basic,47492.72
1141,Miss Paula Lopez,kennethnichols@example.org,Saint Kitts and Nevis,2022-04-01,Basic,19092.29
1142,Rachel Townsend,hillsavannah@example.net,Angola,2019-12-01,Standard,28318.03
1143,Lauren Garcia,hho@example.org,Cambodia,2019-09-07,Premium,43454.05
1144,Steven Davis,nkirk@example.com,Bolivia,2020-01-03,Basic,2660.39
1145,Alex Jones DVM,clarkrobert@example.com,North Macedonia,2021-06-15,Standard,36535.07
1146,Rhonda White,bergerdonna@example.net,New Caledonia,2023-01-02,Standard,31360.00
1147,Autumn Cooper,timothy99@example.net,Albania,2019-04-27,Premium,48025.65
1148,Patrick House,catherineherrera@example.net,Malaysia,2018-01-15,Basic,38293.25
1149,Cindy Diaz,anthonytaylor@example.org,Saint Lucia,2018-02-20,Standard,24931.62
1150,Beth Hill,stephaniebailey@example.net,Pakistan,2023-08-05,Basic,40391.98
1151,Patrick Simpson,qnielsen@example.org,Congo,2024-10-26,Standard,11970.13
1152,Stacy Campbell,ygarcia@example.net,Georgia,2024-08-08,Basic,23838.03
1153,Daniel Bowen,bandrade@example.net,San Marino,2022-08-07,Standard,4062.31
1154,Fernando Rodriguez,kpatterson@example.com,Holy See (Vatican City State),2024-09-24,Premium,12311.19
1155,Sabrina Cole,rubiojohnny@example.com,French Polynesia,2024-02-20,Standard,31026.33
1156,Sherry Clements,raymond12@example.com,Japan,2024-04-02,Premium,2541.05
1157,Heather Jones,nathan51@example.org,Ghana,2019-08-31,Premium,32698.52
1158,Michelle Lewis,rachel81@example.com,Finland,2018-05-31,Premium,42706.08
1159,Kelsey Garcia,jennifer19@example.net,Italy,2024-06-25,Basic,14992.23
1160,Jessica Li,jameslang@example.com,Aruba,2018-12-26,Premium,5533.49
1161,Jennifer Martinez MD,brittany39@example.org,Finland,2020-01-01,Premium,33637.32
1162,Richard Johnston,buckjustin@example.com,Argentina,2024-11-08,Basic,34606.53
1163,Tamara Williams,jonescody@example.com,Saint Kitts and Nevis,2024-09-02,Basic,39386.65
1164,Evan Reed,hawkinslawrence@example.net,Australia,2019-12-28,Standard,37491.81
1165,Michael Gibson,cameronsharon@example.org,Antarctica (the territory South of 60 deg S),2022-01-15,Premium,4747.00
1166,Roger Taylor,michelle63@example.org,Benin,2021-05-10,Standard,18491.61
1167,Steven Wood,villamiranda@example.com,Turks and Caicos Islands,2022-04-02,Premium,37946.26
1168,Ashley Valentine,bakerhailey@example.com,Faroe Islands,2024-03-04,Premium,14712.35
1169,Tammy Silva,martinezmichelle@example.net,Tuvalu,2019-07-06,Premium,34761.51
1170,Stephanie Walsh,boydjohn@example.com,Panama,2021-01-29,Standard,26399.93
1171,Douglas Barton MD,bakerkenneth@example.org,Guinea,2023-11-19,Premium,34821.89
1172,Shelley Keller,heatherjones@example.com,Bahamas,2024-11-11,Premium,5554.18
1173,Michael Mcdonald,glopez@example.com,Cote d'Ivoire,2023-12-07,Premium,24234.78
1174,Pam Palmer,kathleen47@example.net,Cape Verde,2024-10-13,Basic,14430.65
1175,Ashley Anderson,paul79@example.net,Cook Islands,2024-10-29,Standard,13057.04
1176,Chelsea Ramirez,ginalynn@example.net,Oman,2024-06-13,Basic,17757.28
1177,Joel Rodriguez,allenpatricia@example.org,Ethiopia,2019-06-16,Basic,28175.45
1178,Matthew Chavez,david81@example.com,Jersey,2023-10-30,Basic,31629.69
1179,James Jordan,brian45@example.org,Australia,2023-07-11,Premium,44194.82
1180,Monique Henderson,jaime29@example.com,Marshall Islands,2020-08-11,Basic,14595.35
1181,Kelly Rodriguez,lucassusan@example.org,Brazil,2020-03-03,Premium,5998.54
1182,Andrew Adams,pateljoshua@example.net,Reunion,2023-03-20,Basic,39856.95
1183,Jenna Garcia,tyler23@example.com,Northern Mariana Islands,2020-04-29,Basic,49949.45
1184,Kyle Gross,lopezrebecca@example.net,Lesotho,2022-08-23,Premium,16756.23
1185,Sarah Watts,lesliejones@example.org,Grenada,2024-04-14,Basic,10695.66
1186,Brenda Smith,bpatterson@example.org,Estonia,2020-04-04,Basic,14153.17
1187,Carolyn Wolf,wheelertara@example.net,Afghanistan,2018-10-05,Standard,15084.17
1188,David Rodriguez PhD,mary88@example.org,Saudi Arabia,2024-03-02,Standard,38374.93
1189,Brandon Torres,shaun58@example.com,Panama,2019-04-12,Basic,16730.82
1190,Mr. Adam Gomez,patricia97@example.org,Faroe Islands,2022-06-11,Basic,28489.18
1191,Monica Smith,qchase@example.org,Guinea-Bissau,2018-04-30,Premium,9781.38
1192,Mr. Patrick Mcpherson MD,leestephanie@example.net,Botswana,2021-10-16,Basic,24007.50
1193,Sherry Shelton,harcher@example.org,Estonia,2023-04-28,Premium,32318.05
1194,Hannah Rivera,rlandry@example.com,Comoros,2023-05-27,Premium,31397.30
1195,Joseph Cooper,hamiltonspencer@example.com,France,2024-01-09,Standard,23177.26
1196,Adam Ho,stevenhernandez@example.com,Nigeria,2022-08-23,Basic,2895.51
1197,Carla Tucker,marshalexis@example.org,Cuba,2023-11-05,Standard,28290.64
1198,Kevin Brown,adam50@example.org,El Salvador,2021-07-16,Basic,26840.69
1199,Shawn Glover,stephaniereeves@example.org,Saint Martin,2020-05-03,Basic,34306.12
1200,Kevin Miller,antoniofitzpatrick@example.org,Sudan,2021-12-19,Premium,48483.70
1201,Jasmine Ross,orozcosamantha@example.net,Georgia,2021-02-22,Premium,17023.71
1202,Jeffrey Liu,feliciagonzalez@example.org,Israel,2022-03-17,Basic,26760.23
1203,Elizabeth Miller,ygardner@example.com,Bhutan,2019-11-11,Basic,30323.89
1204,Jeremy Edwards,taylor67@example.com,Isle of Man,2020-02-07,Basic,5930.55
1205,Thomas Johnson,idavis@example.net,United States of America,2021-06-16,Basic,42905.19
1206,David Hunt,christineyoder@example.com,Austria,2018-05-10,Standard,20752.09
1207,Jenna Powell,fordkathryn@example.net,Kuwait,2023-07-29,Premium,18642.02
1208,Angela Nelson,cookconnor@example.com,Mongolia,2021-05-24,Premium,26302.51
1209,Mr. Antonio Yang,mileszachary@example.net,Saint Vincent and the Grenadines,2019-12-18,Premium,18773.36
1210,Brandy Jacobson,kevincollins@example.org,Sri Lanka,2018-06-03,Premium,45676.36
1211,Mr. Brian Smith,meyerjohn@example.org,Lebanon,2022-12-23,Basic,1344.25
1212,Jonathan Myers,evanstimothy@example.org,Svalbard & Jan Mayen Islands,2023-05-31,Basic,7788.48
1213,Ryan Green,nvillarreal@example.org,Jersey,2021-10-25,Standard,36648.81
1214,Alex Thomas,georgeharmon@example.net,Cook Islands,2023-11-15,Standard,38799.11
1215,Dylan Contreras,rrichardson@example.com,Hungary,2019-08-10,Premium,41124.71
1216,Ashley Butler,shernandez@example.com,British Indian Ocean Territory (Chagos Archipelago),2023-10-16,Basic,49636.75
1217,Alexandra Turner,wwilliams@example.org,Lao People's Democratic Republic,2020-04-20,Basic,1923.97
1218,Judy Smith,michaelfoley@example.net,Cote d'Ivoire,2022-05-07,Basic,43254.03
1219,Michael Myers,thompsonedward@example.net,Saint Helena,2019-04-20,Premium,15617.97
1220,Julia Trevino,joshuafarmer@example.com,Uzbekistan,2018-06-30,Basic,42421.39
1221,Thomas Brewer,mestes@example.net,Cocos (Keeling) Islands,2018-12-23,Standard,23397.11
1222,Tammy Rowe,david59@example.net,Guernsey,2018-07-08,Premium,26076.83
1223,Sandra Jones,christianerik@example.org,Papua New Guinea,2021-07-03,Premium,28920.24
1224,Timothy Alvarez,tinastokes@example.net,South Africa,2021-07-02,Basic,44617.57
1225,Steven Thompson,acampos@example.org,Bahamas,2021-08-07,Premium,9708.03
1226,Ashley Bradford,alexandernicholas@example.net,Tajikistan,2021-02-07,Basic,16025.57
1227,Christopher Rodriguez,ogray@example.net,Moldova,2022-12-12,Basic,5970.78
1228,David Kim,jeremiah26@example.net,Sudan,2019-09-04,Premium,13754.48
1229,Angelica Johnson,harrislisa@example.org,Guyana,2018-03-04,Basic,28025.33
1230,Laura Lin,jacob87@example.org,Syrian Arab Republic,2019-02-24,Premium,27172.18
1231,Ronald Mason,christine82@example.org,Kazakhstan,2024-02-29,Standard,13625.50
1232,James Jones,martinezzachary@example.org,British Indian Ocean Territory (Chagos Archipelago),2021-03-06,Basic,12316.77
1233,Mr. Joshua Johnson PhD,sandra46@example.net,Guinea-Bissau,2018-10-19,Standard,30701.82
1234,Seth Donaldson,fergusonjohn@example.net,Venezuela,2021-10-19,Basic,22238.02
1235,Emily Montgomery,aguilarsharon@example.com,Palau,2019-06-17,Premium,23589.71
1236,George Green,pamela02@example.org,Mexico,2018-07-26,Premium,19241.62
1237,Erin Todd,youngcharles@example.net,United Kingdom,2018-12-19,Standard,19656.65
1238,Sandy Aguirre,tina69@example.net,New Zealand,2024-09-07,Basic,31510.59
1239,Stacy Mendoza,josephwilliams@example.org,Luxembourg,2023-01-01,Basic,17845.65
1240,Marie Reynolds,kimberly30@example.org,Anguilla,2021-09-23,Premium,35673.64
1241,Roberta Ferguson,vfleming@example.org,Micronesia,2023-12-26,Premium,48686.73
1242,Mr. James Martinez,hdunn@example.com,British Indian Ocean Territory (Chagos Archipelago),2023-03-23,Basic,6676.58
1243,Vickie Richardson,matthewhull@example.org,Djibouti,2023-04-03,Premium,22833.65
1244,Adam Gutierrez,ritteralexis@example.net,Egypt,2023-03-22,Standard,11661.54
1245,Angela Martinez,justinedwards@example.net,Palau,2020-07-05,Premium,43068.70
1246,Yolanda Anderson,hmendoza@example.net,Belarus,2024-12-01,Standard,45651.79
1247,Todd Harris,priscilla37@example.net,Gabon,2022-05-25,Premium,35010.77
1248,Penny Carter,alisonadams@example.net,Mauritius,2021-09-15,Standard,22718.83
1249,Amy Mccullough,nramirez@example.org,Tajikistan,2018-05-04,Premium,23819.18
1250,Crystal Harmon,davidhardy@example.org,Argentina,2021-12-10,Standard,23115.96
1251,Melissa Santos,bbenton@example.com,Taiwan,2019-12-01,Standard,38420.28
1252,Donald Cruz,brownmelissa@example.com,Lithuania,2024-10-11,Basic,6456.96
1253,James Wallace,jamielopez@example.com,Martinique,2019-02-26,Standard,40895.89
1254,Eric Weaver,sharon95@example.com,Sudan,2019-03-15,Standard,27851.88
1255,Claire Johnson,yglenn@example.net,Vanuatu,2018-10-18,Standard,26684.00
1256,Amy Rodriguez,rfarley@example.com,Togo,2022-06-30,Basic,20730.75
1257,Kimberly Coleman DDS,francisco67@example.net,Uzbekistan,2024-12-18,Premium,27442.66
1258,Terry Campbell,christopher38@example.com,Guadeloupe,2023-05-30,Standard,3396.39
1259,Amanda Hill,donna90@example.org,Gambia,2020-05-02,Basic,29589.41
1260,Erica Baker,scottsmith@example.org,Lao People's Democratic Republic,2022-11-19,Basic,39387.61
1261,Ian Little,rickyriley@example.org,Falkland Islands (Malvinas),2024-02-09,Basic,11884.10
1262,Kristen Ashley,xwhite@example.com,Eritrea,2018-11-16,Basic,46550.08
1263,Bethany Mccoy,monicadouglas@example.org,Brazil,2024-06-09,Standard,5804.71
1264,Cathy Hunter,criley@example.net,Saint Barthelemy,2024-09-07,Standard,16336.37
1265,Trevor Braun,allen58@example.net,Aruba,2019-02-04,Standard,8891.08
1266,Hannah Jones,ewilson@example.org,Costa Rica,2022-07-21,Premium,29953.13
1267,Jacob Carson,bjones@example.com,Cambodia,2024-09-08,Standard,16437.67
1268,Lawrence Ward,xmerritt@example.com,Western Sahara,2018-09-09,Premium,10958.83
1269,Lisa Martin,carteredward@example.net,Anguilla,2019-07-24,Basic,45172.47
1270,Daniel Edwards,shelby69@example.org,Palestinian Territory,2018-01-01,Premium,33077.98
1271,Jane Cuevas,friedmansusan@example.org,Mongolia,2023-01-30,Basic,14646.01
1272,Laura Kelley,hryan@example.net,South Georgia and the South Sandwich Islands,2024-11-26,Basic,22413.27
1273,John Warren,mstewart@example.net,French Polynesia,2020-04-22,Basic,43883.53
1274,Erin Lloyd,jerry51@example.net,Dominican Republic,2021-05-12,Basic,39737.90
1275,Tyler Ortiz,bellwilliam@example.com,Palau,2021-06-01,Standard,35917.78
1276,Mr. Richard Hall,sarasanchez@example.com,Peru,2021-11-11,Premium,29178.08
1277,Brenda Green,matthew11@example.com,Italy,2024-11-09,Basic,20269.45
1278,Brittany Snyder,rachelwalter@example.org,Chad,2019-06-07,Standard,3214.29
1279,Dennis Spencer,inewton@example.org,Syrian Arab Republic,2024-02-27,Premium,142.08
1280,Michael Fritz,zacharymoreno@example.com,United Kingdom,2024-04-12,Standard,5573.95
1281,Cameron Terry,jenniferwilson@example.com,Nauru,2021-03-01,Premium,11838.53
1282,Ashley Bowen,rodgersmichael@example.com,United States Minor Outlying Islands,2024-08-14,Standard,31298.19
1283,Jerry Davenport,katherine22@example.net,Seychelles,2022-04-17,Standard,19140.10
1284,Samantha Hicks,paulawatkins@example.com,Peru,2024-02-11,Premium,33158.13
1285,Jamie Gonzales,shirley13@example.com,Lithuania,2023-04-30,Premium,9492.52
1286,Justin Merritt,ymitchell@example.com,Saudi Arabia,2022-04-25,Standard,42014.14
1287,Charles Cervantes,russellramirez@example.net,Germany,2019-09-24,Standard,49873.06
1288,Dustin Wilson,tommy32@example.com,Wallis and Futuna,2019-05-30,Premium,678.98
1289,Virginia Molina,,Micronesia,2018-03-06,Premium,36094.83
1290,Nicole Johnson,moyeramber@example.org,Albania,2023-06-17,Basic,21893.08
1291,Rodney Wood IV,hdennis@example.org,Switzerland,2019-07-11,Premium,6947.29
1292,Thomas Moran,wallaceryan@example.com,Benin,2022-08-31,Standard,44689.77
1293,Wendy Dennis,schmittlinda@example.net,South Africa,2024-10-11,Standard,31200.10
1294,Benjamin Moore,joshua81@example.net,Portugal,2023-02-05,Basic,21263.82
1295,Tim Hamilton,james80@example.net,Niue,2023-01-18,Standard,17829.83
1296,Chad Bennett,emilybaker@example.org,Libyan Arab Jamahiriya,2020-02-01,Standard,30268.21
1297,Morgan Campbell,cynthiadavis@example.net,Togo,2024-06-25,Standard,42355.51
1298,Cindy Hamilton,ngrant@example.net,Christmas Island,2020-08-27,Basic,25136.27
1299,Michael Austin,danawashington@example.net,Zimbabwe,2022-08-10,Basic,28859.98
1300,Eric Hall,elizabeth76@example.net,Guinea-Bissau,2018-05-18,Premium,28450.66
1301,Elizabeth Robinson,robert75@example.org,Panama,2022-02-18,Premium,29055.41
1302,Christopher Huber,baileyraymond@example.org,Singapore,2018-11-24,Premium,36536.25
1303,Sara Shields,bmcdaniel@example.com,Ethiopia,2023-11-27,Standard,23300.32
1304,Stacy Patton,hartmarcus@example.net,Ghana,2018-11-17,Basic,44506.78
1305,Robert Coleman,rita47@example.net,Cyprus,2018-12-29,Premium,23675.33
1306,Robert Parker,kwalker@example.net,Costa Rica,2018-11-16,Basic,31721.01
1307,Ashley Donaldson,david80@example.net,Angola,2024-07-02,Standard,30690.65
1308,Ann Bush,katie81@example.net,Australia,2021-11-08,Basic,38948.50
1309,Heidi Gonzalez,maryfoster@example.net,Denmark,2023-04-05,Standard,25681.89
1310,Christopher Brooks,ulewis@example.org,Wallis and Futuna,2023-04-06,Basic,36717.35
1311,Ryan Fischer,masonlacey@example.org,Cayman Islands,2022-09-21,Standard,48033.01
1312,Alexander Welch,arthurbrady@example.com,Palau,2021-04-21,Standard,8458.66
1313,Robert Mcdowell,joneswilliam@example.net,Serbia,2024-09-13,Basic,15273.14
1314,Alicia Newton,codychapman@example.com,Congo,2024-04-27,Standard,3164.75
1315,Shannon Glover,bhunt@example.com,Falkland Islands (Malvinas),2023-04-23,Basic,8537.05
1316,Brett Costa,bbennett@example.org,Cyprus,2018-07-31,Basic,49519.20
1317,Kristina Webb,patrickkaiser@example.net,India,2018-04-22,Standard,24289.53
1318,Pamela Klein,bwalker@example.com,Sierra Leone,2019-06-04,Basic,3935.43
1319,Jacob Hart,martin11@example.net,Chile,2021-02-12,Standard,6713.68
1320,Tom Watkins,thomaschristina@example.com,Mali,2021-02-24,Standard,42907.13
1321,Lacey Hall,tking@example.net,Guadeloupe,2018-02-28,Basic,5666.32
1322,Amanda Barker,rsavage@example.net,Cote d'Ivoire,2019-12-17,Basic,36974.46
1323,Rebecca Gardner,susan35@example.com,Russian Federation,2023-01-04,Standard,40411.25
1324,Mr. Patrick Quinn,simmonschris@example.org,Saudi Arabia,2020-12-06,Basic,11886.17
1325,Joseph Martinez,samuelstanton@example.org,Turks and Caicos Islands,2020-01-11,Basic,43114.52
1326,Christopher Pratt,jtaylor@example.com,Iran,2021-11-05,Premium,48370.55
1327,Bruce Forbes,alexandra95@example.net,Pakistan,2024-09-05,Premium,41896.95
1328,Dylan Cohen,april47@example.com,Cote d'Ivoire,2022-08-19,Standard,11973.58
1329,Tammy Cortez,frankespinoza@example.com,Algeria,2022-12-08,Basic,31914.98
1330,Christopher Ruiz,collinsjacob@example.net,Bhutan,2020-05-13,Basic,36744.62
1331,Erin Brown,ewheeler@example.com,North Macedonia,2021-11-14,Premium,32148.83
1332,Courtney Fuller,joshuahoover@example.com,Myanmar,2019-04-21,Premium,8463.26
1333,Holly Wang,ann31@example.net,Cape Verde,2022-06-22,Standard,15138.22
1334,Daniel White,martinezalexa@example.net,Seychelles,2023-12-22,Premium,19052.06
1335,Kenneth Castaneda,tammy97@example.org,Chile,2022-05-17,Standard,13205.00
1336,David Robinson,douglasalvarez@example.org,Gibraltar,2023-12-13,Standard,691.97
1337,Wayne Taylor,ecoleman@example.com,Gabon,2023-01-13,Standard,33956.82
1338,Autumn Castro,tschroeder@example.com,Guinea,2023-12-12,Basic,47797.95
1339,Joseph Schmidt,stephaniedougherty@example.com,Rwanda,2019-02-03,Basic,31907.47
1340,Jeffrey Alexander,gina86@example.net,Guernsey,2022-11-04,Basic,45910.30
1341,Sean Wyatt,jessica39@example.net,Turkey,2021-01-21,Standard,13589.27
1342,Dr. Janet White PhD,gonzalezmichael@example.org,Albania,2019-02-07,Standard,32751.73
1343,Erin Bartlett,wesley09@example.com,Antigua and Barbuda,2022-05-22,Standard,38680.24
1344,Maria Sanders,joshua09@example.org,Tokelau,2020-09-17,Basic,33627.30
1345,Kaitlin Lawson,ehenry@example.net,Tunisia,2020-03-09,Basic,16936.59
1346,Kimberly Garcia,anthony22@example.org,Belize,2020-01-07,Standard,27425.87
1347,Ryan Brown,edwardsmichaela@example.com,Timor-Leste,2018-02-04,Premium,696.87
1348,Lucas Smith,rachael29@example.net,Western Sahara,2019-02-05,Basic,5284.97
1349,Adrian Beck,qmonroe@example.org,Bahrain,2023-01-01,Standard,11048.87
1350,Philip Hernandez,christopher70@example.com,New Caledonia,2021-03-06,Standard,9734.67
1351,Jonathan Thompson,collinsann@example.org,Guam,2018-04-08,Basic,4687.87
1352,Russell Miller,fdavis@example.org,Saint Lucia,2024-08-30,Basic,44708.95
1353,Evan Sims,wangkristina@example.org,Northern Mariana Islands,2020-06-07,Basic,31940.34
1354,Brad Ramsey,kylebecker@example.org,San Marino,2019-05-07,Premium,42836.40
1355,Brandi Brown,gregory29@example.com,Isle of Man,2019-06-17,Standard,32854.09
1356,Cole Stephenson,tiffanygreen@example.com,Estonia,2024-05-07,Premium,44810.48
1357,Henry Cox,rgallegos@example.org,Argentina,2020-01-25,Standard,14798.97
1358,Lauren Moore,victoriahamilton@example.net,Sudan,2018-11-07,Basic,22726.84
1359,Donna Peterson,christopher34@example.org,Lao People's Democratic Republic,2021-02-06,Standard,34641.85
1360,Thomas Holmes,thomasmcdonald@example.com,Holy See (Vatican City State),2021-08-17,Standard,8182.10
1361,Mary Valenzuela,jacqueline50@example.org,Italy,2018-10-31,Standard,38877.59
1362,George Leach,robintorres@example.com,Mayotte,2022-04-17,Standard,16699.47
1363,Alex Lamb,swatkins@example.com,Saint Martin,2018-09-04,Standard,47784.72
1364,Roy King,carolyn76@example.com,Armenia,2020-12-20,Premium,22084.68
1365,Sherry Hines,fisherkim@example.net,Iran,2023-07-08,Premium,30554.06
1366,Carly Jackson,olivia83@example.net,Sao Tome and Principe,2020-01-01,Basic,24653.66
1367,Matthew Kramer,wallerkyle@example.org,Spain,2019-08-13,Basic,38458.50
1368,James Murray,jamesjackson@example.com,Belgium,2020-06-13,Basic,32202.57
1369,Scott Kim,ericpeters@example.com,Albania,2022-12-14,Basic,13023.91
1370,Gregory Ruiz,ehale@example.net,Honduras,2018-05-23,Premium,3613.58
1371,Michelle Hines,hugheslucas@example.org,Iran,2020-10-23,Standard,1036.36
1372,Stephanie Weiss,icarlson@example.org,Guatemala,2023-08-01,Premium,32677.98
1373,Patrick Willis II,katrinawood@example.com,Macao,2018-01-04,Premium,33263.83
1374,Lisa Walton,brewerdevin@example.org,Aruba,2020-12-27,Premium,35032.75
1375,Jeffrey Morgan,ronaldmitchell@example.com,Peru,2022-05-22,Basic,284.82
1376,Amanda Mullen,zwhite@example.net,Maldives,2023-07-03,Standard,21859.28
1377,Julie Miller,riosrichard@example.org,Central African Republic,2018-10-15,Basic,11369.76
1378,Kenneth Cruz,psmith@example.net,Iran,2022-04-24,Basic,40917.04
1379,Anthony Coleman,munozleah@example.com,Macao,2023-05-29,Premium,28405.47
1380,John Rogers,daniel26@example.net,Senegal,2022-01-10,Standard,34123.60
1381,Michael Hernandez,stacy94@example.org,Malaysia,2022-06-29,Premium,31650.40
1382,Monica Gibson,marshallbill@example.com,Kuwait,2019-01-07,Standard,26777.85
1383,Stephen Parks,ronald40@example.net,Ethiopia,2021-10-24,Premium,42074.96
1384,Howard Smith,kenneth09@example.org,Guinea-Bissau,2021-04-02,Basic,10235.71
1385,Kim Foster,christopherdavis@example.net,Cameroon,2024-03-21,Premium,48378.90
1386,Jessica Hill,pbarker@example.net,Swaziland,2020-02-22,Standard,34824.53
1387,Judy Jones,benjamin91@example.com,Malaysia,2019-03-14,Basic,34473.24
1388,Mrs. Tammy Curry,lmorales@example.net,Equatorial Guinea,2023-06-16,Premium,44272.19
1389,Natalie Miller,ysanford@example.org,Montserrat,2022-11-29,Basic,9554.28
1390,Eric Palmer,heatherwilliams@example.net,Lebanon,2018-05-27,Premium,1365.69
1391,Timothy Hill,joshuapowers@example.net,Iran,2024-08-25,Premium,24512.70
1392,Megan Nelson,yclark@example.com,Palestinian Territory,2018-09-16,Basic,32206.04
1393,Derek George,colton30@example.net,Greece,2023-08-09,Basic,48251.20
1394,Logan Chandler,omatthews@example.net,Greenland,2023-01-15,Premium,1948.43
1395,Karen Grant,matthew57@example.org,Kyrgyz Republic,2018-08-18,Standard,39410.15
1396,Kathryn Patel,emilyscott@example.org,Panama,2018-06-25,Standard,5997.54
1397,Tracy Welch,christopher85@example.com,French Guiana,2023-11-13,Standard,47010.48
1398,Jocelyn Mcdonald,colleenjackson@example.com,Mongolia,2024-01-07,Premium,37078.47
1399,Zachary Johnson,angela73@example.com,Uruguay,2020-08-12,Premium,1940.20
1400,Jamie Rush,davisjeffery@example.org,Montserrat,2019-08-03,Standard,32726.19
1401,Sean Wang,wpierce@example.org,Italy,2023-04-15,Basic,2385.50
1402,Diana Townsend,beckgloria@example.net,Serbia,2019-06-19,Premium,8695.23
1403,Kathryn Patel,michelesimpson@example.com,France,2018-07-24,Standard,41054.89
1404,Joanna Bradshaw,ricardosmith@example.com,Serbia,2019-02-03,Standard,30600.17
1405,Christopher Solomon,acarpenter@example.com,Isle of Man,2024-08-17,Premium,40908.23
1406,Allen Walker,greenejessica@example.org,Greece,2019-03-12,Premium,24907.46
1407,Carol Garrett,craneandrew@example.net,Turks and Caicos Islands,2024-11-26,Premium,3249.19
1408,Jean Dixon,melissamartin@example.com,Saint Kitts and Nevis,2020-04-10,Standard,16933.42
1409,Casey Giles,marcuscarter@example.org,Costa Rica,2022-07-05,Standard,6128.04
1410,Judy Sutton,yfritz@example.org,Kyrgyz Republic,2024-06-17,Basic,6952.74
1411,Ashley Munoz,monica23@example.com,Saint Helena,2020-05-23,Premium,29694.95
1412,Adriana Johnson,ecamacho@example.com,Barbados,2021-10-06,Premium,6125.20
1413,Tina Ware,baldwincatherine@example.net,Rwanda,2019-08-02,Standard,8485.74
1414,John Barber,lisa05@example.com,Saint Barthelemy,2022-02-24,Basic,8333.81
1415,Lori Alexander,garciamelanie@example.net,Sao Tome and Principe,2020-09-24,Basic,2130.87
1416,Miranda Richardson,donald37@example.org,Estonia,2019-02-14,Basic,30660.83
1417,Martin Jones,wgoodwin@example.com,Guam,2019-10-09,Premium,43993.38
1418,Jeremy Cobb,ashley90@example.org,Cameroon,2018-11-27,Premium,460.48
1419,Allison Beard,jennifer42@example.net,North Macedonia,2019-01-01,Basic,32622.61
1420,Micheal Nunez,julianeal@example.org,New Caledonia,2021-03-08,Standard,34705.83
1421,James Walsh,rosalesbrandy@example.org,Myanmar,2023-05-04,Basic,6431.93
1422,Jackson Romero,kwoods@example.com,Norway,2019-08-10,Basic,13620.39
1423,Samuel Edwards,nicholas72@example.net,Liberia,2023-01-19,Standard,12038.76
1424,Steven Smith,petersonkyle@example.org,Canada,2019-12-16,Basic,34614.51
1425,Richard Mccormick,michaelstevens@example.net,United States of America,2024-09-08,Premium,35888.22
1426,Paul Fuentes,judithcox@example.org,Iran,2024-11-11,Premium,31396.86
1427,Tiffany Romero,angela88@example.org,South Georgia and the South Sandwich Islands,2021-05-18,Standard,20997.41
1428,Keith Wright,laura23@example.org,Portugal,2024-04-03,Premium,9675.95
1429,Cassandra Krause,andrea13@example.net,Switzerland,2023-12-12,Premium,30984.15
1430,Susan Anderson,bruce33@example.net,Senegal,2024-01-20,Basic,11041.88
1431,Julie Herrera,florescynthia@example.org,Lesotho,2020-05-02,Standard,2748.14
1432,Bradley Gonzalez,carmenevans@example.org,Mozambique,2019-04-07,Premium,34293.66
1433,Taylor Cortez,mwaters@example.net,Sri Lanka,2023-04-28,Standard,8898.56
1434,Nicole Gay,karen94@example.com,Norfolk Island,2018-06-26,Premium,32278.56
1435,Jordan Palmer,joseph83@example.com,Falkland Islands (Malvinas),2021-03-13,Premium,21790.11
1436,Kathryn Garrett,rowlandsonya@example.com,Albania,2021-10-01,Basic,40277.17
1437,William Ruiz,haroldhodges@example.net,Gabon,2023-01-31,Premium,5310.61
1438,Scott Peterson,jamesrodriguez@example.org,Croatia,2018-08-03,Basic,8876.79
1439,Eric Miranda,tgarcia@example.net,Cote d'Ivoire,2018-04-30,Standard,25793.70
1440,Brittney Moore,kfloyd@example.net,Panama,2018-10-18,Premium,36098.01
1441,Tyler Zavala,rchan@example.org,Venezuela,2024-08-24,Basic,16366.02
1442,Timothy Davenport,dustin55@example.net,Germany,2020-03-25,Basic,33874.94
1443,Jeffery Long,zsmith@example.org,Ireland,2021-08-27,Premium,38970.87
1444,Robert Proctor,andrew33@example.net,Saint Barthelemy,2021-08-28,Premium,4993.40
1445,Ronnie Johnson,ugibbs@example.net,Monaco,2022-08-17,Premium,18839.07
1446,Rebecca Williamson,ggates@example.org,Ecuador,2020-06-22,Premium,23602.41
1447,Nathan David,ccrane@example.net,Iceland,2023-06-08,Premium,44535.39
1448,Susan Tucker,valerie96@example.org,Bolivia,2019-08-17,Premium,46401.57
1449,Grant Medina,hmclean@example.com,Burkina Faso,2023-02-07,Premium,19427.78
1450,Angela Rowland,jholloway@example.net,French Southern Territories,2019-07-13,Standard,36019.08
1451,Kristina Gonzales,ashley48@example.net,Svalbard & Jan Mayen Islands,2022-01-08,Standard,10190.32
1452,Alex Barton,,Germany,2019-06-06,Premium,34641.31
1453,Heather Mejia,jackmcdonald@example.com,Guyana,2018-09-02,Standard,6911.42
1454,Michael Padilla,cassandra02@example.org,Norway,2023-03-22,Standard,20969.37
1455,James Tucker,deckerbrian@example.net,Holy See (Vatican City State),2021-11-08,Premium,44331.81
1456,Jeffrey Johnson,kristy74@example.net,Grenada,2024-10-08,Premium,39498.39
1457,Morgan Cunningham,schmidtlauren@example.org,Montserrat,2024-11-09,Premium,28948.26
1458,Lisa Kaiser,wangryan@example.com,Lao People's Democratic Republic,2024-03-14,Premium,4415.07
1459,Spencer Stevenson,charles95@example.com,Marshall Islands,2023-11-08,Standard,43123.73
1460,Nancy Fry,moraleskelly@example.net,Switzerland,2020-06-05,Basic,23727.10
1461,Adam Morris,jonathanwalker@example.net,Seychelles,2023-03-11,Standard,823.74
1462,Jimmy Ortega,patricia92@example.org,Sierra Leone,2022-10-20,Basic,43642.66
1463,Eric Garcia,chanamber@example.org,Greece,2020-10-12,Standard,21769.01
1464,Tanya Barrett,kevincoleman@example.com,Djibouti,2020-06-29,Basic,47317.99
1465,Claudia Kelly,natalieblackburn@example.org,Syrian Arab Republic,2024-06-07,Premium,20946.82
1466,Allison Dillon,omargriffin@example.com,Congo,2018-07-01,Premium,49564.55
1467,James Olsen,costawilliam@example.net,Saint Kitts and Nevis,2023-08-28,Premium,21342.31
1468,Carla Clark,wyang@example.net,Ghana,2022-06-04,Standard,40504.85
1469,Daniel Davis,timothy81@example.com,Andorra,2019-02-06,Standard,24814.72
1470,Robert Ross,gomezsonya@example.org,Jordan,2018-12-07,Basic,37678.63
1471,Marissa Perez,santoslisa@example.com,Andorra,2022-07-24,Premium,6722.33
1472,Denise Holland,brandon32@example.net,Algeria,2021-04-26,Premium,32417.25
1473,Christopher Neal,brownleah@example.net,Panama,2019-01-07,Premium,24041.17
1474,Luke Morrow,hthompson@example.org,Saint Vincent and the Grenadines,2021-06-02,Premium,35194.89
1475,Mary Diaz,buchanananthony@example.org,Gambia,2024-05-25,Basic,29224.64
1476,Jake Skinner,anthony05@example.org,Tuvalu,2023-02-07,Standard,38614.57
1477,Nicholas Thomas,ywilliams@example.net,Saint Helena,2022-07-19,Premium,39513.95
1478,Brooke Smith,christophermcneil@example.org,Lebanon,2022-02-26,Basic,23268.36
1479,Jason Villanueva,mtaylor@example.net,Afghanistan,2018-01-06,Basic,3627.86
1480,John Leach,marcusfernandez@example.net,Paraguay,2021-09-25,Basic,1732.44
1481,Karen Goodman,davidrobertson@example.org,Czech Republic,2022-10-11,Standard,34932.94
1482,Natalie Love,olivia13@example.org,El Salvador,2024-11-13,Basic,28803.95
1483,Matthew Murphy,hbarnett@example.net,Morocco,2020-04-28,Basic,4139.86
1484,Debra Lam MD,donna90@example.net,United Kingdom,2021-10-07,Basic,46618.94
1485,Lynn Bauer,alexiswalters@example.org,Central African Republic,2023-10-10,Basic,18263.13
1486,Adam Castillo,jacob96@example.com,Croatia,2018-07-31,Premium,19209.45
1487,Dennis Gonzales,diana85@example.com,Uganda,2023-03-22,Basic,2139.63
1488,Glen Wiggins,qalvarado@example.com,Serbia,2022-02-09,Premium,32443.82
1489,Amy Diaz,oconnelldavid@example.org,Kuwait,2018-10-02,Basic,35495.92
1490,Barbara Marquez,morganparker@example.com,Micronesia,2020-04-18,Premium,49064.46
1491,Mrs. Sharon Wagner,gwilkins@example.org,Cambodia,2020-09-04,Basic,5766.53
1492,Courtney Smith,alicia29@example.net,Malta,2023-05-14,Basic,46963.48
1493,Joseph Ryan,nicholasgarcia@example.org,North Macedonia,2024-07-04,Basic,10568.72
1494,Lisa Bridges,amberfriedman@example.com,Togo,2020-07-12,Standard,17700.31
1495,Anthony Costa,hphillips@example.com,Uganda,2020-12-31,Basic,34043.31
1496,Frank Griffith,aaron48@example.net,Georgia,2021-02-09,Premium,3262.12
1497,Nicholas Wheeler,brownrobert@example.org,Liberia,2021-11-15,Standard,24362.72
1498,Pamela Roman,petermoore@example.com,India,2023-11-28,Premium,23561.18
1499,Danielle Bell,tabithahill@example.com,British Virgin Islands,2023-12-19,Basic,41286.41
1500,Laurie Chambers,scottchambers@example.com,Algeria,2021-04-12,Standard,31085.47
1501,Kelly Warren,chall@example.com,Swaziland,2018-09-26,Premium,44605.97
1502,Patrick Gibson,beardkaren@example.net,Guam,2023-02-19,Premium,4100.50
1503,Tiffany Williams,daniel76@example.net,Chile,2020-01-03,Standard,47917.00
1504,Melissa Bauer,jeffrey11@example.net,Netherlands,2018-11-12,Premium,8321.83
1505,Sharon Allen,bcopeland@example.com,Azerbaijan,2019-04-04,Basic,7482.91
1506,Sharon Ramirez,rebecca85@example.com,Papua New Guinea,2019-09-09,Premium,26082.31
1507,Victoria Miller,marqueztodd@example.net,Lithuania,2018-04-03,Standard,20885.18
1508,Jeffrey Baker,kcastro@example.com,New Caledonia,2024-01-27,Premium,23747.86
1509,Tammy Reyes,garzalaura@example.org,Morocco,2022-09-17,Standard,36911.69
1510,Vincent Allen,tochoa@example.net,Armenia,2018-03-29,Standard,9534.13
1511,Richard Phelps,bentleylisa@example.net,Samoa,2018-04-01,Premium,41763.88
1512,Maureen Johnson,andrewbautista@example.org,French Guiana,2023-10-30,Basic,16860.28
1513,Rebecca Daniel,michael55@example.org,Falkland Islands (Malvinas),2024-06-28,Standard,32822.45
1514,Anthony Ellis,kayla23@example.net,Sierra Leone,2021-08-29,Standard,29708.53
1515,Mariah Yang,kimberly27@example.org,Grenada,2023-12-12,Basic,22318.29
1516,Joshua Trujillo,leslietorres@example.net,Bermuda,2021-05-30,Basic,6684.52
1517,Emily Crawford,katherineharris@example.net,Libyan Arab Jamahiriya,2021-06-09,Premium,39484.46
1518,Robert Huang,susanmorris@example.org,Comoros,2020-07-17,Standard,18657.93
1519,Susan Graves,katherine82@example.com,Niger,2021-03-26,Premium,7502.08
1520,Christina Davis,jphelps@example.net,Guam,2021-03-10,Standard,47815.07
1521,Jennifer Morse,kirkjill@example.com,Nicaragua,2024-12-08,Premium,35619.43
1522,Angela Key,pmckenzie@example.net,Cape Verde,2021-03-14,Premium,48662.98
1523,Denise Simpson,johnperez@example.net,Sudan,2019-09-21,Premium,11971.48
1524,Adam Sanchez,mathewstimothy@example.com,Israel,2018-06-18,Standard,28768.81
1525,Yvette Lee,melaniecarpenter@example.net,Morocco,2022-12-11,Standard,18546.64
1526,Veronica Francis,linda46@example.com,Haiti,2020-04-20,Basic,35386.01
1527,Taylor Flores,chase25@example.net,Egypt,2021-07-22,Standard,7482.42
1528,Lauren Davis,gnichols@example.net,Denmark,2023-01-11,Basic,48775.74
1529,Michelle Newman,stevenandrews@example.org,Kuwait,2023-12-26,Standard,6162.35
1530,Kathleen Graham,andrewwest@example.net,Azerbaijan,2018-04-13,Standard,46560.34
1531,Karen Mccarthy,flemingcameron@example.net,Falkland Islands (Malvinas),2019-08-19,Standard,46397.78
1532,Theresa Luna,wjordan@example.org,Indonesia,2019-10-02,Premium,48510.49
1533,Jesse Ryan,mark98@example.com,Cambodia,2024-02-16,Basic,16630.90
1534,Veronica Matthews,arellanobrian@example.com,Namibia,2021-04-25,Standard,44809.27
1535,William Austin,ucross@example.org,Egypt,2024-06-07,Basic,7439.47
1536,Patricia Mayo,anthonymcfarland@example.net,British Indian Ocean Territory (Chagos Archipelago),2024-05-04,Basic,45353.35
1537,Brandon Powell,yballard@example.net,Lebanon,2022-12-16,Standard,34488.43
1538,Greg Davis,gregory64@example.com,Bermuda,2023-05-16,Premium,7057.22
1539,James Perez,morgankaren@example.net,Equatorial Guinea,2024-03-06,Premium,15473.30
1540,Larry Hendrix,flemingcody@example.org,Marshall Islands,2022-07-04,Basic,42059.76
1541,Gabriel Torres,michele23@example.net,Niger,2023-01-01,Standard,4714.81
1542,Mr. William Davis DDS,carolberry@example.com,Romania,2018-08-14,Basic,32101.50
1543,Patricia Romero,cjohnson@example.net,Tuvalu,2024-07-17,Basic,11184.98
1544,Teresa Aguirre,savannah15@example.net,Cocos (Keeling) Islands,2021-02-12,Premium,1225.18
1545,Carol Garcia,carrieosborn@example.com,Wallis and Futuna,2024-01-15,Standard,33885.46
1546,Matthew Decker,qraymond@example.net,Bahrain,2018-12-24,Basic,19781.74
1547,Jacob Allen,zlopez@example.org,Guinea-Bissau,2023-07-02,Standard,30198.28
1548,William Castillo,abbottchristopher@example.net,Gibraltar,2023-09-27,Premium,45431.50
1549,Kristine Park,psherman@example.org,Finland,2022-01-18,Standard,7482.50
1550,Jerome Gonzalez,ypowell@example.org,Liechtenstein,2022-10-18,Standard,19367.02
1551,Brian Hoffman,ytorres@example.com,Sierra Leone,2018-02-19,Standard,17311.52
1552,Amy Guerra,staceyparker@example.net,San Marino,2021-06-15,Standard,43727.66
1553,Kimberly Davidson,fergusonbrandon@example.com,Hungary,2018-12-25,Premium,36419.88
1554,Victor Williams,hrodgers@example.org,Malawi,2022-12-25,Basic,49630.60
1555,Michael Lozano,bryantjacob@example.org,Rwanda,2022-12-18,Standard,8273.14
1556,Miguel Simpson,williamspatrick@example.net,Brazil,2022-10-03,Basic,44831.80
1557,Abigail Allen,tracey63@example.com,United States Virgin Islands,2019-07-26,Basic,29936.99
1558,Amanda Thomas,christyscott@example.com,Pitcairn Islands,2019-08-12,Premium,15231.23
1559,Sharon Sims,shelbyvaldez@example.com,Ireland,2023-11-22,Standard,3399.18
1560,Jennifer Gutierrez,megan37@example.com,Netherlands Antilles,2024-08-16,Standard,4513.57
1561,Michael Williams,sanderson@example.org,Barbados,2022-08-05,Basic,45729.08
1562,Ashley Barrera,ijones@example.com,Chad,2022-08-25,Premium,27835.11
1563,Dawn Becker,smitchell@example.com,Togo,2024-05-15,Premium,10042.95
1564,Ashley Wilson,stephaniepeters@example.com,Cook Islands,2022-04-13,Standard,27737.96
1565,Zachary Harrison,rodriguezbenjamin@example.com,Colombia,2018-06-22,Standard,41745.80
1566,Michael Jones,cgilbert@example.net,Cambodia,2021-05-29,Standard,28008.12
1567,Randy Bates,kaylahardy@example.org,Montenegro,2023-03-14,Premium,1439.32
1568,Christian Villarreal,sandra57@example.org,United Arab Emirates,2018-01-11,Premium,13207.58
1569,Jeanne Hernandez,william32@example.net,Congo,2023-04-20,Premium,32725.27
1570,Nathan Johnson,pjones@example.net,Marshall Islands,2021-03-24,Standard,9050.68
1571,Christopher Payne,brian16@example.net,Martinique,2020-09-29,Premium,6055.80
1572,Nathan Ramsey,mitchell21@example.net,Djibouti,2021-02-09,Standard,49717.21
1573,Aaron Brown,hmack@example.org,Serbia,2018-10-01,Basic,37303.72
1574,Kristy Jones,,Finland,2024-07-08,Standard,28322.17
1575,Jasmine Kent,feliciasalazar@example.com,North Macedonia,2020-11-22,Basic,34327.05
1576,Thomas Hernandez,jeffrey42@example.com,Equatorial Guinea,2019-05-05,Standard,25675.04
1577,Isabel Smith,douglas76@example.net,Turkmenistan,2024-06-14,Premium,42279.48
1578,Crystal Morales,jared66@example.com,Kuwait,2019-10-30,Basic,3019.67
1579,Jill Price,matthew62@example.net,Marshall Islands,2021-08-02,Standard,43928.03
1580,Daniel Lee,stacydaniel@example.net,Haiti,2019-07-09,Standard,8249.11
1581,Kimberly Gallagher,tbrooks@example.org,India,2021-01-21,Standard,21033.75
1582,Brian Pearson,rebecca96@example.org,Cook Islands,2021-12-29,Premium,14563.82
1583,Juan Moore,bgiles@example.org,Western Sahara,2023-12-10,Basic,46822.22
1584,Michael Cruz,joshuareese@example.net,Seychelles,2023-10-06,Premium,38345.48
1585,James Casey,edwardstewart@example.org,Trinidad and Tobago,2020-01-21,Premium,29978.25
1586,Pamela Tucker,lowekristin@example.org,Angola,2019-11-16,Basic,16198.08
1587,Scott Brown,edwardsrachel@example.org,Samoa,2021-07-19,Basic,40013.87
1588,Daniel Pittman,cindy59@example.com,Lebanon,2021-01-16,Basic,34928.58
1589,Christopher Turner,rachelhernandez@example.com,British Indian Ocean Territory (Chagos Archipelago),2022-01-24,Premium,26767.57
1590,Lisa Moore,rgraves@example.net,Thailand,2021-12-11,Premium,743.59
1591,Vanessa Beck,reginadavis@example.org,Burkina Faso,2023-10-24,Standard,18713.41
1592,Kaitlyn Woods,willisvanessa@example.com,Venezuela,2023-06-10,Standard,17081.62
1593,Kenneth West,wallerstacey@example.net,Guatemala,2019-10-30,Premium,10972.02
1594,Victoria Tanner,thompsonclaire@example.net,India,2023-08-24,Premium,41595.52
1595,Ashley Donovan,suzanneflores@example.net,Somalia,2024-04-07,Basic,34513.68
1596,Angela Morrison,lsmith@example.com,Chile,2023-11-24,Basic,35656.10
1597,David Palmer,burnsrebecca@example.org,Pakistan,2019-04-12,Standard,23078.52
1598,Eric Cole,rmorgan@example.net,Senegal,2018-11-09,Premium,40960.35
1599,Mary Cook,andersontiffany@example.net,Algeria,2018-03-13,Standard,17475.67
1600,Alicia James,cjames@example.net,Peru,2022-01-25,Premium,40870.23
1601,James Richardson,vrussell@example.org,Western Sahara,2024-09-13,Basic,38203.12
1602,Dennis Lee,joseph71@example.net,United States Minor Outlying Islands,2021-11-02,Premium,35523.75
1603,Jordan Wilson,lindarodriguez@example.org,Christmas Island,2018-04-28,Basic,40747.25
1604,Christian Solis,shieldsalec@example.org,Saint Pierre and Miquelon,2020-06-29,Premium,42855.08
1605,Sheila Williamson,brandisheppard@example.com,Norfolk Island,2019-08-07,Basic,11406.06
1606,Rachel Rodriguez,browndominic@example.net,Vanuatu,2019-05-29,Premium,6597.89
1607,Brandon Bean,hamiltongina@example.org,Australia,2018-11-18,Standard,34571.83
1608,Jasmine Garrett,thomasgonzalez@example.com,Netherlands,2019-04-03,Premium,1038.44
1609,Julie Dennis,,Christmas Island,2023-06-07,Standard,2221.60
1610,Deborah Humphrey,hollywarner@example.org,Comoros,2019-03-18,Premium,39673.45
1611,Frank Braun,ralphhuff@example.com,Netherlands Antilles,2023-10-05,Basic,3057.34
1612,Martin Robinson,madison38@example.org,Palau,2019-05-03,Standard,2259.75
1613,Melinda Campbell,calvinbrown@example.com,United Kingdom,2021-05-20,Basic,612.59
1614,Lisa Roth,craigrachel@example.com,American Samoa,2019-01-31,Premium,46012.89
1615,Megan Flores,helen91@example.net,Estonia,2020-04-21,Basic,45068.63
1616,Emma Howard,twood@example.com,Germany,2020-01-27,Basic,17641.53
1617,Natasha Perez,bradgomez@example.com,Turkmenistan,2019-01-07,Premium,42308.49
1618,Thomas Mathis,dford@example.com,Cape Verde,2021-02-10,Basic,17457.04
1619,Paul Barnes,markskristina@example.com,Trinidad and Tobago,2019-10-20,Basic,39062.03
1620,Jennifer Smith,edwardshah@example.org,Bhutan,2024-11-15,Premium,25294.97
1621,John Nelson,andrewmyers@example.com,Switzerland,2018-10-07,Premium,40997.37
1622,Kirsten Perez,flawson@example.com,Jordan,2018-02-27,Basic,10928.20
1623,Caitlin Costa,gomezdaniel@example.com,Romania,2020-02-24,Standard,8671.50
1624,Dylan Young,alara@example.com,American Samoa,2024-01-10,Premium,48681.64
1625,Lynn Morgan,gabriella69@example.org,Netherlands Antilles,2019-02-09,Premium,46031.81
1626,Douglas Hardy,mikewaller@example.org,Andorra,2023-04-29,Standard,34936.83
1627,Jason Clark,haley57@example.com,Moldova,2020-01-29,Standard,33708.93
1628,Riley Hale,tammyharrington@example.net,United States Minor Outlying Islands,2019-03-16,Premium,41753.63
1629,Kevin Young,tracyharrison@example.org,Germany,2022-04-04,Standard,10792.27
1630,Anna Christensen,christopher77@example.net,United Arab Emirates,2020-07-21,Standard,5730.99
1631,Tina Adams,mprice@example.com,Rwanda,2021-07-11,Premium,23348.49
1632,Ryan Brown,jeffreysmith@example.com,Sweden,2023-10-30,Premium,24841.22
1633,Kristina Bowers,todd59@example.net,Cook Islands,2022-01-19,Basic,14484.74
1634,Maria Rosario,phillipsbruce@example.org,Malta,2018-06-16,Premium,16472.96
1635,Diane Gibbs,ahaynes@example.com,Eritrea,2019-04-19,Standard,14252.21
1636,Edward Johnson,dmiller@example.org,Kiribati,2024-09-25,Basic,15669.14
1637,Kristi Wheeler,daniel47@example.com,Congo,2022-12-24,Premium,27740.40
1638,Jody Martin,marcussmith@example.org,Trinidad and Tobago,2021-04-05,Standard,9520.37
1639,John Thomas,opierce@example.com,Oman,2018-10-13,Standard,46960.19
1640,Christopher Austin,schneidermario@example.net,Armenia,2022-02-14,Premium,738.01
1641,Amy Love,tylermcintosh@example.org,Canada,2023-07-07,Basic,5348.08
1642,Christopher Reeves,fischerteresa@example.com,Belgium,2022-11-30,Basic,32961.56
1643,Paul Vasquez,warrendarlene@example.com,Puerto Rico,2018-12-15,Premium,7254.04
1644,Rodney Olsen,wmoore@example.com,Denmark,2022-06-29,Basic,29568.81
1645,Matthew Grant,dayheidi@example.com,Armenia,2019-02-21,Basic,46271.99
1646,Peter Dodson,vincentmorris@example.net,Paraguay,2019-11-23,Premium,18249.13
1647,Jordan Roberts,caldwellheidi@example.net,Bangladesh,2020-03-26,Standard,10093.15
1648,Kevin Clark,ssmith@example.org,Mozambique,2022-07-14,Premium,11720.19
1649,Katrina Calderon,ilewis@example.org,United States Virgin Islands,2022-10-06,Basic,25005.59
1650,Lisa Baker,william23@example.net,Equatorial Guinea,2024-07-11,Basic,13721.34
1651,Gabriel Green,santosshannon@example.com,Netherlands,2022-06-28,Standard,23843.73
1652,Megan Carrillo,jackwilliams@example.org,Samoa,2024-10-06,Standard,49377.41
1653,Christine Wolf,marissa39@example.com,Guyana,2023-09-26,Standard,7453.97
1654,Matthew Hall,jay04@example.org,Cuba,2023-02-06,Premium,6197.28
1655,Shannon Clark,dcortez@example.com,Netherlands,2023-06-28,Standard,11618.01
1656,Tammie Castillo,laura31@example.net,Botswana,2019-07-06,Premium,5070.21
1657,Sarah Harvey,arroyosarah@example.com,Kenya,2018-08-05,Premium,24956.93
1658,Keith Moore,richardsondebbie@example.com,Saint Vincent and the Grenadines,2018-04-20,Premium,19193.39
1659,Angela Butler,evansaustin@example.org,Gabon,2021-09-01,Premium,15207.36
1660,Jesus Randolph,davidfields@example.net,Somalia,2024-12-27,Premium,38032.56
1661,Timothy Alvarez,rodriguezjenny@example.com,Trinidad and Tobago,2023-10-31,Standard,39657.30
1662,Melissa Nelson,warnertimothy@example.net,Puerto Rico,2020-04-07,Standard,33138.45
1663,Austin Gregory,johnsonryan@example.com,Isle of Man,2023-07-02,Basic,13157.10
1664,Adam Merritt,chungnancy@example.net,Finland,2021-11-08,Basic,27376.34
1665,Christina Adams,sylvia33@example.net,Kiribati,2018-05-10,Standard,44018.27
1666,Whitney Williams,shansen@example.com,Somalia,2019-05-03,Standard,22560.76
1667,Samuel Williams,christopher57@example.com,Mayotte,2022-03-22,Standard,23036.85
1668,Matthew Watson,malikfowler@example.com,China,2018-05-15,Premium,27877.66
1669,Jacqueline Lucero,dylan78@example.com,Guyana,2021-05-26,Basic,8290.80
1670,Angelica King,marvinhoward@example.com,Korea,2022-10-31,Premium,15691.74
1671,Shannon Martin,coopersamantha@example.net,Cameroon,2022-05-13,Standard,38224.16
1672,Kimberly Collier,melissaberry@example.org,Sweden,2024-05-19,Basic,24578.63
1673,Angela Barnes,mooneyamy@example.net,Bosnia and Herzegovina,2024-03-18,Basic,27015.68
1674,Dawn Pierce,jodisutton@example.com,Liechtenstein,2023-04-09,Standard,28156.55
1675,Nicholas Robles,zmills@example.org,Morocco,2019-10-03,Basic,2881.28
1676,Jason Walton,perezdawn@example.org,Syrian Arab Republic,2020-12-14,Standard,29593.15
1677,Nicole Moran,simpsonruth@example.net,Zambia,2022-03-28,Basic,33856.74
1678,Peter Turner,amberdavis@example.org,Anguilla,2021-03-11,Standard,3165.06
1679,Edward Clark,jonesshaun@example.org,Jamaica,2024-08-15,Premium,6497.08
1680,Mary Smith,matthew53@example.com,Japan,2022-02-09,Standard,40496.72
1681,Tamara Reid,sheltontiffany@example.com,Ghana,2024-07-19,Premium,38283.18
1682,David Wells,xmullins@example.org,Jamaica,2021-10-29,Standard,4957.77
1683,Lisa Bell,yvang@example.org,Libyan Arab Jamahiriya,2021-11-14,Standard,20655.29
1684,Angie King,millerjennifer@example.net,Norfolk Island,2018-08-20,Basic,12287.02
1685,Jordan Curry,cassandraharrison@example.com,Georgia,2020-08-19,Basic,15673.77
1686,Michele Hayes,rdavis@example.org,Nauru,2018-12-14,Basic,3368.46
1687,Phyllis Walls,ljones@example.com,Falkland Islands (Malvinas),2021-06-02,Premium,16945.95
1688,Jasmine Buckley,kingdavid@example.net,Liechtenstein,2018-03-22,Basic,16373.23
1689,Jesse Nash,robertsmark@example.org,Poland,2023-03-03,Basic,43182.09
1690,Ryan Gonzalez,ywright@example.net,Sri Lanka,2024-05-15,Basic,45080.35
1691,Cassandra Bennett,ian59@example.com,Denmark,2020-12-28,Premium,34828.33
1692,Rhonda Gould,garciadonald@example.net,Yemen,2024-08-05,Premium,49289.66
1693,Allison Crawford,hsmith@example.net,Heard Island and McDonald Islands,2022-03-28,Basic,19576.01
1694,Ashley Wells,samuel61@example.org,Benin,2024-06-03,Premium,40435.50
1695,Travis Howard,phunter@example.org,British Indian Ocean Territory (Chagos Archipelago),2019-02-14,Basic,33788.05
1696,Brandon Lopez,seanbarajas@example.com,Moldova,2021-10-08,Standard,25188.15
1697,Austin Tyler,brandiwilson@example.org,Djibouti,2021-10-22,Premium,30779.91
1698,Eric Francis,dsmith@example.net,Solomon Islands,2022-01-28,Standard,10167.76
1699,Joseph Adams,turnerlisa@example.com,Uruguay,2018-11-05,Basic,10782.60
1700,John Lewis,nmendoza@example.org,China,2020-12-22,Premium,14936.28
1701,Mark Weaver,thomasdavid@example.net,Cameroon,2024-06-07,Standard,40249.69
1702,Andrea Palmer,knightjohn@example.com,Taiwan,2019-01-12,Basic,42224.93
1703,Teresa Clayton,bbrown@example.org,Trinidad and Tobago,2019-01-24,Basic,16908.22
1704,James Lee,peter93@example.net,United States of America,2018-10-03,Basic,40079.17
1705,Lucas Tyler,wlucas@example.net,Cayman Islands,2023-05-01,Standard,10565.98
1706,Joseph Crawford,reynoldsanthony@example.org,Monaco,2018-11-11,Basic,41204.57
1707,Steven Thomas,woodphillip@example.com,Pakistan,2023-08-30,Standard,21702.23
1708,Sylvia Turner,samantha78@example.com,Hungary,2024-01-21,Standard,10083.84
1709,Sara Lawrence,taylordavis@example.com,Guam,2022-07-06,Standard,31285.70
1710,Lisa Brown,sarah49@example.net,Denmark,2023-01-31,Basic,38195.77
1711,Taylor Solomon,michaeltorres@example.com,Maldives,2020-01-10,Premium,31429.41
1712,Diana Harper,kaylazamora@example.org,Spain,2023-10-16,Premium,28884.48
1713,Elizabeth Mcdaniel,jennifer85@example.org,South Georgia and the South Sandwich Islands,2020-05-22,Basic,48109.64
1714,Joseph Wilson,danielle39@example.net,Switzerland,2023-03-30,Standard,46864.43
1715,Stephen Pacheco,john74@example.net,Kuwait,2023-12-23,Basic,42653.45
1716,Brianna Obrien,david68@example.com,Afghanistan,2022-11-12,Basic,36358.09
1717,Robert Scott,jgibson@example.net,Swaziland,2018-09-03,Basic,10112.34
1718,Keith Gonzalez,jarviscourtney@example.com,Nepal,2023-03-10,Premium,12094.66
1719,Jeffrey Edwards,herbertward@example.org,Armenia,2021-05-14,Standard,20571.99
1720,Destiny Dunn,david16@example.org,Armenia,2018-09-21,Basic,10257.55
1721,Lacey Smith,tiffany44@example.com,Dominican Republic,2022-08-17,Standard,41203.16
1722,Luke Duncan,sarah53@example.org,Angola,2019-10-20,Standard,34374.06
1723,Emily Robinson,nharris@example.org,Zimbabwe,2020-08-25,Standard,12000.32
1724,Kenneth Mendez,lisa11@example.org,Tanzania,2019-09-07,Premium,1482.44
1725,David Lynch,samantharamirez@example.org,Dominican Republic,2021-06-25,Standard,24320.58
1726,Jessica Valencia,ogriffin@example.org,Tanzania,2022-11-22,Standard,32381.41
1727,Micheal Ramos,wjefferson@example.com,Angola,2018-06-01,Premium,8051.99
1728,Denise Macias,hkim@example.com,Gibraltar,2019-07-13,Premium,12994.00
1729,Jordan Hughes,xobrien@example.org,Romania,2021-02-11,Basic,27580.23
1730,Russell Vega,kristinclark@example.com,Guinea,2018-06-22,Basic,24343.51
1731,David Roberts,nicolasrich@example.org,Poland,2018-03-23,Premium,42993.24
1732,Dana Wolfe,bmarquez@example.com,Montserrat,2018-12-10,Standard,30119.83
1733,James Henry,fblankenship@example.com,Equatorial Guinea,2018-09-18,Standard,44848.98
1734,Derrick Buck,timothy23@example.net,Oman,2019-01-05,Standard,47163.79
1735,Kiara Gonzalez,wernermichael@example.org,Bermuda,2019-07-30,Premium,5685.42
1736,Caitlin Gilbert,wrightalicia@example.com,Korea,2023-08-12,Premium,26145.68
1737,Charles Graham,jeremycollins@example.net,Bangladesh,2024-07-05,Basic,12665.22
1738,Brandon Williams,keithharrison@example.com,Ukraine,2019-01-05,Premium,30031.08
1739,Alan Ali,jonescraig@example.org,Martinique,2021-07-07,Standard,41633.47
1740,Joel Hodges,ericfrederick@example.org,Solomon Islands,2022-05-17,Basic,37223.55
1741,Scott Miranda,masonpatricia@example.com,Burkina Faso,2022-09-29,Premium,7299.47
1742,John Bradford,michelleflowers@example.net,Slovenia,2019-12-19,Premium,48499.18
1743,David Thompson,reevesfernando@example.net,Saudi Arabia,2022-12-06,Standard,12789.87
1744,William Taylor,steven76@example.net,Mauritius,2024-08-11,Premium,24568.89
1745,Stacy Owens,kristin96@example.com,Malta,2022-03-15,Basic,47440.67
1746,Carol Hodge,lindaclark@example.net,Heard Island and McDonald Islands,2021-07-20,Basic,21246.69
1747,Ashley Strong,xbennett@example.org,Germany,2020-10-06,Standard,43983.73
1748,Dr. Daniel Hampton,shannongarza@example.net,Burundi,2019-08-17,Standard,23813.57
1749,Elizabeth Sanchez,lesterrebecca@example.com,Libyan Arab Jamahiriya,2022-02-15,Standard,1151.60
1750,Micheal Watson,stevenperry@example.org,Ecuador,2024-10-17,Premium,42089.50
1751,Stephanie Livingston,nathaniel57@example.com,Tuvalu,2018-08-12,Basic,45881.12
1752,Jessica George,lori87@example.org,Vietnam,2020-09-08,Standard,27681.12
1753,Dr. Andrea Rivera,sandra20@example.org,Cameroon,2021-06-20,Basic,47928.33
1754,Kristina Brown,crystalwatson@example.com,Iraq,2022-01-26,Basic,6190.48
1755,Louis Reed,justin08@example.net,British Virgin Islands,2020-08-26,Standard,19484.70
1756,Olivia Hamilton,estradaamy@example.net,Mongolia,2022-05-29,Standard,15114.32
1757,Yvonne Hernandez,trivera@example.com,Saint Martin,2020-08-22,Standard,10598.29
1758,Debra Thomas,christopherreyes@example.com,Cyprus,2019-10-19,Standard,31604.50
1759,Eric Mckay,robertlee@example.org,Japan,2022-07-23,Premium,13774.42
1760,Dawn Moon,ritterfrank@example.org,Estonia,2018-11-25,Standard,23607.46
1761,Rachel Robinson,sandysnyder@example.org,Paraguay,2022-08-19,Standard,35897.56
1762,Steven Jensen,melissa49@example.net,Mexico,2019-02-16,Premium,34954.26
1763,Robin Rivera,alison98@example.net,Fiji,2023-09-05,Premium,17657.63
1764,Paula Sanchez,hamiltonjoseph@example.net,French Southern Territories,2024-10-02,Basic,40690.06
1765,Dr. Jared Crane MD,daniel28@example.org,Tanzania,2021-08-31,Standard,34790.98
1766,Shirley Wright,saraterry@example.net,Guyana,2018-08-02,Basic,32115.47
1767,James Knight,christopher29@example.com,Yemen,2022-12-22,Basic,6891.00
1768,Andrea Edwards,grahamlisa@example.org,Israel,2022-06-30,Premium,31451.98
1769,Andre Pace,parkertommy@example.com,Vanuatu,2021-07-09,Basic,4203.38
1770,Leah Sullivan,justinbishop@example.org,Guadeloupe,2019-10-09,Premium,25866.66
1771,Gabriel Bennett,garciachristopher@example.net,Algeria,2019-06-17,Basic,34319.09
1772,Jeffrey Mosley,victoriasmith@example.org,Antigua and Barbuda,2021-08-01,Standard,23970.44
1773,William Richardson,elizabeth10@example.org,Uganda,2019-07-01,Standard,8756.60
1774,Brett Davies,mcneilchristina@example.org,Somalia,2024-08-26,Standard,39996.48
1775,James Holder,adamskelly@example.net,Barbados,2020-03-24,Premium,20783.37
1776,Diane Brown,eric81@example.com,New Caledonia,2020-01-16,Standard,43831.86
1777,Drew Long,elizabeth77@example.com,Zambia,2024-05-25,Premium,1134.66
1778,Elaine Thornton,pbutler@example.com,Papua New Guinea,2018-04-05,Basic,32390.62
1779,David Hernandez,benjaminbrown@example.org,Cameroon,2020-07-25,Premium,48708.97
1780,Jerry Hernandez,campbellmarvin@example.com,Mozambique,2020-03-23,Standard,35092.93
1781,John Ortiz,sharon37@example.net,Antigua and Barbuda,2019-11-23,Premium,20111.64
1782,James Reed,johnsonmelissa@example.com,Iceland,2022-10-23,Basic,13081.87
1783,Jonathan Barrett,ubowers@example.com,Burkina Faso,2018-12-31,Standard,8589.13
1784,Nichole Zimmerman,susan92@example.org,Trinidad and Tobago,2024-05-12,Premium,804.33
1785,Tiffany Perry,vhutchinson@example.org,Armenia,2023-11-24,Standard,38690.63
1786,Cynthia Munoz,rebecca26@example.org,Sierra Leone,2023-02-02,Basic,24758.04
1787,Isaac Cooper,matthew17@example.net,Cook Islands,2020-07-08,Basic,10236.95
1788,Gary Hopkins,alyssa89@example.net,Vanuatu,2020-12-26,Standard,37347.51
1789,Jessica Dodson,gibsonjennifer@example.net,French Guiana,2022-04-14,Premium,21622.30
1790,Nicole Williams,andrew91@example.com,Switzerland,2020-04-26,Basic,10856.77
1791,Tanya Sloan,,Korea,2021-03-05,Basic,33891.71
1792,Steven Phelps,elizabethriley@example.com,Estonia,2022-09-10,Premium,20485.35
1793,Daryl Walker,aallen@example.com,Australia,2019-08-21,Premium,14580.63
1794,Rebekah Hill,usmith@example.net,Solomon Islands,2020-12-08,Premium,30922.24
1795,Kyle Williams,amandatran@example.org,Timor-Leste,2020-10-14,Standard,29186.86
1796,William Castro,gregory30@example.net,Japan,2023-02-20,Premium,614.98
1797,Matthew Potts,garciasarah@example.net,Eritrea,2019-06-30,Standard,48722.52
1798,Eduardo Scott,rebeccaharris@example.org,Guyana,2022-06-17,Basic,10689.66
1799,Timothy Collins,joneseric@example.org,Timor-Leste,2022-04-20,Basic,21222.22
1800,Tiffany Jones,tammy17@example.com,British Virgin Islands,2024-09-12,Standard,3745.48
1801,Sandy Nichols,olsonchristina@example.org,Guinea-Bissau,2024-03-31,Premium,2700.42
1802,Heather Hughes,amywright@example.org,United States Minor Outlying Islands,2020-08-19,Standard,45420.50
1803,Regina Mcguire,gayfrancis@example.com,Central African Republic,2024-10-19,Basic,48363.77
1804,Melissa Lee,anthony66@example.org,Sri Lanka,2024-09-16,Basic,37437.27
1805,Robin Lewis,christinewebb@example.net,San Marino,2018-07-06,Premium,12757.48
1806,Vanessa Garner,dgrant@example.com,Gibraltar,2024-12-13,Standard,15195.12
1807,Christina Williams,klopez@example.com,Andorra,2022-06-05,Basic,18607.97
1808,Taylor Wong MD,montesmichelle@example.org,Burkina Faso,2024-04-10,Premium,29066.30
1809,Linda Hoffman,watkinsthomas@example.net,Micronesia,2020-12-02,Premium,25236.96
1810,Gina Weber,hartmandanielle@example.org,Georgia,2021-10-21,Standard,6682.78
1811,Jessica Williams,brownkevin@example.org,Qatar,2021-07-23,Basic,26568.15
1812,James Hernandez,melissa18@example.com,Belarus,2019-08-04,Standard,5930.42
1813,Dr. Jason Johnson IV,jenniferkane@example.net,Netherlands,2018-06-30,Premium,25010.61
1814,Ariel Wilson,katrina51@example.org,Morocco,2021-02-24,Basic,18093.55
1815,Robert Hall,larry88@example.org,Sudan,2022-10-28,Standard,45149.35
1816,Taylor Berg,rebecca41@example.com,Sao Tome and Principe,2020-12-14,Basic,41496.50
1817,Emily Humphrey,barrettjoseph@example.org,Burundi,2020-12-16,Basic,15719.21
1818,Travis Chapman,vancebrad@example.com,Iraq,2019-11-07,Standard,36869.77
1819,Deborah Garza,christopherjackson@example.net,Uruguay,2023-07-06,Premium,27828.17
1820,Sharon Mccoy,ruizjessica@example.org,Chile,2022-12-08,Premium,9527.11
1821,Samantha Fleming,veronicasmith@example.net,Turkey,2018-08-12,Premium,9238.75
1822,Robert Parsons,travisyoung@example.com,Croatia,2023-04-11,Standard,8261.39
1823,Jasmine Bryan,max69@example.com,United States Minor Outlying Islands,2023-03-29,Standard,5889.60
1824,Debra Jensen,mannjonathan@example.net,Luxembourg,2023-07-21,Premium,22131.83
1825,Brian Garza,hayley92@example.net,Mozambique,2024-04-16,Standard,22942.21
1826,Michael Anderson,halljohn@example.org,Saint Martin,2019-04-06,Basic,43357.28
1827,James Sanford,susan90@example.net,Cote d'Ivoire,2019-05-22,Standard,4769.54
1828,Sandra Smith,petersonsergio@example.org,Saint Kitts and Nevis,2021-03-09,Premium,41764.19
1829,Barbara Wood,hgray@example.net,Falkland Islands (Malvinas),2023-09-15,Standard,28206.04
1830,Dakota Reid,paullopez@example.net,Togo,2024-07-26,Premium,29219.01
1831,Dana Burns,samuel40@example.com,Kyrgyz Republic,2018-01-17,Basic,38365.70
1832,Richard Bass,nwarren@example.com,Bouvet Island (Bouvetoya),2020-01-10,Standard,46028.62
1833,Brenda Ramirez,ehammond@example.net,Bahrain,2020-10-05,Standard,33877.73
1834,Hannah Newman,rharris@example.com,Iceland,2021-09-08,Premium,14285.63
1835,John Kim,andreyoung@example.com,Hungary,2019-05-15,Standard,18740.56
1836,Travis Hicks,danielgriffith@example.net,Equatorial Guinea,2019-03-11,Standard,7773.40
1837,Denise Barrett,julie01@example.net,Turks and Caicos Islands,2018-11-29,Standard,41551.89
1838,Steven King,katherinebarnett@example.net,Togo,2023-05-20,Standard,31455.00
1839,Rebecca Moreno,courtneymadden@example.org,Canada,2021-01-08,Basic,32934.51
2886,Erin Norris,abradley@example.com,Congo,2021-09-11,Premium,32843.02
1841,Nicholas Le,zking@example.com,Namibia,2023-01-30,Standard,47376.18
1842,James Wilkinson,cody79@example.org,Tuvalu,2024-05-20,Premium,10647.21
1843,Angel Rogers,iblake@example.com,Lithuania,2018-07-19,Basic,14219.41
1844,Tyler Smith,garciapaula@example.org,Isle of Man,2018-08-16,Basic,3629.13
1845,Christine Gutierrez,garciaveronica@example.net,Kazakhstan,2024-10-02,Standard,4718.30
1846,Connie Lewis,collin40@example.net,Ireland,2020-11-11,Premium,12080.00
1847,Douglas Chapman,forozco@example.com,Uzbekistan,2022-06-22,Premium,1123.55
1848,Bryan Trujillo,bradleybarker@example.net,Chad,2020-05-02,Premium,19486.29
1849,Melissa Smith,nmontoya@example.com,Tuvalu,2022-07-07,Standard,32393.68
1850,Brandon Aguilar,aaron55@example.com,Moldova,2019-09-24,Premium,14997.48
1851,Alyssa Davis,contrerasjames@example.org,Djibouti,2022-11-06,Basic,40337.02
1852,Morgan Gonzalez,jamesphillips@example.org,Panama,2021-06-24,Basic,30215.33
1853,Luke Johnson,michaelsherman@example.com,Syrian Arab Republic,2022-01-10,Basic,4895.96
1854,Brittany Brown,thomassmith@example.com,Antigua and Barbuda,2022-02-14,Basic,10073.58
1855,Melinda Orozco,millereric@example.org,Cape Verde,2022-12-30,Standard,23874.34
1856,Jeffrey Lyons,josephmeyer@example.net,Turks and Caicos Islands,2024-04-25,Basic,21211.22
1857,Tiffany Frederick,olivia29@example.net,Panama,2022-09-27,Standard,30732.00
1858,Tiffany Coleman,qramirez@example.net,Croatia,2022-11-14,Basic,21358.25
1859,Rebecca Houston,richardbennett@example.net,Lao People's Democratic Republic,2018-06-15,Basic,17153.07
1860,Shelly Wilson,rachelhall@example.net,Martinique,2023-03-14,Basic,11289.09
1861,Ashley Mendoza,brianwhite@example.org,South Georgia and the South Sandwich Islands,2019-09-28,Standard,26411.21
1862,Terry Romero,allenandrea@example.com,Malta,2023-11-20,Premium,14606.08
1863,Debbie Rivera,mariawilliams@example.com,Thailand,2022-11-27,Premium,45369.66
1864,Brenda Tyler,holmescolleen@example.org,Jamaica,2023-05-11,Standard,7515.47
1865,Kimberly Rojas,steven45@example.org,Antigua and Barbuda,2019-06-08,Basic,45154.89
1866,Penny Rowe,,Gibraltar,2020-10-15,Basic,21443.82
1867,Patrick Walsh,millerjames@example.org,Kazakhstan,2024-05-17,Premium,27594.62
1868,Kimberly Watson,ballvanessa@example.com,Hong Kong,2018-07-04,Basic,5470.85
1869,Rebecca Gordon,karen42@example.org,Mayotte,2022-10-07,Standard,4814.77
1870,Lindsay Ray,hmitchell@example.org,Canada,2024-05-17,Standard,17837.34
1871,Phillip Mason,edwardstaylor@example.net,Jordan,2024-07-26,Premium,38455.47
1872,Andrew Williams,nina65@example.net,Guam,2018-03-08,Premium,37051.76
1873,Nathaniel Hill,richardhart@example.org,Isle of Man,2023-03-11,Premium,39330.24
1874,Derrick Perez,mike05@example.com,Swaziland,2022-05-29,Premium,4256.20
1875,Kenneth Blair,weberbrian@example.org,Dominican Republic,2021-05-04,Standard,29401.70
1876,Scott Grant,kristin09@example.net,Zambia,2023-02-07,Basic,22552.40
1877,Tammy Lopez,brownlaurie@example.org,Tonga,2020-12-21,Standard,48339.31
1878,Ruben Martinez,,Christmas Island,2020-02-06,Premium,9335.86
1879,Kara Gilmore,zacharygray@example.org,Marshall Islands,2024-10-10,Standard,43593.63
1880,Jennifer Allen,thomasricardo@example.net,French Polynesia,2019-03-12,Standard,26765.36
1881,Kelly Brewer,rickey20@example.org,Turkmenistan,2018-01-24,Standard,5922.25
1882,Mitchell Richardson,tlewis@example.com,Belize,2019-12-05,Basic,23908.28
1883,Andrew Price,wmoore@example.com,Saudi Arabia,2022-07-18,Basic,48293.61
1884,Shane Lopez,jenniferwood@example.net,Pitcairn Islands,2024-10-01,Basic,24387.45
1885,Corey Grimes,barnettterry@example.com,Isle of Man,2024-12-08,Basic,18100.37
1886,Sharon Palmer,ingramjessica@example.com,Dominican Republic,2022-06-06,Standard,4472.99
1887,Kathryn White,martin27@example.net,Switzerland,2019-07-08,Premium,9621.02
1888,Megan Morgan,gloria04@example.org,Costa Rica,2018-03-07,Basic,48528.97
1889,Christine Hubbard,james84@example.net,Germany,2018-04-20,Premium,24107.75
1890,Barbara Chandler,lindadavis@example.net,Netherlands Antilles,2019-08-18,Basic,12164.83
1891,John Johns,stephenscatherine@example.org,Dominican Republic,2024-01-16,Premium,4396.07
1892,Lynn Gonzalez,dennisschneider@example.org,Armenia,2023-03-14,Premium,23752.06
1893,Sarah Cummings,hullcheryl@example.net,Luxembourg,2018-03-31,Premium,8388.66
1894,Erin Price,ayu@example.net,Saint Helena,2019-09-17,Basic,35159.65
1895,Stephanie Smith,jasonjohnson@example.org,Namibia,2023-06-10,Standard,1079.43
1896,Richard Rodriguez,marywarren@example.org,Ecuador,2023-01-16,Basic,12207.22
1897,Felicia Walsh,sbaker@example.net,British Indian Ocean Territory (Chagos Archipelago),2021-04-22,Basic,41489.59
1898,Susan Rangel,peterlynch@example.com,Burkina Faso,2022-05-24,Premium,16759.12
1899,Angela Munoz,pittsdanielle@example.net,France,2019-02-25,Basic,42396.71
1900,Eduardo Hall,bcooper@example.net,Burundi,2022-11-04,Standard,42445.95
1901,Jennifer Jackson,shellyobrien@example.net,Cameroon,2024-06-28,Basic,36580.82
1902,Jerry Rogers,qjones@example.org,Qatar,2021-04-06,Premium,24426.08
1903,Monica Anderson,cshepard@example.com,Norfolk Island,2023-06-15,Basic,29592.86
1904,Ricky Young,ypatterson@example.net,Aruba,2024-11-09,Basic,45263.15
1905,Anne Francis,bdeleon@example.org,Western Sahara,2023-06-22,Premium,35743.09
1906,William Meyer,michaelsanders@example.net,Benin,2023-12-04,Premium,21158.03
1907,Pamela Hughes,vjones@example.org,Bolivia,2021-07-17,Basic,3269.18
1908,Patricia King,michael68@example.net,Cocos (Keeling) Islands,2022-09-05,Standard,5935.34
1909,Brian Sims,jcoleman@example.net,United Kingdom,2024-12-25,Basic,17403.53
1910,Daniel Warren,kelly01@example.org,Gabon,2022-11-22,Premium,8150.54
1911,Abigail Rose,vdeleon@example.com,Dominica,2020-02-27,Standard,17257.98
1912,Michael Pierce,ricklewis@example.net,Holy See (Vatican City State),2020-08-08,Basic,11063.15
1913,Becky Garcia,shannon09@example.org,Madagascar,2021-10-21,Basic,42687.34
1914,Justin Zimmerman,justin20@example.net,Korea,2023-04-03,Premium,44170.35
1915,Lauren Martin PhD,kwang@example.com,Trinidad and Tobago,2022-05-18,Standard,41670.73
1916,Elizabeth Tran,hdavis@example.com,Cameroon,2022-01-15,Standard,40007.78
1917,Holly Cruz,dylancunningham@example.com,Angola,2019-10-26,Basic,10439.71
1918,Stacy Hudson,stephaniezamora@example.org,Colombia,2018-12-20,Basic,24196.20
1919,Renee Walker,kimberlyjordan@example.net,Monaco,2019-12-11,Premium,7900.07
1920,Amy Dean,branchthomas@example.com,Northern Mariana Islands,2023-07-09,Premium,39694.77
1921,Phillip Compton,maygordon@example.org,Georgia,2023-07-16,Standard,11812.47
1922,Wendy Perez,markbates@example.com,Pakistan,2024-03-30,Premium,49963.14
1923,Travis Taylor,hufftina@example.org,Ukraine,2022-01-09,Standard,17916.49
1924,Jason Alvarado,rachelknight@example.com,Guam,2019-10-12,Premium,41414.64
1925,Robert Bowers,wgarza@example.net,Philippines,2023-08-25,Premium,40360.10
1926,Matthew Davis,wberry@example.com,Norfolk Island,2021-10-15,Standard,5787.07
1927,Ronald Smith,gstokes@example.net,Switzerland,2020-07-17,Premium,28142.87
1928,Brianna Lee,ashley14@example.org,Singapore,2023-06-16,Standard,49683.77
1929,Joshua Allen,melissa40@example.org,Syrian Arab Republic,2021-12-26,Premium,38527.74
1930,Karen Walker,contreraswillie@example.net,India,2024-03-31,Standard,44826.25
1931,Jean Murillo,basskathryn@example.net,Cook Islands,2023-10-13,Basic,33507.35
1932,Michael Olsen,madison00@example.org,Honduras,2018-07-26,Standard,39969.45
1933,Lisa Ramirez,crystal15@example.org,Korea,2019-03-31,Premium,39104.45
1934,Christopher Soto,monicaavery@example.net,Isle of Man,2024-11-02,Premium,41198.15
1935,Amber Richardson,joseph77@example.com,Netherlands Antilles,2018-06-21,Basic,5360.01
1936,Christopher Klein,umcclure@example.com,Serbia,2019-04-29,Premium,45558.19
1937,Megan Carlson,andrew17@example.net,Niue,2019-10-06,Basic,14676.94
1938,Tammy Leblanc,arianarandolph@example.org,Seychelles,2022-12-14,Basic,24969.71
1939,Alison Zuniga,carlos33@example.org,Korea,2019-02-11,Premium,32389.94
1940,Timothy Best,michael23@example.com,United States Virgin Islands,2021-10-02,Premium,6236.88
1941,Ashley Stephens,marshalljamie@example.org,Philippines,2020-04-06,Standard,48484.87
1942,Larry Smith,robinsonrobert@example.net,Paraguay,2018-01-27,Premium,41757.19
1943,John Payne,nicholas33@example.com,Belarus,2023-04-25,Standard,14409.24
1944,Kimberly Parker,barbergary@example.net,Gibraltar,2019-12-03,Premium,13374.18
1945,Sean Carter,dudleycody@example.com,Finland,2022-08-27,Standard,31509.08
1946,Cynthia Harris MD,rossamanda@example.org,United Kingdom,2020-10-02,Premium,37684.99
1947,Richard Contreras,rosejones@example.org,Northern Mariana Islands,2023-12-10,Standard,39382.07
1948,John Hoover,curtislee@example.net,Venezuela,2019-07-20,Standard,20729.13
1949,Carolyn Payne,rmueller@example.net,Kazakhstan,2022-08-04,Standard,47596.84
1950,Jeffery Mckenzie,nancycharles@example.org,Mayotte,2023-10-16,Basic,18152.54
1951,Emily Johnson,ashleycole@example.net,Angola,2018-05-02,Standard,7364.66
1952,Michael Stephens DDS,hbecker@example.com,Lesotho,2018-02-10,Basic,40331.72
1953,Jennifer Hurley,rachelholmes@example.org,Tokelau,2018-10-13,Premium,16981.35
1954,Holly Smith,christopherpittman@example.org,Czech Republic,2022-07-04,Premium,21760.21
1955,Erin Moore,qshelton@example.com,American Samoa,2022-05-30,Premium,33042.79
1956,Kimberly West,mcdanielrichard@example.org,Saint Martin,2019-09-11,Basic,2984.71
1957,Matthew Giles,holdendominic@example.net,Indonesia,2023-10-31,Standard,21023.33
1958,Nicole Friedman,joe99@example.net,France,2024-03-17,Standard,36105.40
1959,Shawna Benton,patriciajohnson@example.com,South Georgia and the South Sandwich Islands,2021-07-08,Standard,494.32
1960,Larry Blair,mproctor@example.net,Puerto Rico,2021-02-19,Basic,30559.01
1961,Wayne Wong,nicole59@example.net,Micronesia,2019-08-25,Basic,20256.51
1962,Maria Campbell,ggarrett@example.com,Sudan,2020-04-20,Basic,31255.55
1963,Amanda Pena,kellyharold@example.net,Iran,2024-12-07,Basic,22162.98
1964,John Ryan,anthonygilbert@example.com,Hong Kong,2021-11-15,Basic,20284.83
1965,Tracey Brown,isimpson@example.com,Hungary,2020-03-19,Standard,4305.62
1966,Shannon Andrews,twagner@example.org,Taiwan,2024-01-11,Standard,19560.68
1967,Erica Ray,cgamble@example.net,Martinique,2019-06-01,Basic,49597.01
1968,Joseph Ross,faithsparks@example.com,Austria,2021-03-08,Premium,4731.70
1969,Sonya Alvarado,karla66@example.net,Niger,2024-03-10,Standard,26114.66
1970,Jesus Johnson,jacksonrachel@example.org,Slovakia (Slovak Republic),2019-10-18,Premium,1491.77
1971,Sarah Adams,sarahlong@example.net,India,2024-01-21,Basic,13008.64
1972,Harry Ochoa,jacob32@example.net,Martinique,2021-05-29,Basic,21195.02
1973,Sarah Clarke,michellelee@example.net,Vietnam,2023-09-01,Premium,36626.11
1974,Jared Green,jacob57@example.org,United States Minor Outlying Islands,2022-03-08,Standard,31386.78
1975,Jasmine Schmitt,richardlawrence@example.net,Cyprus,2021-12-22,Premium,2481.87
1976,Lawrence Parks,walkervictoria@example.net,Botswana,2019-05-26,Standard,14968.26
1977,Jeanne Diaz,ystone@example.net,Greece,2018-01-22,Standard,17015.12
1978,Frank Freeman,mallory30@example.org,Gambia,2020-08-25,Basic,49451.10
1979,Barbara Leonard,housedaniel@example.com,Netherlands Antilles,2024-05-05,Basic,44727.51
1980,Mr. Joseph Bush,josephjohnson@example.com,Cote d'Ivoire,2023-12-25,Basic,11768.51
1981,Brandon Carter,murphymark@example.org,Cuba,2021-05-10,Standard,33379.43
1982,Holly Mercado,halvarez@example.org,Dominica,2024-06-04,Basic,7084.58
1983,Jillian Stewart,moyerjoseph@example.org,Qatar,2022-03-27,Basic,36901.86
1984,Rebekah Campbell,johnsonmichael@example.com,Hungary,2019-03-08,Standard,25870.95
1985,Theresa Martinez,mhoffman@example.net,Syrian Arab Republic,2020-02-28,Standard,22770.05
1986,John Nelson,jimmypalmer@example.net,Togo,2019-08-24,Basic,21342.04
1987,Jennifer Wu,angela66@example.org,Zimbabwe,2022-08-15,Premium,4703.21
1988,Raymond Hunter,rryan@example.com,Tokelau,2022-10-07,Premium,23865.03
1989,Johnathan Morgan,tonya48@example.net,Guadeloupe,2023-01-02,Premium,18527.78
1990,Jennifer Cox,kristin94@example.org,Macao,2023-11-26,Standard,29453.15
1991,Tyler Lozano,burnettronnie@example.com,Anguilla,2023-10-27,Standard,43613.54
1992,Samuel Khan,moorekurt@example.net,Denmark,2024-07-21,Standard,31859.41
1993,Sherry Jones,davidwiley@example.org,South Georgia and the South Sandwich Islands,2022-12-08,Basic,46558.68
1994,Evan Clark,matthew08@example.org,North Macedonia,2023-06-29,Basic,48666.30
1995,Kristi White,campbelljustin@example.net,Malta,2019-10-30,Premium,25338.72
1996,Janice Harvey,sthomas@example.org,Jamaica,2023-06-09,Basic,22939.87
1997,Mark Alexander,dawn20@example.org,Haiti,2023-10-04,Basic,5991.10
1998,Victoria Padilla,keith18@example.org,Sri Lanka,2020-05-20,Standard,23720.44
1999,Michelle Morton,mclaughlinjames@example.org,Brunei Darussalam,2019-10-05,Basic,18529.67
2000,Charles Randall,simsclaire@example.org,Honduras,2019-05-02,Basic,42630.66
2001,Stacey Stone,kbaker@example.org,Saint Barthelemy,2019-03-28,Premium,18542.34
2002,Haley Patel,tpowell@example.org,Papua New Guinea,2021-04-01,Premium,26186.60
2003,Richard Yoder,qmarshall@example.net,Guyana,2019-04-28,Standard,15315.74
2004,Deborah Taylor,michellemcmahon@example.com,Cambodia,2022-03-14,Standard,14769.67
2005,Kayla Rowe,qreyes@example.net,Dominican Republic,2018-04-25,Premium,7192.78
2006,Jenna Dunn,jenniferhorne@example.net,Latvia,2024-08-12,Standard,2527.69
2007,Jim Lewis,ucobb@example.org,Vanuatu,2021-06-03,Standard,10857.51
2008,Lauren Lopez,nguyengerald@example.net,Zimbabwe,2023-06-26,Premium,6204.16
2009,Lisa Figueroa,stephanieoconnor@example.com,Palestinian Territory,2021-11-29,Premium,43534.28
2010,Angela Turner,joeljackson@example.net,Haiti,2022-09-07,Standard,28695.65
2011,Dana Lane,lukecase@example.com,Israel,2024-05-06,Standard,45024.34
2012,Nathaniel Ford,zrobinson@example.com,French Guiana,2022-03-26,Standard,41739.55
2013,Alejandro Cook,becky79@example.net,Saint Kitts and Nevis,2024-10-16,Premium,38121.37
2014,Steven Munoz,ksmith@example.org,Kazakhstan,2023-08-30,Basic,23100.71
2015,Anthony Wright,fwolf@example.net,Bouvet Island (Bouvetoya),2023-01-17,Basic,22508.83
2016,Michael Roth,bethanygrant@example.net,Ecuador,2021-08-25,Premium,40010.60
2017,Alfred Leonard,taylormichael@example.net,Somalia,2024-12-29,Standard,19423.03
2018,Amy Lopez,warejoseph@example.net,Liechtenstein,2022-06-08,Standard,27095.62
2019,Teresa Dyer,nbailey@example.net,Saint Vincent and the Grenadines,2022-12-20,Basic,13941.02
2020,Sherry Contreras,jack86@example.org,South Georgia and the South Sandwich Islands,2018-12-29,Premium,35389.71
2021,Nicole Bright,harrisjoshua@example.com,Dominica,2024-05-31,Basic,39828.32
2022,Maria Briggs,daniel15@example.org,Zimbabwe,2021-06-19,Basic,32293.47
2023,Nicholas Roach,johnsonedward@example.net,Chad,2024-04-10,Premium,9702.09
2024,Monica Matthews,elizabeth14@example.org,Lesotho,2024-12-09,Basic,28885.09
2025,Sean Dixon,salazarjames@example.org,Morocco,2018-08-05,Basic,26135.51
2026,John Clark,hdavis@example.org,Indonesia,2023-05-04,Basic,44853.53
2027,Chris Hernandez,ericdelacruz@example.net,Kuwait,2019-05-08,Basic,46815.47
2028,Paul Taylor,obrienjulie@example.org,Brazil,2020-01-07,Premium,13820.63
2029,James Anderson,bobbywilliamson@example.org,Kiribati,2020-04-22,Premium,41501.56
2030,Grant Newton,mrandolph@example.net,San Marino,2024-07-01,Standard,4323.93
2031,Amanda Armstrong,njames@example.net,American Samoa,2023-12-26,Basic,16089.51
2032,Jordan Mcdowell,kimberly12@example.com,Christmas Island,2024-08-09,Premium,24624.50
2033,Duane Clarke,igarrett@example.com,Tokelau,2018-04-06,Standard,21907.17
2034,Maurice Hendrix,caitlynbennett@example.org,Tajikistan,2022-08-27,Premium,42996.46
2035,Cheryl Bradford,jennifer10@example.org,Saint Barthelemy,2021-07-23,Standard,12933.17
2036,Linda Anderson,xcolon@example.org,Denmark,2019-04-15,Premium,27134.79
2037,Barbara Hill,jmcconnell@example.com,Mauritius,2021-03-14,Premium,9215.18
2038,Eric Bradshaw,meghangreen@example.org,Tuvalu,2019-01-03,Premium,15409.03
2039,Brooke Thomas,bconrad@example.org,Guyana,2022-07-27,Basic,8542.63
2040,Karen Grant,bruce99@example.org,Kenya,2024-11-21,Standard,9154.75
2041,Tracey Reynolds,gutierrezdavid@example.com,Marshall Islands,2018-08-28,Standard,19557.99
2042,Stephanie Peterson,stephanie20@example.org,Reunion,2021-08-03,Premium,20699.86
2043,Donna Wright,smithmichael@example.com,Zimbabwe,2021-08-20,Standard,18838.11
2044,Thomas Bowman MD,cindy57@example.net,Philippines,2019-05-11,Premium,10207.72
2045,Hannah Mitchell,sonyaking@example.org,Burundi,2024-09-11,Basic,11900.91
2046,Danielle Hamilton,williamsbrian@example.org,South Georgia and the South Sandwich Islands,2023-09-15,Basic,19313.93
2047,Barbara Clark,gspencer@example.com,Iran,2019-04-17,Standard,3125.54
2048,Tony Burns,iblack@example.org,Maldives,2023-03-19,Basic,20413.12
2049,Nicholas Diaz,hernandezanthony@example.net,Botswana,2023-06-07,Premium,20433.94
2050,Michele Ford,williamortiz@example.org,Egypt,2020-08-15,Premium,13531.07
2051,Micheal Cook,hesskeith@example.net,Zimbabwe,2024-07-28,Basic,5165.32
2052,Eric Owen,dannygonzalez@example.org,Mongolia,2024-03-22,Basic,39282.19
2053,Gregory Villarreal,sean69@example.com,Luxembourg,2021-06-01,Basic,20396.62
2054,Bryan Smith,yvonnelara@example.org,New Caledonia,2018-12-10,Basic,25071.58
2055,Rodney Calhoun,bweeks@example.com,Jordan,2019-08-07,Standard,27067.94
2056,Angela Richards,mariahlyons@example.com,Andorra,2019-11-20,Premium,26923.03
2057,William Powell,vgarcia@example.net,Namibia,2022-10-02,Basic,22641.93
2058,Barry Wilson,qchapman@example.com,British Virgin Islands,2018-01-05,Standard,48059.61
2059,Amanda Curry,brenda88@example.org,Swaziland,2024-12-17,Standard,32687.64
2060,Nicole Hodge,audrey53@example.net,Russian Federation,2019-11-17,Premium,3102.73
2061,Richard Williams,mortonkenneth@example.net,Swaziland,2023-05-30,Standard,29933.60
2062,Thomas Logan MD,pfowler@example.org,Congo,2022-04-07,Standard,42137.69
2063,Jeffrey Martinez,jreyes@example.net,French Guiana,2020-05-21,Basic,42050.14
2064,Terry Moses,javiermitchell@example.org,Libyan Arab Jamahiriya,2021-02-26,Premium,8154.67
2065,Derek Hall,kathleenkim@example.org,Saint Pierre and Miquelon,2023-12-28,Basic,3589.77
2066,Kaylee Garza,brandi19@example.com,Sri Lanka,2019-01-03,Standard,34951.62
2067,Michael Bartlett,nicolecharles@example.net,Burundi,2019-07-27,Basic,27868.31
2068,John Robertson,danieljenkins@example.org,Panama,2021-02-18,Standard,10621.42
2069,Alyssa Pratt,cody81@example.org,Heard Island and McDonald Islands,2023-08-30,Standard,44208.19
2070,Nicole Duncan,hlester@example.org,Kenya,2021-11-04,Basic,13141.89
2071,Monica Medina,sarah80@example.org,Mayotte,2023-01-29,Standard,12371.82
2072,Stephanie Torres,eugenemartinez@example.com,Mali,2021-08-10,Standard,10610.13
2073,Tammy Duncan,xcompton@example.com,Venezuela,2024-09-21,Standard,892.14
2074,Christopher Cain,amber67@example.com,Lebanon,2019-07-02,Basic,46120.66
2075,Sandra White,omarmiller@example.net,Iraq,2024-10-29,Standard,313.53
2076,Matthew Miller,williamporter@example.net,Faroe Islands,2018-02-09,Basic,8759.45
2077,Lindsay Henderson,stevengoodwin@example.net,Western Sahara,2024-03-26,Basic,35194.65
2078,Dr. Karen Reid MD,jerome14@example.org,Somalia,2022-05-28,Basic,4149.32
2079,Ashley Simmons,plam@example.org,Christmas Island,2018-11-14,Basic,1644.28
2080,Mr. Robert Tran,mathewbennett@example.org,Slovakia (Slovak Republic),2022-12-29,Basic,6258.44
2081,Lauren Trevino,owhite@example.org,Turks and Caicos Islands,2022-03-22,Basic,17962.49
2082,Jennifer Bowman,preyes@example.net,Estonia,2019-12-27,Basic,49191.40
2083,Jessica Baker,edward70@example.org,Monaco,2019-05-27,Standard,18586.98
2084,James Moore,bethany36@example.com,Mauritius,2020-03-01,Standard,567.23
2085,April Ponce,josephross@example.net,Macao,2018-03-23,Standard,34059.66
2086,Andrew Graham,randall28@example.com,Netherlands,2022-01-05,Premium,4589.33
2087,Jessica Hanson,davischarles@example.org,Namibia,2024-11-17,Basic,15228.61
2088,Wendy Wright,yolandamarks@example.net,Ireland,2020-06-24,Premium,49007.94
2089,Daniel Cortez,petersontina@example.org,Uruguay,2022-01-26,Premium,14109.74
2090,Justin Davis,kimberly02@example.com,United States of America,2024-10-18,Premium,456.06
2091,Nicole Simpson,david16@example.com,Pakistan,2022-06-11,Premium,43508.82
2092,Corey Roberts,frenchrobert@example.org,Latvia,2024-05-20,Basic,24751.16
2093,Kari Buck,bartondavid@example.com,Nepal,2024-03-10,Premium,33025.94
2094,Nicole Mccoy,clinesteven@example.net,Cameroon,2024-05-06,Basic,34150.94
2095,Bobby Nelson,cobbmary@example.net,Colombia,2024-05-03,Premium,3361.50
2096,Lori Valentine,ijensen@example.net,Sri Lanka,2019-06-10,Basic,3345.96
2097,Melissa Perkins,gcollins@example.com,Montenegro,2020-11-29,Basic,42788.40
2098,Steven Davis,brianna50@example.org,British Virgin Islands,2023-11-13,Basic,39134.41
2099,Miranda Frazier,kirkkimberly@example.com,Egypt,2020-02-25,Basic,1253.56
2100,Jane Neal,daniel71@example.com,Pitcairn Islands,2023-12-23,Basic,12720.76
2101,Crystal Carlson,uclark@example.org,Isle of Man,2024-04-13,Standard,197.55
2102,Maria Garcia,mark90@example.com,Libyan Arab Jamahiriya,2022-10-16,Basic,33687.68
2103,Alexander Douglas,lindsay48@example.net,El Salvador,2018-08-01,Standard,21684.15
2104,Edward Bennett,rfleming@example.net,Tokelau,2022-07-25,Standard,6173.71
2105,Jessica Jimenez,murphyryan@example.org,American Samoa,2023-10-24,Standard,24829.18
2106,Tara Edwards,tracy75@example.net,Uganda,2023-10-20,Premium,44201.74
2107,Jerry Benton,tami38@example.net,Antarctica (the territory South of 60 deg S),2020-07-08,Premium,13968.86
2108,David Casey,lauren62@example.net,Colombia,2022-09-17,Basic,22498.19
2109,Gabrielle Roberts,sandersmatthew@example.net,Guatemala,2018-01-22,Standard,9810.95
2110,Anthony Neal,lmartin@example.org,China,2018-12-02,Basic,40402.88
2111,Christopher Gill,epatterson@example.net,Palestinian Territory,2020-07-13,Basic,21248.63
2112,James Gallagher,pricedale@example.org,Fiji,2018-11-01,Premium,9924.15
2113,Ariel Watson,amanda86@example.org,Albania,2021-09-10,Standard,3235.92
2114,Veronica Smith,zchapman@example.com,Rwanda,2019-02-01,Premium,24050.32
2115,Justin Gonzalez Jr.,scott04@example.com,Burkina Faso,2018-04-09,Basic,39881.32
2116,Jennifer Baker MD,ujones@example.org,Uruguay,2021-10-01,Standard,12432.96
2117,Damon King,bpeterson@example.com,Qatar,2023-04-24,Premium,47944.25
2118,Janice Goodwin,murraymichael@example.net,Chile,2018-08-11,Standard,26031.78
2119,Dennis Palmer,david83@example.net,Greece,2020-08-27,Premium,38809.90
2120,Heidi Goodwin,brandon64@example.com,Palau,2024-12-12,Standard,38228.52
2121,Matthew Morgan,mollybruce@example.org,Bouvet Island (Bouvetoya),2023-01-03,Basic,6328.84
2122,Cory Michael,imitchell@example.net,Serbia,2018-09-06,Premium,18932.02
2123,Vanessa Fleming,hayesrachel@example.com,Serbia,2018-09-24,Premium,3193.91
2124,Matthew Newman,tracyjohnson@example.net,Mauritania,2022-12-16,Premium,15143.41
2125,Christopher Jones,agomez@example.net,Mauritius,2022-11-04,Premium,5181.20
2126,Ryan Lawson,crivers@example.com,Greenland,2018-08-17,Basic,2704.94
2127,Cheyenne Hughes,markgardner@example.org,Ethiopia,2022-04-12,Standard,4881.93
2128,Crystal Abbott,alexander18@example.org,Saint Barthelemy,2022-08-11,Premium,43242.68
2129,Jessica Wagner,kirbymichael@example.org,Fiji,2024-12-30,Premium,22725.22
2130,Thomas Moses,jose08@example.org,Svalbard & Jan Mayen Islands,2023-03-17,Standard,44008.91
2131,Heidi Jones,shannonmueller@example.org,American Samoa,2024-12-11,Premium,17046.86
2132,Marilyn Lozano,john91@example.org,Mauritania,2018-04-17,Standard,25908.92
2133,Jonathan Guerrero,klara@example.net,Jamaica,2024-08-04,Premium,5489.53
2134,Kelsey Frank DVM,torrestricia@example.com,Mozambique,2018-02-20,Basic,35693.64
2135,Sara Garcia,qbecker@example.com,Djibouti,2024-08-25,Premium,45228.06
2136,Brandon Daniel,lpage@example.com,Bulgaria,2019-06-01,Basic,25494.01
2137,Sandra Wong,pmartin@example.org,Montenegro,2021-12-26,Standard,24121.83
2138,Brittany Rodriguez,kjohnson@example.net,Cote d'Ivoire,2024-12-18,Standard,9377.58
2139,Ms. Kayla Williams,garymartinez@example.org,American Samoa,2019-07-18,Premium,3118.51
2140,Christopher Smith,holtpaul@example.com,Hong Kong,2021-06-30,Basic,21848.82
2141,Thomas Romero,hespinoza@example.org,Mexico,2022-01-05,Standard,29224.93
2142,Edward Watson,robertssamantha@example.org,Ukraine,2024-01-26,Premium,7455.71
2143,Tanya Santos,lawrencekari@example.com,Falkland Islands (Malvinas),2021-06-18,Basic,17210.73
2144,Paul Chase,jamesparker@example.net,Germany,2022-02-19,Premium,25932.26
2145,Rachel Johnson,jessicavang@example.com,Syrian Arab Republic,2019-08-16,Premium,11945.63
2146,Sydney Smith,sherry96@example.com,Syrian Arab Republic,2024-04-10,Premium,21160.85
2147,Alejandro Barker,qreynolds@example.com,Jamaica,2020-03-11,Premium,32063.68
2148,Benjamin Stein,thendricks@example.org,Russian Federation,2020-04-04,Premium,17143.44
2149,Ryan Kaiser,valeriesmith@example.com,Mauritius,2023-05-03,Basic,34622.87
2150,James Meyers,kelsey70@example.net,Nicaragua,2023-03-30,Basic,34651.45
2151,Raymond Wolf,mbarnes@example.com,Micronesia,2024-06-27,Basic,48156.94
2152,Joseph Bradley,mmoore@example.com,Slovenia,2024-11-28,Standard,20992.89
2153,David Hamilton,kennedywanda@example.net,Norway,2019-10-27,Premium,22769.67
2154,Mr. Jackson Watson,dwhite@example.org,Montenegro,2018-06-22,Standard,11048.35
2155,James Steele,davidharding@example.org,Jersey,2018-01-16,Basic,11228.95
2156,Pamela Howard,omarturner@example.org,Micronesia,2020-08-01,Standard,31233.61
2157,Paige Baird,sarah17@example.com,Grenada,2020-09-06,Standard,36755.85
2158,Valerie Wilson,tbryant@example.org,Paraguay,2021-09-19,Basic,18858.00
2159,Katherine Cruz,kristendavis@example.net,South Georgia and the South Sandwich Islands,2022-06-28,Premium,41321.61
2160,Kristen Ramirez,bcase@example.com,Christmas Island,2018-01-28,Standard,593.62
2161,Larry Woods,colelisa@example.com,Saint Helena,2022-01-05,Premium,27779.11
2162,Deborah Anderson,erin57@example.org,Ghana,2019-08-07,Standard,22076.37
2163,Jonathan Smith,davidkane@example.com,Switzerland,2024-07-26,Standard,2290.85
2164,Kenneth Hurley,brownreginald@example.net,United Arab Emirates,2018-05-02,Premium,9971.47
2165,Donald Brown,jasontaylor@example.com,Christmas Island,2019-12-15,Premium,44280.57
2166,Tamara Carr,adam17@example.net,Pakistan,2019-12-15,Standard,42391.96
2167,Ruth White,jennifer31@example.org,Italy,2020-10-04,Premium,9879.78
2168,Todd Daniels,adam10@example.com,Western Sahara,2019-12-23,Standard,45541.38
2169,Melissa Rush,wilsonnathan@example.org,New Zealand,2018-03-27,Basic,6948.45
2170,John Aguirre,edwardsronald@example.net,Turkmenistan,2019-03-31,Standard,46812.09
2171,Jack Arroyo,kbrown@example.org,Cook Islands,2021-06-03,Standard,12083.48
2172,Joel Pacheco,erin07@example.com,United Kingdom,2022-03-06,Basic,8650.85
2173,Victoria Miller,anna54@example.org,Sudan,2023-11-29,Basic,44095.02
2174,Rebecca Boyd,kwatkins@example.org,Tonga,2018-09-25,Premium,7307.17
2175,Haley Larson,sue16@example.net,Benin,2019-06-20,Premium,9664.90
2176,Rebecca Robertson,tiffanyharris@example.com,Sudan,2022-03-30,Basic,18775.34
2177,Cindy Townsend,johnsonmartin@example.org,Guinea,2024-09-21,Standard,48851.38
2178,Mary Powell,caseystafford@example.org,Turkmenistan,2020-09-28,Premium,38177.81
2179,Monica Kim,matthewhull@example.com,Marshall Islands,2024-08-02,Premium,42736.33
2180,Scott Werner,bwilliams@example.com,Congo,2021-04-19,Premium,16451.26
2181,Colleen Robbins,patricia88@example.org,Mexico,2018-08-07,Basic,39801.03
2182,Christopher Mcbride,zmorse@example.net,Thailand,2019-06-02,Basic,48422.38
2183,Thomas Fernandez,matthew77@example.com,Romania,2023-06-26,Premium,36392.20
2184,Ian Harvey,christopher62@example.org,Mongolia,2023-04-12,Basic,30782.83
2185,Roger Wheeler,rachel51@example.org,Lithuania,2019-11-17,Basic,19466.98
2186,Emily Johnson,prestoncory@example.org,Bolivia,2023-09-17,Standard,24979.53
2187,Jordan Hughes,thomaslinda@example.net,Western Sahara,2023-03-17,Premium,16158.97
2188,James Mcdaniel,garyjohnson@example.net,Niger,2022-03-12,Basic,34756.03
2189,David Roth,holly12@example.org,Uganda,2023-07-20,Standard,13489.94
2190,Chad Kim,kristen95@example.org,Algeria,2022-07-01,Basic,46067.14
2191,Jason Burnett,millerdaniel@example.org,Tokelau,2024-07-19,Basic,1926.56
2192,Catherine Johns,scott95@example.org,Kazakhstan,2020-06-18,Premium,22658.80
2193,Tyler Vasquez,ipadilla@example.com,Nepal,2020-08-18,Standard,11007.83
2194,Tara Erickson,dawn31@example.org,Algeria,2022-10-07,Standard,28611.38
2195,Mrs. Megan Robinson,kendra03@example.net,Ukraine,2022-03-13,Standard,27572.54
2196,April Bailey,johnsross@example.net,New Zealand,2019-07-05,Premium,14822.90
2197,Paige Brown,courtney13@example.net,Guadeloupe,2023-10-27,Standard,11585.86
2198,Lisa Thompson,michael35@example.net,Montenegro,2018-06-18,Standard,25661.88
2199,Angel Hughes,browntamara@example.net,Wallis and Futuna,2021-10-09,Standard,22612.45
2200,Maria Sanders,jhahn@example.org,Barbados,2022-11-07,Standard,18438.85
2201,Michelle Woods,osbornepaula@example.com,Macao,2023-07-31,Standard,13723.67
2202,Michael Moran,eileenhudson@example.com,Gambia,2018-04-12,Premium,22140.26
2203,Tracey Brooks,andrewlong@example.com,Honduras,2020-12-23,Basic,3886.83
2204,Sarah Cook,robinsoncynthia@example.org,Barbados,2018-12-04,Standard,42145.91
2205,William Edwards Jr.,gwhite@example.com,Mauritania,2023-10-02,Basic,32218.35
2206,Kevin Burton,jefferywalker@example.com,Togo,2021-02-06,Premium,5010.61
2207,Adrian Cobb,daypatricia@example.net,Aruba,2018-10-20,Standard,2010.24
2208,Aaron Duran,pdixon@example.org,Canada,2020-03-31,Standard,9912.65
2209,Audrey Cruz,irobinson@example.net,Vanuatu,2021-09-10,Standard,15205.51
2210,Steven Cook,kcook@example.net,Somalia,2021-01-29,Premium,35311.57
2211,Mrs. Shannon Valencia,jacksonjillian@example.com,Georgia,2019-07-19,Basic,37017.07
2212,Anthony Ashley,robertbrock@example.org,South Georgia and the South Sandwich Islands,2020-12-05,Premium,38526.80
2213,Michael Ellis,abigail14@example.com,Kyrgyz Republic,2021-02-28,Standard,39178.10
2214,Melissa Martinez,zwilson@example.com,Tajikistan,2022-07-13,Standard,41110.88
2215,Miguel Pierce,jaimegraves@example.org,Bolivia,2018-02-18,Standard,32739.14
2216,Lisa Keller,gomezrenee@example.org,Mali,2019-09-04,Standard,11456.17
2217,Katherine Smith,ariana61@example.org,Macao,2020-05-09,Standard,11762.79
2218,Joseph Cook,crossnicole@example.net,San Marino,2024-08-01,Basic,37905.30
2219,William Jackson,jameszachary@example.net,Australia,2023-03-05,Standard,39616.55
2220,Patricia Stark,znichols@example.net,Netherlands,2021-07-06,Premium,21496.77
2221,Andrea Werner,williamperkins@example.org,Spain,2022-09-07,Premium,21990.17
2222,Erin Macias,sandovalwendy@example.org,Chile,2024-04-06,Premium,18797.54
2223,Karen Smith,andreagilbert@example.net,Brunei Darussalam,2024-06-23,Premium,15348.04
2224,Sara Perez,briandavis@example.com,Libyan Arab Jamahiriya,2018-02-09,Standard,40539.03
2225,Miss Monique Middleton,jonesterri@example.com,Morocco,2021-12-23,Standard,11351.98
2226,Christina Smith,jillnavarro@example.org,Argentina,2022-10-10,Basic,37656.05
2227,Veronica Hill,jefferyanderson@example.net,Kazakhstan,2024-01-12,Standard,16371.37
2228,Dr. Cameron Liu II,blakefrank@example.org,Macao,2018-04-06,Basic,39289.35
2229,George Williams,randy00@example.com,Saint Barthelemy,2019-07-24,Premium,48864.44
2230,Crystal Clayton,zstevens@example.net,Bhutan,2021-09-14,Basic,31528.98
2231,Courtney Tate,pearsonvicki@example.org,Israel,2024-10-05,Basic,28736.55
2232,Robin Good,harrisonnicholas@example.net,Armenia,2022-05-21,Standard,10289.81
2233,Caitlin Curry,davidglover@example.com,Egypt,2022-05-20,Premium,26771.08
2234,Natalie Nicholson,harveyphilip@example.org,Montenegro,2020-02-11,Standard,5521.05
2235,Sean Mcmillan,gtucker@example.org,Haiti,2024-05-21,Standard,31986.26
2236,Stephen Novak,zskinner@example.com,Zimbabwe,2021-06-01,Premium,8654.04
2237,Stephanie Reyes,fspears@example.net,Malaysia,2024-03-14,Premium,1699.75
2238,Heidi Brown,kimberly44@example.net,Argentina,2024-10-07,Standard,1439.24
2239,Jeffrey Petty,cassandra33@example.net,Israel,2020-03-26,Premium,45576.13
2240,Eric Munoz,shawnanderson@example.org,Hungary,2022-04-30,Standard,10374.03
2241,Stephen Wilson,tanya43@example.com,Papua New Guinea,2021-04-07,Basic,26267.35
2242,Ronald Cooper,joseph21@example.net,Malaysia,2023-02-06,Premium,18495.75
2243,Makayla Friedman,mavery@example.net,Niger,2018-02-15,Premium,16405.93
2244,Marcus Russell,jennifersolomon@example.net,Belize,2022-08-10,Standard,7936.07
2245,Laura James,jamesmorgan@example.org,Tuvalu,2019-03-30,Premium,26869.01
2246,Vincent Hays,ldickson@example.com,Papua New Guinea,2023-05-13,Basic,3531.27
2247,Joseph Walker,stacy03@example.org,Belgium,2020-04-25,Premium,43535.41
2248,Holly Barnett,xsullivan@example.net,Ethiopia,2021-06-22,Standard,40913.02
2249,John Luna,victor76@example.net,Rwanda,2023-04-29,Premium,30225.10
2250,Rebecca Adams,stacey53@example.com,Heard Island and McDonald Islands,2021-06-25,Basic,10228.34
2251,Wendy Nelson,mvelazquez@example.net,Hong Kong,2023-02-23,Standard,10164.97
2252,Amy Clark,david25@example.com,Heard Island and McDonald Islands,2019-08-08,Standard,3292.11
2253,Michael Smith,sara94@example.net,Benin,2022-06-24,Basic,40397.54
2254,Cathy Ross,marcuscase@example.net,Hong Kong,2023-11-24,Standard,45524.10
2255,Ryan White,alexanderberg@example.com,Burkina Faso,2023-07-04,Standard,23188.50
2256,Ricardo Chapman,bakerpaul@example.com,Austria,2018-06-10,Basic,4646.02
2257,Dr. Marie Silva MD,shelleyvelasquez@example.com,Singapore,2023-02-13,Standard,35045.80
2258,Eric Higgins,chavezrobert@example.net,Sierra Leone,2021-05-03,Standard,30690.07
2259,Brian Solomon,johnsondebbie@example.net,British Virgin Islands,2019-12-19,Standard,12531.83
2260,Joseph Kelly Jr.,millerjessica@example.com,Bermuda,2024-12-05,Basic,21660.62
2261,Kristin Flores,michaelmontes@example.com,Saint Vincent and the Grenadines,2022-04-25,Basic,9253.87
2262,Jessica Bullock,rgreen@example.net,Tuvalu,2024-05-18,Premium,19738.21
2263,Amber Crawford,mollypeck@example.net,Anguilla,2018-06-28,Premium,44288.54
2264,Jennifer Peterson,jeffreywallace@example.com,Bulgaria,2019-10-09,Standard,44139.54
2265,Jennifer Nguyen,jamessmith@example.com,United States Minor Outlying Islands,2024-01-12,Standard,33366.18
2266,Ronald Buckley,lisa78@example.org,Anguilla,2018-10-01,Basic,36354.23
2267,Holly Banks,johnsonsamantha@example.com,Togo,2020-06-08,Standard,20622.78
2268,Monica Jones,luisbates@example.org,British Indian Ocean Territory (Chagos Archipelago),2024-03-14,Premium,49766.29
2269,Larry Perez,hammondjeff@example.com,Marshall Islands,2018-11-10,Premium,25269.30
2270,Melissa Snyder,rebekahgonzalez@example.org,Honduras,2021-08-28,Standard,22601.71
2271,Heather Moore,uthompson@example.org,Netherlands Antilles,2020-11-01,Premium,25352.62
2272,Laura Welch,wbowers@example.org,Saint Helena,2023-03-09,Premium,3752.46
2273,Luis Wilcox,reneehernandez@example.org,Northern Mariana Islands,2023-03-07,Standard,17248.52
2274,Robin Perez,patriciamorrison@example.org,Afghanistan,2022-06-24,Premium,19894.05
2275,Samuel Vazquez,kimberlyperez@example.org,Jamaica,2018-02-13,Standard,5822.67
2276,Jordan Stanton,dsanders@example.net,Kuwait,2019-07-14,Standard,33547.75
2277,Cody Lawson,duranlindsay@example.org,Hong Kong,2023-03-17,Standard,23121.71
2278,Adrian Martinez,pgarcia@example.net,Cyprus,2018-12-05,Basic,32885.43
2279,Kristin Castro,janicestuart@example.com,Papua New Guinea,2022-11-28,Premium,23592.31
2280,Lorraine Leblanc,amanda46@example.com,Cook Islands,2021-02-17,Premium,8612.40
2281,Paul Anderson,tinabrandt@example.net,Cape Verde,2018-03-15,Basic,5115.70
2282,Christopher Joseph,walterskaren@example.com,El Salvador,2021-04-19,Premium,26779.23
2283,Hannah Mooney DVM,jenniferortega@example.net,Norfolk Island,2022-05-20,Premium,3971.51
2284,Cassandra Mullen,lbrown@example.net,Guadeloupe,2018-02-15,Basic,13735.29
2285,Matthew Mccullough,marissareid@example.net,Lesotho,2022-12-10,Standard,8979.22
2286,Dana Wyatt,schmidtjoseph@example.net,South Africa,2018-05-22,Basic,26661.71
2287,Brian Young MD,jermaine84@example.org,Palau,2022-12-16,Basic,2483.03
2288,Brittany Beasley,robinsonpaul@example.com,Panama,2023-11-12,Basic,33160.74
2289,Richard Beck,ashleycortez@example.net,Haiti,2019-02-26,Standard,34548.30
2290,Erik Hill,uwilliams@example.com,Montenegro,2022-12-24,Premium,29950.45
2291,Christopher Sims,richardsonronnie@example.net,Ethiopia,2018-07-19,Standard,38379.00
2292,Keith Hull,mark40@example.net,Venezuela,2020-10-19,Standard,45446.94
2293,Laura Bennett,brittanyhayes@example.com,Guinea-Bissau,2020-03-30,Premium,900.32
2294,Amy Lara,andrewjackson@example.org,Papua New Guinea,2018-04-25,Premium,16922.12
2295,Marcus Pearson,taylordorothy@example.org,Gambia,2020-02-27,Basic,33480.58
2296,Dakota Sanchez,nbullock@example.com,Kyrgyz Republic,2020-06-22,Premium,39866.52
2297,Maria Sullivan,klewis@example.com,Liechtenstein,2019-11-19,Basic,8435.66
2298,Crystal Yates,davidpearson@example.net,Serbia,2022-08-30,Basic,5473.42
2299,Tyler Dominguez,awong@example.com,Dominica,2021-09-01,Standard,28146.50
2300,Taylor Shepard,james91@example.net,Sierra Leone,2020-02-16,Basic,10435.25
2301,Eric Johnson,hunter12@example.org,Cayman Islands,2024-01-28,Standard,46952.27
2302,Benjamin Wilkinson,tom64@example.com,Mongolia,2019-05-10,Premium,10767.62
2303,Rebecca Mitchell,dawsonaaron@example.com,Monaco,2021-12-31,Standard,8763.72
2304,Eric Gardner,tcrawford@example.net,Kiribati,2022-07-06,Basic,15880.39
2305,Tammy Dyer,barnesjames@example.com,Japan,2022-05-14,Premium,22992.92
2306,Amanda Hodge,johnsonjohn@example.com,Qatar,2018-09-28,Basic,40772.74
2307,Curtis Chapman,kproctor@example.com,Nicaragua,2024-12-30,Standard,2292.55
2308,John Miller,derrick63@example.com,Costa Rica,2020-06-14,Standard,15146.56
2309,Jacob Owens,whitemichael@example.org,Marshall Islands,2024-09-18,Standard,49156.81
2310,Jason Clark,jimmy15@example.net,French Guiana,2019-02-22,Basic,26855.46
2311,Lisa Hansen,cheryl54@example.com,Palestinian Territory,2024-05-20,Premium,12671.81
2312,Edwin Rivera,nancy43@example.com,Russian Federation,2019-01-24,Basic,16285.28
2313,Benjamin Mosley,fostersarah@example.net,Ecuador,2022-05-11,Basic,46235.21
2314,Dana Thornton,joshua74@example.org,Morocco,2019-06-29,Standard,8849.02
2315,Sherri Baker,dustinwilliams@example.com,Macao,2021-07-26,Basic,24158.31
2316,Larry Woods,vanessacaldwell@example.net,Norway,2021-10-04,Premium,30465.81
2317,Kelly Hodge,cory21@example.org,Uganda,2024-07-24,Standard,19180.33
2318,Jill Brown,dariusmendoza@example.org,Lesotho,2020-08-10,Basic,29414.68
2319,Steven Stone,justinmckinney@example.com,Heard Island and McDonald Islands,2018-02-24,Premium,1158.55
2320,Robert Anderson,benjaminsmith@example.com,Fiji,2019-05-24,Standard,11896.18
2321,Sarah James,hernandezcheryl@example.net,Austria,2022-10-22,Premium,31026.33
2322,Brenda Mclaughlin,daniel13@example.net,Tonga,2018-09-03,Premium,18788.73
2323,Scott Lin,llee@example.com,Niue,2021-04-29,Premium,7668.36
2324,Kaitlin Smith,farellano@example.net,New Zealand,2020-04-17,Basic,1991.55
2325,Benjamin Mccarthy,jaime56@example.com,Cyprus,2024-09-15,Standard,36988.86
2326,Daniel Weaver,brandon34@example.org,Comoros,2021-09-08,Premium,13978.51
2327,Brooke Lambert,arthurwright@example.com,Kuwait,2018-06-12,Basic,39609.81
2328,Derek Clark,smithjesse@example.com,Rwanda,2022-08-27,Basic,40654.26
2329,Kathy Steele,iharrington@example.org,Antigua and Barbuda,2018-04-08,Premium,42362.05
2330,Stephanie Herring,jennifer29@example.com,Hong Kong,2021-09-18,Standard,12188.22
2331,Tina Hernandez,lucasteresa@example.com,Tuvalu,2024-01-19,Premium,45340.94
2332,John Lopez,turnermckenzie@example.org,Cape Verde,2020-10-14,Basic,34844.27
2333,Riley Davenport,martinlisa@example.net,Western Sahara,2020-06-30,Basic,43648.02
2334,James White,jessica23@example.org,Burkina Faso,2023-11-06,Standard,9258.92
2335,Brittany Mcguire,taylordennis@example.com,Montserrat,2018-01-25,Premium,43506.35
2336,Cindy Rich MD,jamesortiz@example.com,Bangladesh,2018-10-14,Premium,2700.13
2337,Barbara Santana,adiaz@example.com,Togo,2019-08-03,Premium,6365.49
2338,Ricardo Lynch,karen53@example.net,Azerbaijan,2019-12-13,Basic,27487.47
2339,Martin Clark,davidgilbert@example.org,Saint Pierre and Miquelon,2020-04-17,Premium,25420.48
2340,Patricia Cabrera,jimmyrobinson@example.net,United States Virgin Islands,2022-10-12,Basic,23407.00
2341,Bonnie Martinez,stephen90@example.org,Korea,2019-11-04,Basic,9957.06
2342,Tina Stanley,kellyibarra@example.org,Kazakhstan,2022-10-03,Premium,30331.98
2343,Miranda Hendricks,donna87@example.net,Singapore,2021-05-26,Standard,28863.45
2344,Sandra Alvarez,qmorris@example.com,Botswana,2020-04-04,Standard,43135.03
2345,Sandra Walls,sarawilliams@example.com,Northern Mariana Islands,2023-05-25,Premium,47555.56
2346,Kimberly Knapp,kristinaharrison@example.org,Guadeloupe,2022-01-12,Standard,18948.10
2347,Tara White,carol95@example.com,India,2023-04-13,Standard,21192.59
2348,Diane Scott,staceywashington@example.net,Comoros,2024-11-01,Basic,21728.18
2349,Randy Jones,corymiller@example.org,British Indian Ocean Territory (Chagos Archipelago),2019-10-01,Standard,1088.57
2350,Tracy Williams,toni86@example.net,Nicaragua,2022-04-12,Standard,42716.71
2351,Thomas Daugherty,gibsonbrandon@example.com,French Guiana,2021-05-14,Basic,26906.16
2352,Rebecca Cantu,michaelmatthews@example.net,Niger,2024-03-14,Basic,8867.40
2353,Henry George,snydergerald@example.org,United Kingdom,2022-04-08,Standard,15361.78
2354,James Scott II,bwhite@example.com,Togo,2021-03-06,Standard,28150.89
2355,Charles Bennett,rshelton@example.com,Nauru,2023-05-24,Premium,16728.38
2356,Janet Rubio,jodysmith@example.net,Svalbard & Jan Mayen Islands,2023-04-07,Premium,7820.75
2357,William Phillips,bwiley@example.com,Macao,2020-02-16,Premium,740.43
2358,Kathryn Greene,alexander70@example.org,Algeria,2023-08-13,Basic,36294.73
2359,Lisa Gray,charles53@example.net,Kiribati,2023-07-06,Standard,46291.98
2360,Marcus Mckee MD,ernestrich@example.net,Ghana,2022-06-05,Basic,18719.93
2361,Derrick Chavez,ywells@example.org,Cayman Islands,2023-06-29,Standard,32088.33
2362,Latoya Smith,blackwellmichael@example.org,Cambodia,2024-08-06,Premium,20498.50
2363,Brandi Valdez,edwardmitchell@example.org,Gibraltar,2018-06-09,Premium,19302.82
2364,Tina Mack,bobbyvargas@example.com,Saudi Arabia,2024-05-05,Premium,9791.99
2365,Lauren Hall,stevencortez@example.org,Oman,2022-11-23,Standard,38586.39
2366,Ronald Sharp,bradbennett@example.com,Panama,2021-11-28,Basic,35485.51
2367,Jose Lucas,colton31@example.org,Palau,2022-02-17,Basic,2979.46
2368,Sarah Williams,janetmoore@example.net,Belize,2022-04-28,Standard,36809.64
2369,Christian Herring,kimberlywatson@example.com,Malawi,2020-09-19,Standard,1821.93
2370,Sophia Dawson,mollystephens@example.net,Luxembourg,2022-01-20,Basic,35357.29
2371,Elizabeth Smith PhD,schmidtjose@example.net,Azerbaijan,2018-04-26,Basic,33317.21
2372,William Brady,williamspaul@example.net,Vanuatu,2019-08-29,Standard,30311.24
2373,Tara Ramos,usanchez@example.net,Greece,2019-08-27,Standard,12446.00
2374,Tina Little,sonya64@example.net,British Indian Ocean Territory (Chagos Archipelago),2024-06-26,Basic,42091.64
2375,Misty Robinson,danielthomas@example.com,Sudan,2018-02-20,Premium,38571.51
2376,Benjamin White,hannah04@example.org,New Zealand,2022-04-24,Standard,35332.88
2377,Daniel Kaufman,jessica89@example.net,Tonga,2018-11-26,Basic,45506.46
2378,John Gilbert,marciasullivan@example.net,Nepal,2022-09-29,Premium,41504.50
2379,Diamond Vazquez,pearsonwillie@example.org,Bouvet Island (Bouvetoya),2020-11-01,Basic,15180.76
2380,Alicia Robinson,bhenderson@example.net,Portugal,2023-12-24,Basic,44343.88
2381,Michelle Brown,sharon28@example.com,Congo,2024-07-28,Standard,36723.28
2382,Chelsea Davis,crystal52@example.com,Ecuador,2018-12-31,Premium,31845.39
2383,Stephanie Pierce,mcconnellangela@example.org,Uzbekistan,2021-11-11,Premium,13524.16
2384,Robert Jackson,brownraymond@example.net,Jersey,2020-05-08,Basic,19958.71
2385,Jim Graham,michaelathompson@example.net,Tuvalu,2021-06-15,Premium,49352.57
2386,Shane Lynch,nnunez@example.org,Suriname,2023-07-08,Premium,4933.85
2387,Dr. Bradley Rogers,waretabitha@example.com,Christmas Island,2022-09-08,Basic,20900.43
2388,Brian Hamilton,tammy10@example.org,Comoros,2021-03-27,Basic,21604.38
2389,Jonathan Moore,jenniferhernandez@example.net,Mauritius,2019-12-24,Standard,9401.36
2390,Monique Walker,stevengreene@example.org,Marshall Islands,2019-07-05,Premium,24374.92
2391,Michael Duran,sullivanpaula@example.com,Hungary,2023-08-21,Premium,22587.97
2392,Andrew Campos,margaret20@example.net,United Arab Emirates,2020-05-20,Premium,10126.95
2393,Kelly Chase,john19@example.org,Lao People's Democratic Republic,2020-01-19,Premium,13041.66
2394,Tina Wilson,gomezbrittney@example.net,Timor-Leste,2022-08-02,Standard,31379.19
2395,Danielle Schwartz,donna20@example.net,Swaziland,2019-03-24,Basic,8389.69
2396,Meredith Bennett,wferguson@example.org,New Zealand,2021-04-15,Premium,18948.65
2397,Laura Davis,shane49@example.net,Nauru,2021-02-07,Premium,17173.38
2398,Tiffany Cooper,carrielambert@example.net,North Macedonia,2024-07-26,Premium,23947.07
2399,Jeremy Evans,bethfranklin@example.com,Ethiopia,2019-02-17,Premium,3146.72
2400,Brenda Williamson,tgarza@example.org,Serbia,2018-01-30,Basic,29164.03
2401,Malik Washington,trancaitlin@example.com,Poland,2018-06-21,Premium,10632.31
2402,Dawn Bell,richard18@example.org,Spain,2018-01-30,Standard,30188.95
2403,Kathy Turner,smurray@example.com,Maldives,2020-12-24,Standard,23714.27
2404,Gwendolyn Ross,osbornkelly@example.net,Martinique,2021-10-12,Basic,21529.74
2405,Dylan Smith,elizabethrobertson@example.com,Turkey,2022-02-27,Basic,44518.59
2406,Vincent Wilson,martindonald@example.com,Armenia,2021-07-15,Premium,47055.45
2407,Dylan Guzman,smithamy@example.com,Martinique,2022-06-21,Standard,30579.37
2408,Heather Garcia,aaronwiley@example.net,Moldova,2021-12-29,Standard,40332.88
2409,Max Williams,itorres@example.net,Dominica,2018-01-13,Standard,43540.02
2410,Nancy Green,tranrobert@example.org,American Samoa,2022-07-04,Basic,41787.52
2411,Tyler Kramer,williamsjason@example.net,Guatemala,2019-07-23,Premium,30135.27
2412,Olivia Powell,deanna05@example.com,French Guiana,2023-12-14,Standard,47557.99
2413,Dean Cunningham,qirwin@example.com,Jersey,2020-10-15,Standard,22650.71
2414,Anthony Juarez,valdezalyssa@example.org,Israel,2023-05-01,Basic,20715.02
2415,Regina Johnson,ronaldoneal@example.org,Australia,2020-02-09,Premium,49310.45
2416,Thomas Turner,david90@example.com,Liberia,2021-08-12,Premium,31725.49
2417,Grant Henderson,xcardenas@example.org,Gabon,2018-07-07,Basic,16343.71
2418,Jamie Cobb,darrylkent@example.net,Nepal,2022-12-25,Premium,30377.47
2419,John Stewart,ltate@example.org,British Virgin Islands,2022-06-28,Basic,30668.36
2420,Evelyn Lewis,scott04@example.com,Gambia,2018-11-30,Standard,21453.02
2421,Mr. Joshua Cohen,nathan39@example.com,Greece,2023-05-05,Basic,42869.29
2422,Ryan Meyers,larryburns@example.org,Burundi,2019-02-16,Basic,19304.44
2423,Nicholas Robinson,jacquelineatkins@example.net,Azerbaijan,2024-10-22,Premium,35625.90
2424,David Anderson,staceyarias@example.org,Vanuatu,2023-11-01,Basic,39264.61
2425,Kaitlyn Leblanc,cynthiaford@example.org,Jamaica,2023-08-29,Premium,6480.28
2426,Kimberly Gardner,christinapeters@example.net,Peru,2018-12-23,Standard,41634.47
2427,Frederick White,george52@example.net,Togo,2024-02-26,Standard,8485.84
2428,Jared Madden,tracy91@example.com,Bangladesh,2023-01-02,Premium,24160.21
2429,Thomas Rice,coxcarol@example.com,Kiribati,2024-01-24,Premium,12243.46
2430,Derrick Hall,danielle52@example.com,Kazakhstan,2019-11-30,Basic,35025.46
2431,Monique Castaneda,daniel71@example.com,Mozambique,2019-03-09,Standard,49668.74
2432,Robert Duncan,jordanboone@example.net,Costa Rica,2018-04-30,Premium,46457.27
2433,David Dixon,walkerdavid@example.org,Italy,2021-08-30,Standard,38338.81
2434,Richard Barker,margaretboyd@example.net,Cocos (Keeling) Islands,2020-06-21,Basic,12955.66
2435,Andrew Wells,lisahawkins@example.com,South Africa,2023-05-05,Basic,6242.60
2436,Joshua Gonzalez,margaret62@example.com,Poland,2019-07-11,Basic,31714.05
2437,Christopher Wallace,ricky35@example.net,Czech Republic,2023-07-09,Premium,39797.47
2438,Dr. Jose Garcia,,French Guiana,2021-09-25,Premium,46595.82
2439,James Miller,yramos@example.org,Nauru,2024-09-26,Premium,32234.93
2440,Leah Brown,jeffrey62@example.net,Netherlands,2022-03-25,Basic,37174.09
2441,Stacy Soto,vgreen@example.org,New Zealand,2022-04-13,Basic,32140.90
2442,Laurie Johnson,rodriguezamanda@example.net,Guam,2024-04-20,Standard,40441.53
2443,Kenneth Schmidt,marissasutton@example.com,Central African Republic,2020-07-04,Standard,5872.93
2444,Bradley Wheeler,rebecca24@example.com,Falkland Islands (Malvinas),2018-12-26,Premium,4548.06
2445,Kayla Black,caguilar@example.org,Monaco,2024-08-22,Premium,37256.43
2446,Jacqueline Rowe,tmurphy@example.net,Guernsey,2019-04-21,Basic,18450.08
2447,Beth Holmes,kirbybrett@example.org,Barbados,2021-07-07,Standard,28888.15
2448,Kevin Simon,wilkinskevin@example.net,Comoros,2018-01-07,Standard,3188.06
2449,Susan Hayes,murraysara@example.net,Marshall Islands,2024-01-03,Premium,42371.22
2450,Vincent Schaefer,tylerlaura@example.org,Jamaica,2022-10-02,Standard,38586.92
2451,Shane Mills MD,millerjessica@example.net,Antarctica (the territory South of 60 deg S),2019-06-02,Basic,33220.76
2452,Jonathan Walton,rowebelinda@example.net,Liechtenstein,2024-08-16,Premium,5418.64
2453,Angela Landry,barbara09@example.net,United States Virgin Islands,2018-02-07,Basic,42632.87
2454,Sarah Berry,marthagriffin@example.net,Australia,2021-07-18,Premium,40825.78
2455,Charles Hensley,orichards@example.com,Benin,2021-04-30,Premium,25041.65
2456,Mary Garner,webstersteven@example.net,American Samoa,2023-02-10,Premium,30113.12
2457,Maureen Lee,vsmith@example.org,British Virgin Islands,2019-08-21,Basic,33301.00
2458,Rachel Miller,susanpatel@example.net,Lebanon,2018-05-21,Basic,16074.95
2459,Matthew Edwards,sanchezronald@example.net,Bahamas,2023-08-20,Basic,6260.85
2460,Erin Nichols,foleyjennifer@example.org,Finland,2024-06-08,Standard,31590.75
2461,Shawn Evans,eclark@example.com,Venezuela,2020-06-02,Standard,14645.61
2462,Rachel Crawford,itodd@example.com,Belgium,2022-03-23,Premium,49059.03
2463,Gregory Le,ncarroll@example.com,Dominican Republic,2021-09-26,Premium,41411.45
2464,Amy Smith,amy61@example.com,North Macedonia,2020-05-12,Basic,46728.20
2465,Joanna Sanchez,michelle63@example.net,Libyan Arab Jamahiriya,2020-07-10,Basic,36812.71
2466,Heather Clarke,garciakelly@example.com,Zimbabwe,2020-01-04,Standard,36397.03
2467,Amanda Anderson,thomaswhite@example.org,Timor-Leste,2021-05-10,Basic,45627.58
2468,Kristopher Barajas,vortiz@example.org,French Polynesia,2019-10-15,Premium,27442.35
2469,Bradley Aguirre,casey61@example.org,Uganda,2021-10-14,Standard,33927.14
2470,Zachary Murray,cynthia35@example.net,Tunisia,2021-11-27,Standard,19614.05
2471,Tamara Ortiz,brad51@example.org,Comoros,2023-12-03,Basic,14223.69
2472,Kimberly Taylor,alanthomas@example.com,Cote d'Ivoire,2020-03-10,Basic,42826.99
2473,Timothy Hicks,bakerjonathon@example.com,Korea,2022-06-01,Premium,6631.94
2474,Paul Hall,laura09@example.com,Morocco,2024-07-05,Premium,42505.51
2475,Jennifer Morales,hudsonglen@example.net,Serbia,2021-05-30,Standard,32766.24
2476,Teresa Hicks,monica51@example.net,Dominica,2024-06-22,Premium,22150.00
2477,Pamela Medina,ftaylor@example.org,Korea,2023-05-31,Standard,44871.18
2478,Craig May,jshaffer@example.org,Solomon Islands,2020-05-09,Premium,40237.49
2479,James Collier,kimberly03@example.com,Yemen,2020-03-12,Basic,32596.78
2480,Jonathan Mills,hunterjamie@example.com,Kenya,2022-01-23,Basic,42821.45
2481,Heather Hunt,jasoncampbell@example.com,Korea,2019-02-22,Basic,39296.41
2482,David Hall,jacobscindy@example.org,Western Sahara,2019-08-28,Standard,47524.87
2483,Cheryl Petersen,lcosta@example.net,Brunei Darussalam,2022-10-16,Basic,42098.84
2484,Gregory Cobb,bradshawcarlos@example.org,Tokelau,2018-08-19,Premium,17843.63
2485,Stephanie Carr,shannon20@example.com,Senegal,2023-04-25,Premium,47258.65
2486,Alejandro Zimmerman,tnorris@example.com,Bolivia,2019-04-26,Basic,32539.88
2487,Caitlin Watson,maryday@example.org,Nigeria,2024-08-27,Standard,48489.38
2488,Mr. Brett Walters,douglashill@example.com,Antarctica (the territory South of 60 deg S),2022-07-13,Premium,1796.24
2489,Nancy Wells,kbird@example.com,Costa Rica,2020-09-13,Standard,24482.43
2490,Jake Braun,laura24@example.org,Estonia,2024-09-07,Premium,32674.57
2491,Melissa Nunez,robertrodriguez@example.net,Austria,2022-03-18,Basic,49559.08
2492,Eric Fox,wattsjason@example.com,American Samoa,2019-01-03,Standard,43258.30
2493,James Benson,brianconrad@example.org,Antigua and Barbuda,2022-04-15,Standard,31653.44
2494,Peggy Young,egriffith@example.net,Guyana,2022-12-29,Standard,678.96
2495,Tyler Silva,morganthomas@example.com,Antarctica (the territory South of 60 deg S),2019-04-23,Premium,6190.37
2496,Johnny Taylor,johnsonsteven@example.net,Kyrgyz Republic,2023-09-19,Premium,1249.04
2497,Paul Johnson,fjackson@example.org,Costa Rica,2024-06-04,Basic,24026.97
2498,Jamie Williams,pwilkerson@example.com,Lithuania,2019-01-23,Basic,9136.72
2499,Bryan Brock,leslie46@example.org,Lithuania,2023-06-07,Basic,35166.58
2500,Christopher Morton,wellsadam@example.com,Gambia,2021-05-07,Basic,6349.30
2501,Anthony Good,katherinecarter@example.org,Colombia,2021-08-25,Premium,35717.03
2502,Brandon Sanders,matthewlewis@example.net,Faroe Islands,2024-01-11,Premium,20325.99
2503,Brenda Oconnor,aguilarkevin@example.com,South Georgia and the South Sandwich Islands,2018-03-22,Standard,27847.40
2504,Sophia Bennett,clarkian@example.net,Niue,2024-01-07,Basic,24479.31
2505,Brandon Leblanc,portiz@example.com,Netherlands,2023-10-27,Basic,26995.19
2506,Michelle Johnson,josephcooper@example.net,Guinea-Bissau,2019-05-24,Premium,48287.48
2507,Heather Reyes,danielandrews@example.org,Ghana,2019-04-26,Premium,43113.97
2508,Kimberly Nielsen,jacksonrussell@example.com,Saudi Arabia,2020-01-08,Premium,27780.62
2509,Morgan Lang,jscott@example.com,Somalia,2021-07-11,Premium,2053.24
2510,Veronica Craig,jasongray@example.org,United States of America,2024-06-13,Premium,32666.76
2511,Joseph Collins,andrew37@example.net,Moldova,2018-12-26,Basic,12912.35
2512,Vanessa Rodriguez,henrychristine@example.net,Bulgaria,2018-05-24,Premium,48998.43
2513,Eric Williams,philliphayden@example.net,Brunei Darussalam,2023-09-05,Standard,18241.63
2514,Rachel Petty,amber86@example.com,Kiribati,2024-02-08,Premium,21210.26
2515,Amanda Moore,audreyrose@example.com,Falkland Islands (Malvinas),2018-01-01,Premium,15099.94
2516,Charles Foley,cameronjackson@example.net,Saint Lucia,2023-10-29,Standard,32991.96
2517,Todd Hernandez Jr.,aaron33@example.org,Bahamas,2022-12-28,Premium,28895.87
2518,Joshua Bennett,julia67@example.org,Nauru,2021-07-05,Basic,45548.08
2519,Aaron Black,martinezdavid@example.org,Angola,2021-12-13,Basic,26956.65
2520,Savannah Davis,loritaylor@example.com,Cook Islands,2020-05-09,Basic,5040.56
2521,Natalie Perkins,nsingh@example.org,Iceland,2018-07-03,Premium,1933.02
2522,Robert Rogers,bendermichelle@example.net,Jamaica,2019-08-04,Standard,42818.65
2523,David Sanchez,johnsoncandice@example.net,Malaysia,2020-05-31,Premium,30147.00
2524,Daniel Hamilton,sharpjohn@example.com,Belize,2020-06-03,Basic,18017.35
2525,Kelly Miller,batesangela@example.com,Puerto Rico,2019-06-11,Basic,31153.41
2526,Jonathan Malone,edward03@example.net,Eritrea,2018-11-01,Basic,12822.87
2527,Mary Jones,marioallen@example.com,Isle of Man,2022-04-13,Basic,45192.63
2528,Frank Harding,justin46@example.com,Kenya,2022-06-27,Standard,4254.38
2529,Anthony Brown,josephschneider@example.org,Sudan,2020-11-07,Basic,21324.63
2530,Randy Kent,samanthadelgado@example.net,Kiribati,2019-08-10,Basic,10267.77
2531,Pamela Donaldson,susanmyers@example.org,Marshall Islands,2021-01-08,Basic,34870.47
2532,Stephen Crawford,rebecca73@example.com,Northern Mariana Islands,2020-02-29,Basic,18669.90
2533,Jennifer Moore,maxwellgibson@example.org,French Polynesia,2023-09-26,Basic,8285.75
2534,Manuel Riddle,andrearivera@example.net,Brazil,2019-09-21,Standard,49623.20
2535,Teresa Fuller,michael04@example.net,Tonga,2022-11-12,Standard,1392.90
2536,Ashley Johnson,oguzman@example.org,Estonia,2024-10-08,Premium,3968.48
2537,Alexander Miller,alexandraellis@example.org,Benin,2019-05-26,Basic,5588.51
2538,Nichole Thompson,ashleybranch@example.net,Japan,2024-02-25,Standard,3391.37
2539,Brandon Johnson,stacey50@example.com,Saint Pierre and Miquelon,2018-12-31,Standard,45471.34
2540,Paul Walker,larry04@example.net,Christmas Island,2021-01-24,Premium,43455.88
2541,Veronica Barnes,melissaevans@example.org,Botswana,2020-07-13,Standard,592.18
2542,Faith Smith,zball@example.net,Costa Rica,2022-03-25,Premium,18993.75
2543,Ellen Bruce,jimmy86@example.org,Liechtenstein,2019-03-07,Premium,8869.00
2544,Ms. Carla Stewart MD,margaretbarnett@example.org,India,2021-06-09,Basic,41085.03
2545,Aaron Myers,ypadilla@example.com,Venezuela,2023-06-29,Premium,26495.11
2546,Jennifer Hernandez,joshuajones@example.net,Turkmenistan,2024-06-01,Standard,27621.96
2547,Zachary Phelps,rdixon@example.net,French Polynesia,2024-10-24,Premium,44838.86
2548,Ronald Bates,fowlermichael@example.org,Isle of Man,2019-12-01,Standard,47330.86
2549,Ashley Dixon,jholder@example.org,Dominica,2022-05-15,Premium,17324.13
2550,Dillon Clark,parkerrobert@example.net,Sao Tome and Principe,2023-12-18,Basic,29771.39
2551,Christian Rodriguez,rogersdana@example.com,Netherlands,2022-07-08,Standard,29656.28
2552,Heather Kelly,andreross@example.net,Falkland Islands (Malvinas),2020-11-27,Premium,34364.25
2553,Maria Miller,garciajennifer@example.com,Singapore,2019-09-29,Basic,6405.78
2554,Joshua Schmidt,qwright@example.com,Djibouti,2022-04-01,Basic,36797.58
2555,George Willis,vincent82@example.net,Bahrain,2018-08-05,Basic,31995.76
2556,Destiny Solis,kaiserrichard@example.org,Guatemala,2022-02-25,Basic,38898.66
2557,Rose Kaiser,christopherochoa@example.com,Georgia,2024-10-29,Standard,35368.66
9123,Paul Miller,johnjohnson@example.net,Iran,2020-01-20,Standard,49313.69
2559,Logan Tapia,psmith@example.com,Cambodia,2023-04-04,Basic,14412.30
2560,Nicholas Brennan,dbrown@example.org,Central African Republic,2022-10-19,Basic,47089.68
2561,Michael Garcia,lpierce@example.net,Netherlands,2020-07-26,Standard,31818.20
2562,Amber Davis,antonio03@example.com,Uruguay,2018-12-23,Standard,20385.09
2563,Robin Allen,ladkins@example.com,Serbia,2021-07-04,Premium,31770.37
2564,Jennifer Norman,wilkersonkatherine@example.org,Senegal,2018-11-11,Basic,12077.83
2565,Heather Espinoza DVM,bowenjonathan@example.net,Oman,2019-01-19,Premium,28808.30
2627,William Owens,michelle01@example.org,Costa Rica,2018-12-13,Basic,14363.96
2567,Gina Morgan,jasminjohnson@example.org,Moldova,2023-07-12,Premium,48112.10
2568,Sharon Wallace,ruizkimberly@example.net,Senegal,2022-10-03,Basic,25483.25
2569,Darrell Rodriguez,brodriguez@example.net,Portugal,2019-07-13,Standard,24940.48
2570,Peggy Harrison,davidharris@example.net,Turkmenistan,2023-12-21,Basic,6322.11
2571,Madeline Cruz,hhenry@example.net,Congo,2018-02-26,Basic,9590.18
2572,Dr. Andrew Johns,yoderadam@example.com,Mexico,2018-01-30,Basic,21306.45
2573,Nathan Dunn,steven80@example.org,Chile,2023-12-29,Basic,17318.53
2574,Maureen Carter,jasonfoster@example.org,Central African Republic,2023-12-04,Basic,30498.76
2575,Barbara Richards,wmorrison@example.com,Micronesia,2024-10-23,Standard,48235.90
2576,Jesus Ross,zsmith@example.com,Pitcairn Islands,2023-11-15,Premium,8823.23
2577,Andrea Harvey,sanchezmelissa@example.com,Qatar,2022-02-12,Premium,25732.86
2578,Sherry Thomas,brian16@example.com,Swaziland,2018-07-28,Standard,24825.84
2579,Benjamin Castillo,robinsonmichael@example.net,Mali,2019-11-30,Standard,48489.45
2580,Stephanie Moore,jacquelineneal@example.net,Mauritania,2021-10-16,Basic,12563.28
2581,Laura Roberts,wesley30@example.org,Gabon,2024-01-18,Premium,14574.23
2582,Nancy Burke,cervantesleslie@example.org,Aruba,2023-06-02,Standard,13311.06
2583,Jacob Jones,wcortez@example.net,Mexico,2018-01-10,Basic,31595.71
2584,Melissa Powell PhD,elizabethwalls@example.com,Djibouti,2022-06-01,Premium,46160.51
2585,Brandon Smith,wilkinsnicole@example.com,United States Minor Outlying Islands,2023-10-13,Premium,46777.18
2586,Mr. Wyatt Henry PhD,hfoley@example.com,Latvia,2024-12-05,Standard,2969.09
2587,George Garner,taylorkaylee@example.com,United States of America,2018-01-25,Basic,23071.66
2588,Robert Anderson MD,vhunter@example.com,Eritrea,2021-05-07,Standard,5447.49
2589,Scott Fowler,umartin@example.com,Andorra,2021-12-03,Basic,9389.27
2590,Richard Graham,kelsey67@example.com,Cambodia,2021-12-23,Premium,5156.76
2591,Austin Garcia,gharris@example.com,British Virgin Islands,2023-07-09,Premium,4328.71
2592,Robert Fischer,pschmidt@example.org,Liberia,2023-10-08,Premium,20594.88
2593,Amy Davis,kurt38@example.org,Singapore,2023-06-20,Premium,7865.96
2594,Jeremy Nicholson,wesley57@example.net,Cocos (Keeling) Islands,2020-10-21,Premium,23587.86
2595,Christopher Thompson,kaylee68@example.com,Cameroon,2022-03-14,Standard,18288.34
2596,Charlene Black,wendy76@example.com,El Salvador,2020-01-17,Basic,40596.04
2597,Jeremy Stafford,douglasdougherty@example.net,Costa Rica,2019-03-22,Standard,32848.35
2598,Christine Kelley,salvarez@example.org,Guinea-Bissau,2022-12-05,Premium,7079.73
2599,Claudia Rice,alawson@example.net,Puerto Rico,2022-11-13,Premium,18025.91
2600,Dennis Sellers,ogarza@example.org,Azerbaijan,2020-03-23,Premium,9559.40
2601,Penny Waters,adam08@example.net,Sierra Leone,2018-06-14,Premium,19787.85
2602,Curtis Barnes,kruegermark@example.com,Japan,2021-09-18,Premium,8099.59
2603,Paula Edwards,robert07@example.net,Nepal,2020-03-26,Standard,47988.97
2604,Kathryn Morgan,erik19@example.net,Tokelau,2020-12-24,Premium,21112.66
2605,Ronald Rose,meganwoods@example.com,San Marino,2024-03-03,Standard,40011.02
2606,Joy Clark,mccarthygregory@example.net,Cameroon,2019-06-06,Standard,37579.39
2607,Mr. Benjamin Marshall,denise76@example.net,British Indian Ocean Territory (Chagos Archipelago),2022-06-26,Basic,36327.13
2608,Ashley Martin,eric85@example.org,France,2022-05-12,Premium,5575.67
2609,Juan Ray,antoniothompson@example.org,Syrian Arab Republic,2019-03-18,Premium,6393.57
2610,Kenneth Clark,jacobroach@example.net,Isle of Man,2021-11-10,Basic,781.08
2611,Victoria Norton MD,jack64@example.com,Switzerland,2020-08-26,Premium,33947.68
2612,Jay Johnson,hayesnicole@example.org,Uruguay,2021-11-02,Standard,48824.28
2613,Zachary Ross,seanosborne@example.com,Poland,2018-02-02,Standard,24061.63
2614,Andrew Aguilar,jackconley@example.org,El Salvador,2021-03-01,Standard,4222.48
2615,Jamie Walker,royscott@example.net,Fiji,2022-10-23,Premium,30918.90
2616,Jessica Allen,fernandezsusan@example.org,Saint Vincent and the Grenadines,2023-09-26,Premium,12548.39
2617,Timothy Green,nicolegilbert@example.net,Svalbard & Jan Mayen Islands,2019-04-17,Standard,49713.43
2618,Mrs. Melissa Robinson,davidhaynes@example.com,Cocos (Keeling) Islands,2020-10-10,Basic,41048.41
2619,Angie Jacobson,shortjeffrey@example.net,Australia,2020-03-23,Standard,35352.40
2620,Raymond Montoya,martinezrussell@example.com,Korea,2019-02-27,Basic,36549.79
2621,Gary Jackson,angelatorres@example.org,Namibia,2024-11-08,Premium,9514.58
2622,Marcus Sims MD,gsharp@example.net,Jordan,2024-08-18,Basic,31760.41
2623,Aaron Goodman,karen02@example.org,Mayotte,2020-07-28,Premium,6701.56
2624,Miguel Garcia,brookemartin@example.org,United Kingdom,2018-06-07,Standard,49520.90
2625,Roger Evans,christineramirez@example.net,Montserrat,2019-08-22,Standard,981.30
2626,Lauren Thompson,michaellee@example.org,China,2020-03-28,Premium,43231.07
2627,Christopher Howard,moorenicholas@example.net,Sri Lanka,2022-04-07,Standard,26296.06
2628,Scott Brown,veronicacampbell@example.net,Pitcairn Islands,2020-08-05,Premium,16875.27
2629,Courtney Sullivan,heather39@example.org,Saudi Arabia,2023-05-17,Premium,25542.20
2630,Cheryl Martin,phillipmartin@example.com,Bulgaria,2018-07-31,Standard,5591.74
2631,Joshua Reed,daviddecker@example.com,Sao Tome and Principe,2022-01-29,Standard,47155.64
2632,Christopher Riley,wdeleon@example.net,India,2022-09-09,Premium,16060.06
2633,Shannon Burke,stephaniewilson@example.org,Luxembourg,2018-07-14,Premium,2140.37
2634,Benjamin Stevens,joshua10@example.com,Cocos (Keeling) Islands,2018-08-02,Basic,37263.26
2635,Sharon Davidson,rachelpeterson@example.org,Namibia,2020-05-18,Standard,23655.70
2636,James Jones,corywatson@example.net,Iran,2024-10-20,Premium,21602.29
2637,Jeff Sampson,qflores@example.net,Norfolk Island,2020-10-30,Standard,18242.70
2638,Darlene Garcia,jacquelinezamora@example.com,British Indian Ocean Territory (Chagos Archipelago),2021-05-31,Premium,4934.67
2639,Randall Johnson,donnasuarez@example.com,Germany,2018-02-25,Basic,27633.23
2640,Debra Lee,brownhayley@example.com,Guinea,2019-06-18,Standard,18092.38
2641,Brandon Clark,craigbowman@example.com,Dominica,2022-01-20,Basic,38962.53
2642,Amber York,dlowery@example.net,Burundi,2023-12-07,Basic,18642.46
2643,Larry Martinez,michelle21@example.net,Mayotte,2021-02-04,Premium,29257.93
2644,Robert Fuller,isabella81@example.net,Cocos (Keeling) Islands,2018-12-24,Premium,6611.22
2645,Tracy Turner,bvasquez@example.com,North Macedonia,2024-10-01,Premium,2147.84
2646,Kenneth Nixon,katherinechapman@example.net,Jersey,2020-02-20,Premium,35262.54
2647,Hunter Williamson,martintanner@example.net,Papua New Guinea,2019-02-09,Premium,47096.72
2648,Jeffrey Brown,dana58@example.net,Congo,2024-12-10,Standard,15143.67
2649,Kimberly Kaufman,holly72@example.com,Solomon Islands,2023-04-27,Premium,26724.52
2650,Patrick Adams,lmartinez@example.org,Guyana,2019-09-22,Premium,6478.81
2651,Daniel Deleon,jillian19@example.com,Chile,2022-09-09,Basic,35609.00
2652,Carrie Kane,fischeramanda@example.com,Saint Lucia,2024-04-14,Standard,44756.16
2653,Taylor Sullivan,seth86@example.org,Namibia,2023-01-11,Basic,35894.56
2654,Shirley Lucas,rosalesgavin@example.org,Ecuador,2022-11-22,Premium,24192.75
2655,Anita Hudson,brookefrench@example.net,Reunion,2023-11-16,Basic,39565.17
2656,Jennifer Decker,awilliams@example.com,Afghanistan,2019-11-15,Basic,13780.02
2657,Ronald Cooper,mccartymichael@example.org,Colombia,2019-06-13,Standard,2367.72
2658,Russell Holland,lovechristina@example.org,Saint Pierre and Miquelon,2024-05-08,Premium,39740.08
2659,Laura Sanchez,amberthompson@example.org,French Southern Territories,2020-02-19,Basic,40745.22
2660,Anna Herring,patricksmith@example.org,Italy,2023-07-21,Basic,26670.25
2661,Tara Thomas,uhopkins@example.com,Fiji,2023-10-05,Premium,8359.36
2662,Thomas Goodman,wellsryan@example.org,India,2023-09-18,Standard,28168.68
2663,Michael Reeves,alex95@example.org,Kyrgyz Republic,2022-05-18,Standard,30400.20
2664,Devon Davis,ohopkins@example.net,Bouvet Island (Bouvetoya),2020-04-27,Premium,279.67
2665,Sean Gonzalez,pwilson@example.net,Eritrea,2024-05-31,Premium,29646.43
2666,Brandon Graham,sheilabaldwin@example.com,Guernsey,2018-02-06,Basic,22826.51
2667,Robert Wilson,stevemarshall@example.net,Ukraine,2023-11-21,Standard,15240.17
2668,Ivan Tapia,hendersonheather@example.com,Netherlands,2020-06-21,Standard,35441.91
2669,Marcus Williams,nichole17@example.com,Togo,2024-03-11,Premium,8638.34
2670,Jorge Alexander,hufftroy@example.net,Mongolia,2018-07-06,Basic,11987.02
2671,Elijah White,justinrobinson@example.com,Ethiopia,2018-06-10,Basic,7492.16
2672,Angela Crawford,josephpatterson@example.com,South Africa,2021-02-11,Premium,13594.70
2673,Rodney Armstrong,ahudson@example.org,Guinea-Bissau,2018-07-31,Basic,49003.18
2674,Patricia Wood,nicholasjuarez@example.com,Monaco,2020-05-10,Basic,5897.62
2675,Diana Mcdonald,zacharygross@example.com,Bahrain,2021-11-24,Basic,30297.46
2676,Veronica Smith,jeremy55@example.com,Saint Vincent and the Grenadines,2022-02-20,Standard,4253.98
2677,Carrie Myers,jimmy99@example.org,Syrian Arab Republic,2024-02-28,Standard,36131.77
2678,Lauren Robinson,greenronald@example.com,Liechtenstein,2022-07-31,Basic,14815.28
2679,Madison Mclaughlin,jeffrey88@example.com,Falkland Islands (Malvinas),2018-08-23,Basic,40814.52
2680,Anthony Luna,danielsshannon@example.net,Togo,2021-12-27,Premium,36550.79
2681,Jason Kemp,yanderson@example.org,Iraq,2021-02-19,Premium,12873.76
2682,Rhonda Oconnell,richardsonkenneth@example.net,Benin,2018-03-06,Basic,32900.15
2683,Rose Francis,maysedward@example.com,Uzbekistan,2024-07-17,Premium,36157.85
2684,Laura Rodriguez,matthew78@example.com,Angola,2022-04-14,Basic,12941.52
2685,David Jenkins,cjohnson@example.org,Romania,2024-10-11,Basic,10387.33
2686,Derek Coleman,jasonsanders@example.net,Kazakhstan,2022-12-17,Premium,16280.73
2687,Alison Sullivan,kelleyderek@example.net,Cocos (Keeling) Islands,2020-04-15,Basic,31527.05
2688,Stephen Alvarez,kimberly90@example.net,Korea,2022-06-08,Premium,22358.19
2689,Katie Murphy,erica06@example.com,Sao Tome and Principe,2022-11-13,Standard,7501.88
2690,Jason Torres,heathersteele@example.net,Saudi Arabia,2023-05-17,Premium,24848.46
2691,Mr. Patrick Edwards,melanie49@example.org,Burundi,2023-02-25,Premium,40798.34
2692,Melissa Brown,whubbard@example.org,Mayotte,2019-12-23,Premium,28525.93
2693,Melanie Ramos,lmyers@example.org,Serbia,2020-01-09,Basic,14174.01
2694,Phillip Lane,wellssherry@example.net,Mozambique,2021-06-24,Premium,44274.13
2695,Russell Combs,chambersashley@example.net,Venezuela,2022-06-03,Basic,30430.32
2696,Bryan Moore,tammy33@example.com,Bermuda,2018-10-12,Premium,3695.23
2697,Thomas Smith,tshort@example.net,Estonia,2020-10-01,Standard,45465.64
2698,Kevin Moore,jennifergarza@example.net,Zimbabwe,2022-07-07,Premium,36242.92
2699,Valerie Miller,susanturner@example.net,Netherlands Antilles,2019-07-17,Basic,37547.17
2700,Ashley Howard,ycole@example.net,Christmas Island,2018-02-18,Basic,5076.52
2701,Gerald Ryan,aarongreen@example.net,Marshall Islands,2022-04-22,Premium,5590.77
2702,Zachary Hall,donna30@example.net,Cameroon,2018-02-25,Basic,46740.42
2703,Melissa Short,owensamber@example.com,Latvia,2019-06-26,Premium,38528.87
2704,Tammy Hughes,rfinley@example.net,Cyprus,2021-01-01,Premium,46936.06
2705,Hailey Brewer,garciadebra@example.com,Turkmenistan,2024-09-22,Premium,39640.78
2706,Tammy Barrett,murphyjames@example.com,Singapore,2018-02-08,Premium,27164.27
2707,John Giles,robertevans@example.com,Turkmenistan,2021-10-18,Basic,4339.76
2708,Andre Soto,holmesrachel@example.org,Korea,2019-07-25,Standard,38007.62
2709,Chris Martin,ppierce@example.com,Syrian Arab Republic,2022-12-25,Premium,15438.51
2710,Joseph Goodwin,guerreroandrew@example.org,Maldives,2023-05-16,Premium,12266.06
2711,Lauren Morgan,darleneowens@example.com,Benin,2024-02-05,Basic,13446.09
2712,Joshua Henderson,ballnicole@example.com,Togo,2024-02-05,Premium,1158.27
2713,Robert Sullivan,alexisjohnson@example.org,Tajikistan,2018-07-02,Premium,27277.64
2714,Mario Bryant,virginiafisher@example.net,United Arab Emirates,2019-02-25,Basic,44334.20
2715,Diana Robinson,lmccoy@example.net,El Salvador,2022-08-29,Premium,160.40
2716,Joseph Nicholson,fyoder@example.org,Algeria,2020-07-07,Premium,11411.09
2717,Elizabeth Stanley,kennethsandoval@example.com,Cuba,2022-04-28,Premium,17730.16
2718,Albert Davis,summerellis@example.org,Algeria,2021-03-20,Premium,46092.38
2719,Theodore Hudson,tmorrow@example.org,Egypt,2022-04-25,Basic,44222.77
2720,Mariah Cole,samanthacarter@example.com,Ghana,2019-04-06,Standard,8561.00
2721,Phillip Norris,belljeffrey@example.com,Equatorial Guinea,2019-03-28,Premium,5176.64
2722,Angela Patel,xclarke@example.com,Philippines,2021-02-28,Standard,3906.87
2723,David Ross,mary88@example.org,British Indian Ocean Territory (Chagos Archipelago),2021-09-28,Premium,18088.63
2724,Mitchell Hayes,xwright@example.com,Wallis and Futuna,2018-12-14,Premium,30264.87
2725,Jennifer Duarte,jerryjohnson@example.com,Sri Lanka,2019-12-31,Standard,26570.98
2726,Reginald Cordova,ecampbell@example.org,Holy See (Vatican City State),2024-09-22,Premium,34003.72
2727,Latasha Washington,denniswilliams@example.com,Colombia,2019-09-08,Basic,34389.32
2728,Jasmine Martin,ielliott@example.org,Hungary,2021-03-21,Standard,43782.57
2729,Benjamin Chavez,wthompson@example.com,New Zealand,2021-01-15,Standard,33120.41
2730,Dr. Theresa Sandoval,briannamclaughlin@example.net,Mexico,2020-12-23,Basic,39954.31
2731,Frank Tran,zgrimes@example.net,Malaysia,2018-01-09,Premium,38911.42
2732,Jon Carr,sabrina60@example.com,British Virgin Islands,2019-08-24,Standard,7474.23
2733,Joseph Williams,paula31@example.com,Cook Islands,2023-01-04,Basic,39862.85
2734,Nichole Cherry,mooredavid@example.org,Antarctica (the territory South of 60 deg S),2023-05-14,Premium,5746.89
2735,Austin Evans,jspears@example.net,Saint Kitts and Nevis,2022-10-17,Basic,13995.96
2736,Andrea Sparks,melissaharrell@example.net,Vietnam,2019-01-06,Standard,49739.11
2737,Claudia Wilson,zacharyandrews@example.com,Canada,2020-01-15,Standard,17695.18
2738,Sarah Harrison,vargasamber@example.net,Greece,2023-07-18,Standard,24116.30
2739,Janet Moore,kennethsmith@example.net,Russian Federation,2022-08-23,Basic,39695.73
2740,Amy White,marie09@example.com,Japan,2021-09-27,Premium,40126.83
2741,Tommy Garcia,angelica96@example.org,United States Virgin Islands,2020-10-04,Standard,20991.12
2742,Teresa Wilcox,banksmeredith@example.com,Martinique,2023-07-30,Basic,26735.16
2743,Aaron Wells,john07@example.net,Ireland,2023-12-22,Basic,41088.07
2744,Timothy Jordan,tiffany24@example.org,Georgia,2022-04-25,Premium,29090.10
2745,Todd Henry,pagelouis@example.org,Palestinian Territory,2022-09-24,Basic,28936.03
2746,Matthew Stewart,ddavis@example.com,Liechtenstein,2020-06-17,Basic,4453.79
2747,Martin Jones DVM,bryan61@example.net,Serbia,2022-01-21,Premium,10243.66
2748,Tracy Thomas,martha99@example.net,Barbados,2018-03-12,Standard,27962.89
2749,Kelli Lee,twilliams@example.net,Colombia,2019-07-02,Premium,3072.91
2750,Sarah Collins,mmitchell@example.org,Slovakia (Slovak Republic),2021-12-01,Standard,42452.70
2751,Jeffrey Wallace,xcline@example.org,Germany,2019-07-25,Standard,23073.38
2752,Dr. Stacey Holt,egutierrez@example.net,Barbados,2024-03-08,Standard,12200.62
2753,Lori Madden,christopher32@example.net,Nauru,2020-07-08,Premium,37375.07
2754,Derrick Reyes,benjamin18@example.com,Malawi,2019-04-26,Basic,35227.75
2755,Gregory Harmon,morrismary@example.com,Faroe Islands,2022-03-27,Basic,1414.71
2756,Lisa Caldwell,carriewilson@example.com,Australia,2022-10-06,Standard,2798.76
2757,Samantha Smith,alex30@example.net,Georgia,2019-03-11,Basic,29122.19
2758,Eric Ryan,vangjohn@example.net,Mayotte,2023-05-08,Basic,43536.80
2759,Brad Ryan,briannalong@example.org,Seychelles,2018-05-04,Premium,18325.69
2760,Monique Allen,rose88@example.com,Poland,2018-11-20,Premium,3945.56
2761,Lori Steele,kelleramanda@example.org,Canada,2024-05-20,Standard,7570.89
2762,Christopher Wolfe,arellanopatrick@example.net,Jordan,2020-01-18,Standard,37203.54
2763,Christine Harris,matthewbutler@example.org,Azerbaijan,2023-12-01,Basic,47443.41
2764,Lisa Mcdonald,melissa88@example.org,Serbia,2023-04-10,Standard,36155.62
2765,Jessica Williams,criddle@example.net,Chile,2022-12-24,Basic,34792.83
2766,Michael Wilson,fernandezjennifer@example.net,Norfolk Island,2021-03-20,Premium,7878.78
2767,Diane Walker,gonzalezmelissa@example.org,Sudan,2018-05-12,Basic,37581.53
2768,Brett Rogers,angela80@example.com,Central African Republic,2023-08-24,Premium,642.29
2769,Daisy Barrett,wheelerrichard@example.com,Korea,2022-10-02,Basic,47417.27
2770,Megan Moore,edwardscaroline@example.com,Philippines,2023-02-04,Basic,35599.20
2771,John Nelson,kenneth08@example.net,Uganda,2020-11-22,Basic,25143.43
2772,Brenda Davidson,christopherchristensen@example.com,Iceland,2020-07-20,Standard,46579.37
2773,Samantha Armstrong,barbarafisher@example.com,Spain,2021-01-18,Premium,26122.90
2774,Jason Salas,johnwarner@example.net,Honduras,2019-05-28,Basic,10672.03
2775,Heidi Cherry,kaitlynjones@example.net,Gabon,2024-12-10,Premium,11023.43
2776,James Hess,ysmith@example.net,Iran,2020-01-23,Basic,48801.77
2777,Timothy Williams,bobfoster@example.com,Switzerland,2024-10-14,Premium,40846.29
2778,Andrew Simon,hollandroy@example.org,Nigeria,2023-04-03,Standard,15728.16
2779,Barbara Heath,vargasvanessa@example.org,Sri Lanka,2022-07-18,Standard,8324.74
2780,Margaret Thomas,andrewbaker@example.org,Portugal,2022-03-02,Basic,21268.67
2781,Tommy Sherman,xhorton@example.org,Togo,2021-01-10,Premium,5309.56
2782,Matthew Lopez,nwilliams@example.net,Martinique,2022-01-25,Basic,38961.98
2783,Casey Rasmussen,samantha74@example.net,Gibraltar,2021-10-06,Premium,12052.54
2784,Donald Mccoy,bradleymitchell@example.net,Netherlands,2019-10-29,Basic,5412.58
2785,Dustin Murphy,martinezallen@example.net,British Indian Ocean Territory (Chagos Archipelago),2020-05-17,Basic,647.75
2786,Linda Bailey,alyssa44@example.com,Indonesia,2021-06-20,Premium,27629.40
2787,Mrs. Carol Bauer,edward79@example.com,Austria,2018-05-13,Premium,13531.48
2788,Jason Smith,agarcia@example.org,Georgia,2024-05-24,Basic,2339.24
2789,Amanda Smith,jshields@example.com,United Arab Emirates,2023-06-05,Premium,2497.64
2790,Alexis Gonzalez,diazmichael@example.org,Holy See (Vatican City State),2019-01-17,Standard,523.09
2791,Melanie Jones,erinwalters@example.org,Jamaica,2021-12-31,Standard,47941.08
2792,Brandon Henderson MD,xarmstrong@example.org,Christmas Island,2023-08-11,Premium,15792.17
2793,Benjamin Sanchez,kyle94@example.org,Russian Federation,2022-05-20,Basic,17856.28
2794,Dennis Mcgee,coltoncain@example.net,Wallis and Futuna,2019-06-15,Basic,33766.85
2795,Mrs. Amy Sharp,armstrongjill@example.net,Venezuela,2021-09-19,Standard,44835.91
2796,Laura Sanders,melanie69@example.org,Japan,2023-08-25,Premium,25158.64
2797,Stephen Spencer,nicolereeves@example.com,Estonia,2019-09-08,Premium,29400.06
2798,Kristin Foster,brookstaylor@example.org,Ecuador,2022-04-15,Standard,29359.27
2799,Melissa Abbott PhD,weaverjohn@example.org,Sri Lanka,2018-06-03,Standard,8145.03
2800,Kristy Martin,ryan33@example.org,Thailand,2023-03-12,Premium,44271.67
2801,Melissa Munoz,rlewis@example.org,Cote d'Ivoire,2019-01-18,Basic,11655.35
2802,Shannon Roberts,lopezann@example.org,Gibraltar,2020-06-02,Basic,32745.59
2803,Christopher Foster,lbennett@example.net,Colombia,2019-10-22,Basic,25863.41
2804,Jeffrey Sellers,jeffreynichols@example.com,Pakistan,2024-10-29,Basic,26212.03
2805,Chad Parks,johnstonjohn@example.org,Bahrain,2021-10-30,Standard,39289.06
2806,Colin Juarez,zacharycarter@example.org,French Southern Territories,2021-10-20,Standard,18079.79
2807,Benjamin Garza Jr.,marshtimothy@example.com,Tokelau,2022-10-31,Premium,44544.93
2808,Ryan Vaughn,peggybrown@example.com,Gibraltar,2022-05-07,Premium,10520.15
2809,Michael Dean,andreawalker@example.org,Afghanistan,2024-11-05,Basic,3842.41
2810,Jennifer Mitchell,jasonmoore@example.com,Niue,2019-09-17,Basic,31426.70
2811,Brittany Anderson,nmcdonald@example.org,Wallis and Futuna,2023-07-31,Premium,40255.85
2812,Stephen Hunter,friedmanrichard@example.com,Saint Lucia,2019-08-08,Standard,27402.09
2813,Timothy Ramos,angelicawilliams@example.com,South Georgia and the South Sandwich Islands,2018-12-24,Standard,4796.29
2814,Lucas Jackson,derek41@example.net,Swaziland,2021-07-08,Premium,46709.39
2815,John Erickson,andersontyler@example.org,Peru,2019-10-24,Premium,14077.85
2816,Jessica Harrington,william67@example.com,Burundi,2022-01-28,Standard,4552.54
2817,Timothy Wilkinson,agreer@example.org,Ecuador,2020-01-04,Basic,38619.83
2818,Cheryl Romero,cynthia64@example.com,Saint Lucia,2020-11-22,Standard,48926.34
2819,Kenneth Adams,nbrewer@example.org,Mali,2022-12-16,Basic,46215.62
2820,Veronica Hale,igoodman@example.net,Fiji,2019-05-23,Basic,24464.12
2821,Linda Jones,vjohnson@example.net,Tuvalu,2022-01-28,Standard,20106.87
2822,Erik Delacruz,douglasbutler@example.com,French Polynesia,2024-12-13,Basic,6536.31
2823,Carlos Walker,patricia12@example.org,Cayman Islands,2022-02-11,Basic,42257.30
2824,Laurie Michael,guerrerorenee@example.com,Nicaragua,2021-07-08,Standard,4266.18
2825,Timothy Perez,smithcharles@example.net,Korea,2022-08-20,Basic,22559.60
2826,Michael Calhoun,derricklee@example.net,Marshall Islands,2018-06-24,Basic,48873.84
2827,Elizabeth Jimenez,margarethickman@example.org,Guam,2018-08-22,Basic,39550.47
2828,Joel Gordon,gbrown@example.net,Malta,2024-04-16,Premium,7812.66
2829,Vincent Harris,qbrown@example.net,Thailand,2019-03-08,Standard,18853.50
2830,James Williams,archerjames@example.net,Equatorial Guinea,2024-05-24,Standard,42706.08
2831,Jacqueline Torres,peter58@example.com,Poland,2020-07-02,Standard,43720.53
2832,Derrick Hampton,rlee@example.net,Dominican Republic,2019-01-18,Standard,23347.29
2833,Selena Hodge,zmoore@example.org,Australia,2024-01-01,Standard,5545.04
2834,Amy Beard,zmiller@example.org,Albania,2020-01-09,Basic,5506.58
2835,Frank Santana,acohen@example.com,Greenland,2022-06-14,Standard,10053.60
2836,Dr. Travis Morris DDS,pamela51@example.org,Equatorial Guinea,2021-09-08,Premium,15932.51
2837,Donald Smith,vmills@example.net,Solomon Islands,2024-10-11,Standard,10710.50
2838,Rhonda Foley,felicia51@example.com,Hong Kong,2023-05-05,Premium,13990.92
2839,Frederick Moore,michelle41@example.net,Namibia,2018-06-06,Basic,7871.48
2840,Tasha Smith,jamesrussell@example.net,Japan,2023-04-09,Premium,32046.80
2841,Reginald Copeland,ucamacho@example.org,Korea,2021-08-04,Basic,1663.03
2842,David Lee,lisa42@example.org,Malaysia,2024-09-28,Standard,3213.77
2843,Amy Williams,jessica89@example.net,Martinique,2022-01-20,Standard,48930.19
2844,William Frank,julie34@example.net,Mozambique,2020-05-24,Premium,10653.50
2845,Randy Little,kcarlson@example.com,Burkina Faso,2018-04-04,Basic,21203.73
2846,Gabrielle Hernandez,daniel56@example.net,Faroe Islands,2020-10-29,Basic,8887.67
2847,Elizabeth Rocha,wharris@example.com,Sao Tome and Principe,2019-08-04,Premium,13767.88
2848,Elizabeth Hicks,berrytyrone@example.net,Zimbabwe,2018-12-01,Standard,43701.42
2849,David Smith,breanna80@example.org,Palestinian Territory,2023-01-24,Standard,26286.42
2850,Mrs. Michelle King,debrastokes@example.org,Spain,2020-11-28,Premium,41544.40
2851,Brandon Pruitt,martinramirez@example.org,Lao People's Democratic Republic,2019-01-14,Standard,17166.76
2852,Erik Williams,elliottscott@example.com,Latvia,2021-05-01,Premium,10010.40
2853,Jeffrey Cox,stephanie14@example.org,Malaysia,2022-09-13,Standard,23827.42
2854,Nancy Holder,jamesmason@example.net,Bulgaria,2019-10-21,Basic,21895.52
2855,Erica Davidson,zhorton@example.com,Botswana,2024-05-25,Standard,41168.48
2856,Caitlin Lucas,garysnow@example.org,Saint Pierre and Miquelon,2024-04-16,Basic,10008.14
2857,Miranda Bennett,gabriel67@example.com,Vanuatu,2024-06-27,Basic,7316.40
2858,Annette Hendrix,hollycruz@example.org,Tajikistan,2021-07-20,Premium,7610.26
2859,Mary May,watsontina@example.net,Uzbekistan,2023-02-22,Premium,25022.34
2860,Pamela Harrison,kenneththomas@example.com,Swaziland,2021-07-20,Premium,39621.64
2861,Gerald Edwards,mahoneysarah@example.org,Burkina Faso,2022-07-23,Standard,26082.52
2862,Charles Valdez,colewayne@example.net,Anguilla,2018-01-16,Standard,47171.85
2863,Dr. Crystal Shelton,johnsonlisa@example.com,Germany,2019-05-30,Basic,22521.50
2864,Shelley Klein,jbrown@example.com,Sudan,2024-06-27,Premium,1920.65
2865,Jeremy Morris,chad76@example.com,Germany,2020-02-08,Standard,34852.66
2866,Kevin Jones,cameronkaitlyn@example.com,Malaysia,2019-11-12,Basic,18940.07
2867,Kevin Flores,grantkevin@example.net,New Caledonia,2021-11-26,Premium,47623.61
2868,Lori Jackson,williampierce@example.com,Isle of Man,2024-06-20,Premium,18575.80
2869,Alexander Moore,jenningsraymond@example.org,Dominica,2022-01-30,Premium,15167.03
2870,Melanie White,chenmatthew@example.org,Mexico,2021-06-11,Basic,40970.67
2871,Kimberly Moore,yboone@example.org,Malawi,2019-05-26,Basic,25006.62
2872,Robin Johnson,zsmith@example.com,Saint Barthelemy,2023-02-11,Standard,20578.30
2873,Tracie Johnson,williamsbrenda@example.org,Liberia,2021-12-13,Basic,21349.87
2874,Leah Thomas,jeffreywhitehead@example.net,Panama,2021-10-07,Premium,46324.81
2875,Jessica Torres,pmorse@example.net,Germany,2023-02-23,Standard,18718.76
2876,John Stevens,yatkins@example.net,Tonga,2024-03-14,Basic,8216.59
2877,William Morgan,fsmith@example.com,Dominica,2022-11-21,Standard,14322.89
2878,Pamela Larsen,craigmurphy@example.net,Armenia,2022-11-27,Basic,14234.09
2879,Patricia Gonzales,howarddawn@example.net,Lesotho,2024-12-16,Premium,49768.62
2880,Megan Stevenson,jennifer44@example.org,Georgia,2019-03-02,Premium,32516.27
2881,Jordan Clark,collinskyle@example.com,Zambia,2024-11-29,Standard,5273.40
2882,Thomas Garcia,sharonlevine@example.com,Thailand,2024-12-30,Basic,5075.13
2883,James Mooney,nguyenkaren@example.net,Netherlands,2022-12-25,Basic,29103.56
2884,Andrew Fowler,iwilliamson@example.org,Tunisia,2018-05-14,Basic,14566.23
2885,Crystal Beltran,michael84@example.com,Isle of Man,2022-09-19,Premium,11221.68
2886,Laura Carter,lorihenderson@example.com,Zimbabwe,2023-02-06,Basic,19115.88
2887,Alex Reynolds,christiecastillo@example.com,Madagascar,2020-03-12,Standard,47532.52
2888,Sheila Kelly,tdiaz@example.org,Netherlands Antilles,2021-12-07,Standard,20705.44
2889,Maureen Bates,danlong@example.net,Singapore,2022-06-10,Premium,46986.88
2890,Michelle Taylor,riveramicheal@example.net,Panama,2020-07-06,Basic,14251.86
2891,Christopher Underwood,gregorydavis@example.net,Holy See (Vatican City State),2020-12-19,Standard,41940.36
2892,Gregory Rodgers,brandyrobles@example.org,Yemen,2022-08-26,Basic,12153.57
2893,Daniel Carter,tbradford@example.com,Iceland,2022-08-26,Premium,874.95
2894,Bryan Paul,amy17@example.com,Saint Vincent and the Grenadines,2019-09-21,Standard,42054.40
2895,Tanya Wilson,ramosmatthew@example.org,Ukraine,2023-10-27,Basic,30037.29
2896,Jose Davis,brewersherri@example.org,Denmark,2021-10-04,Premium,47962.11
2897,Elizabeth Hill,dhughes@example.net,Nauru,2022-10-28,Premium,27831.41
2898,Justin Benson,vroberts@example.org,Nauru,2022-05-23,Premium,30851.77
2899,Shannon Herrera,elizabeth33@example.org,Sudan,2022-05-31,Premium,40086.45
2900,Vernon Walters,andrewsdebbie@example.com,Russian Federation,2024-06-24,Standard,6530.64
2901,Audrey Macdonald,dbennett@example.org,Netherlands Antilles,2022-05-19,Basic,8768.49
2902,Wanda Gutierrez,smithwendy@example.net,India,2021-07-27,Basic,8006.34
2903,Diana Shepherd,taylormelinda@example.org,Burkina Faso,2020-08-04,Premium,35530.24
2904,Veronica Adams,jonesvanessa@example.net,Kazakhstan,2019-06-02,Basic,6006.80
2905,Kristen Vance,vhoward@example.org,Bhutan,2024-06-21,Standard,42167.23
2906,Jesse Jones,cynthiahill@example.com,British Indian Ocean Territory (Chagos Archipelago),2020-12-01,Basic,8036.75
2907,Alexander Martin,kimberlybell@example.com,Gabon,2021-08-13,Premium,4753.40
2908,Susan Hamilton,donald60@example.org,Mexico,2018-04-16,Standard,675.75
2909,John Anderson,carlrichards@example.com,Saint Pierre and Miquelon,2024-08-27,Premium,1488.13
2910,Jane Salazar,michael22@example.com,Poland,2024-02-05,Premium,28632.51
2911,Samuel Baker,evansbrady@example.org,Vanuatu,2018-04-14,Basic,36735.04
2912,Rebecca Olsen,aaron25@example.com,Bahrain,2023-02-02,Basic,31611.94
2913,Veronica Decker,kimberly48@example.com,Liberia,2022-01-06,Premium,12062.12
2914,Joseph Herrera,turnerkari@example.org,Bahrain,2020-06-27,Standard,9772.06
2915,Isaiah Gray,brookstimothy@example.net,Switzerland,2020-10-01,Basic,39023.44
2916,Hunter Wilson,dfox@example.net,Swaziland,2022-03-29,Standard,32996.96
2917,Arthur Golden,robertsbrandy@example.com,Ecuador,2021-01-31,Premium,46755.30
2918,Matthew Coleman,brettrice@example.com,Macao,2018-04-05,Basic,49241.41
2919,Brett Horton,fhanna@example.com,Costa Rica,2019-02-28,Premium,23010.47
2920,Erika Mays,jeremy78@example.com,Chile,2024-09-06,Premium,5443.13
2921,Theresa Smith,dunnconnor@example.net,Paraguay,2021-03-02,Standard,44740.78
2922,Joseph Henderson,markgibson@example.org,Ireland,2019-01-16,Premium,24762.83
2923,Marissa Smith,qshort@example.org,Ecuador,2022-01-20,Premium,19600.93
2924,Mikayla Watson,harold30@example.com,Antigua and Barbuda,2023-07-05,Premium,20745.88
2925,Cory Lopez,psawyer@example.net,Western Sahara,2023-06-16,Basic,3908.00
2926,Michael Leonard,garyyang@example.org,French Guiana,2022-09-16,Standard,44496.70
2927,Alyssa Ortiz,garciacharles@example.com,Saint Vincent and the Grenadines,2023-01-21,Premium,9072.34
2928,Brenda Davis,pcoleman@example.org,Thailand,2018-02-11,Premium,33017.35
2929,Brenda Taylor,joshuajohnson@example.com,Djibouti,2024-10-20,Premium,5948.64
2930,Laurie Lopez,brandongray@example.net,Antarctica (the territory South of 60 deg S),2021-11-05,Standard,24247.16
2931,Matthew Austin,jeffersondaniel@example.org,Equatorial Guinea,2024-11-19,Basic,27369.49
2932,Christine Johnston,jeremythompson@example.org,Maldives,2019-10-11,Basic,37110.67
2933,William Hogan,johnharper@example.com,Syrian Arab Republic,2019-05-14,Premium,30344.93
2934,Meghan Cook,kevinmason@example.com,Sierra Leone,2024-01-05,Premium,25947.95
2935,Lisa Patterson,thompsonbrandy@example.com,Japan,2019-09-17,Premium,43357.03
2936,Christopher Brown,john77@example.net,United Kingdom,2019-04-16,Premium,1571.93
2937,Dana Stanley,gregory73@example.com,Iraq,2019-07-22,Premium,4263.79
2938,Anna Barker,zholden@example.com,Suriname,2019-06-03,Standard,13755.96
2939,Ryan Adams,xhorne@example.org,Tunisia,2020-03-27,Premium,17492.81
2940,Amy Hendricks,revans@example.com,Slovenia,2024-03-08,Basic,14786.61
2941,Colleen Powell DDS,erik74@example.com,Jordan,2023-07-24,Standard,25681.56
2942,Mary Morgan,omartinez@example.net,Micronesia,2022-06-27,Premium,12579.65
2943,Nicole Moore,nataliemann@example.com,Lithuania,2020-03-21,Basic,42317.19
2944,Brittany Garcia,pmiller@example.com,Tonga,2021-02-25,Standard,5234.44
2945,Taylor Tapia,mariolewis@example.net,France,2024-08-03,Standard,8366.09
2946,Gary Curry,elizabethjohnson@example.org,India,2020-04-23,Basic,24442.81
2947,Bridget Cunningham,christinagoodwin@example.net,Solomon Islands,2023-01-02,Standard,29856.86
2948,Jennifer Gomez,emilyporter@example.org,India,2021-01-17,Standard,31183.26
2949,Kaylee Gonzalez,pdavis@example.org,Luxembourg,2024-10-23,Standard,21522.72
2950,Kara Gray,xvazquez@example.org,Western Sahara,2024-05-12,Standard,18760.63
2951,Joshua Henderson,thaley@example.org,Moldova,2018-09-21,Standard,8445.73
2952,Jasmine Hill,davidkrause@example.com,Indonesia,2018-05-19,Basic,12727.88
2953,Leslie Evans,usanders@example.net,Fiji,2022-08-06,Standard,30233.72
2954,Nicole Frey,paulpark@example.com,Sao Tome and Principe,2023-12-13,Standard,19975.50
2955,Thomas Lee,stevenskaitlin@example.net,Tokelau,2019-04-15,Premium,40471.12
2956,Lydia Turner,randallarmstrong@example.net,Tanzania,2022-10-25,Premium,17951.45
2957,Wendy Rodriguez,ypark@example.net,French Guiana,2018-10-25,Premium,32882.04
2958,Ann Ortiz,jenkinspamela@example.org,Cuba,2022-03-04,Premium,38997.78
2959,Kyle Johnson,wrodriguez@example.net,Antarctica (the territory South of 60 deg S),2019-05-16,Premium,15997.60
2960,Ricardo Wright,jessica01@example.org,Czech Republic,2018-02-14,Basic,16510.58
2961,William Lewis,qwhitaker@example.org,Zimbabwe,2023-03-22,Basic,39782.45
2962,Kim Garcia,petersenamy@example.net,Estonia,2020-08-10,Basic,3405.13
2963,Antonio Jones,nsnyder@example.org,Barbados,2021-03-07,Basic,10687.54
2964,Susan Davis MD,beth91@example.org,Australia,2020-06-09,Premium,28091.84
2965,Mary Livingston,hernandezanna@example.com,Timor-Leste,2024-10-25,Basic,3833.73
2966,Bryan Moon,adkinscharles@example.net,Netherlands,2022-09-24,Basic,37834.44
2967,Edgar Martinez,jonathanwoodard@example.com,Gabon,2021-07-25,Standard,9987.71
2968,Stacy Davies,luisjones@example.org,Qatar,2018-07-23,Standard,24982.68
2969,William Davis,harrisamy@example.org,Belgium,2021-01-29,Standard,6051.03
2970,John Wyatt,gibbsdarren@example.org,Slovenia,2023-01-29,Premium,30111.39
2971,Lauren Parker,davieskevin@example.com,Paraguay,2024-08-18,Standard,11897.45
2972,Candice Cantu,robertsdavid@example.net,Kuwait,2018-03-29,Standard,990.03
2973,Elizabeth Taylor,epeck@example.net,Croatia,2024-06-16,Premium,45590.99
2974,Karen Hicks,bjames@example.org,Netherlands,2021-03-10,Premium,42097.98
2975,Julian Maynard,hardinvictor@example.net,Bouvet Island (Bouvetoya),2022-07-08,Premium,44801.89
2976,Jamie Patton,gary21@example.com,Finland,2023-12-01,Premium,16935.75
2977,Angela Young,jeff06@example.net,Panama,2018-03-08,Premium,23547.68
2978,Matthew Price,wkelley@example.com,Chad,2022-08-28,Basic,15119.81
2979,Mrs. Mary Singh DVM,taylormichael@example.com,Saint Helena,2021-07-23,Standard,20077.18
2980,Taylor Owens,abigail56@example.com,Netherlands,2024-03-29,Standard,24741.55
2981,Kelly Herring,tinajohnson@example.org,Nauru,2018-07-12,Standard,14992.35
2982,Mercedes Peterson MD,xclark@example.net,French Polynesia,2023-02-05,Standard,42448.75
2983,Sarah Lopez,bryantpeter@example.org,Senegal,2019-05-13,Standard,46891.42
2984,Jennifer Johnson,esawyer@example.org,Panama,2019-02-25,Premium,11278.32
2985,Edward Duarte,daniel30@example.com,Malawi,2018-02-12,Premium,5346.27
2986,Tonya Callahan,billy87@example.org,Turkey,2021-08-15,Basic,36240.24
2987,Warren Hooper,mortiz@example.org,Peru,2020-07-16,Premium,4492.03
2988,William Malone,jtaylor@example.org,Latvia,2022-02-19,Basic,49479.29
2989,Corey Cortez,belllaura@example.org,Burundi,2018-08-04,Standard,44177.64
2990,Juan White,justinherrera@example.com,Greece,2018-06-26,Premium,2495.37
2991,Kelly Howard,anthony41@example.org,Saint Kitts and Nevis,2021-05-31,Premium,13259.98
2992,Debra Jacobs,perezpamela@example.org,Romania,2024-11-14,Standard,13568.61
2993,David Estrada,james72@example.org,Seychelles,2019-11-29,Premium,29214.31
2994,Leslie Mclean,moodysamuel@example.org,Northern Mariana Islands,2019-05-07,Premium,16034.70
2995,Mary Huber,georgesteven@example.org,Antarctica (the territory South of 60 deg S),2019-08-30,Basic,44401.14
2996,Joshua York,jacobsoncurtis@example.com,United States of America,2022-08-20,Basic,22394.31
2997,Terri Sanchez,austinmonica@example.org,Solomon Islands,2019-05-17,Basic,26426.69
2998,Paige Davis,keith86@example.com,France,2024-06-25,Standard,33097.32
2999,Lori Pierce,christopherhicks@example.net,Vanuatu,2021-02-23,Standard,38654.93
3000,Alison Walker,tyler80@example.net,Denmark,2023-06-01,Premium,4680.79
3001,Kevin Wilson,connorholloway@example.net,Saint Kitts and Nevis,2021-04-28,Basic,4231.43
3002,Jill Velazquez,lynnpowell@example.net,American Samoa,2024-04-06,Premium,33008.09
3003,Gary Morris,robyn59@example.net,Gambia,2020-04-23,Basic,3993.03
3004,Alisha Malone,barbaradoyle@example.com,Netherlands,2023-07-19,Premium,10702.53
3005,Lacey Williams,michael28@example.net,Spain,2020-06-04,Standard,40943.72
3006,Alexis Jones,pricerobert@example.org,Djibouti,2020-02-09,Standard,5316.28
3007,Donald Wallace,millerlucas@example.com,Israel,2020-05-04,Basic,38103.97
3008,Daniel Beck,evansrachel@example.org,Burundi,2023-10-07,Standard,38048.35
3009,Mark Hunt,timothyross@example.net,Central African Republic,2021-07-01,Basic,22755.70
3010,Sarah Phillips,steve72@example.com,Spain,2019-09-23,Basic,5372.46
3011,Alexa Campbell,johntaylor@example.com,China,2019-06-17,Premium,45843.19
3012,Jose Wang,christopher24@example.org,Saint Helena,2022-04-29,Standard,43406.15
3013,David Marks,murphymatthew@example.com,Finland,2023-10-05,Premium,39023.05
3014,Lauren Johnson,maryhart@example.com,American Samoa,2020-02-09,Premium,13964.14
3015,Christopher Chavez,wendylewis@example.net,Cambodia,2019-11-04,Basic,15426.62
3016,Gail Greene,howard31@example.com,Northern Mariana Islands,2024-06-22,Basic,5193.01
3017,Rita Fox,brandonsmith@example.org,Netherlands,2023-03-04,Premium,37276.80
3018,Clinton Macias,ramoscory@example.com,Zambia,2020-09-12,Premium,44715.49
3019,Charles Anderson,christopher78@example.org,United Kingdom,2020-02-06,Standard,1526.45
3020,Michael Garza,nreyes@example.com,Togo,2023-12-15,Standard,17662.65
3021,Abigail Walker MD,karen31@example.org,Namibia,2019-04-30,Basic,4294.93
3022,Andrew Schmidt,adrian20@example.com,Bhutan,2022-11-03,Premium,7615.94
3023,Amber Ray,jasonmontgomery@example.com,Netherlands,2023-08-19,Standard,25445.55
3024,Mr. Aaron Lucas,jeannewong@example.com,Bolivia,2018-08-06,Standard,13702.18
3025,Clinton Peterson,holly18@example.net,Heard Island and McDonald Islands,2019-02-05,Premium,32466.23
3026,Kyle Smith,nriley@example.org,Denmark,2022-09-27,Premium,14770.89
3027,Riley Cooper,derrickyoung@example.com,Pakistan,2022-07-08,Premium,29743.05
3028,Julie Casey,mitchellnicholas@example.com,Saint Martin,2023-12-10,Basic,24731.45
3029,David Smith,mendezsierra@example.com,Congo,2022-11-11,Premium,34089.91
3030,Melissa Garcia,santiagoterri@example.com,Italy,2020-10-16,Premium,11057.03
3031,Gina Cooper,wwong@example.com,Bangladesh,2018-08-06,Premium,28804.00
3032,Richard Moore,underwooddeborah@example.com,Mexico,2020-09-04,Premium,26653.37
3033,Matthew Robles,moorejohn@example.net,Brazil,2021-02-02,Premium,44141.75
3034,Mark Frazier,ojohnson@example.com,Norfolk Island,2022-07-16,Standard,19704.98
3035,George Taylor,gabriellamartinez@example.com,Myanmar,2020-06-19,Basic,41221.03
3036,Sean Gray,deborah56@example.org,United States Minor Outlying Islands,2021-01-03,Standard,10364.70
3037,Mr. Ryan Obrien Jr.,johnsonjulie@example.com,Switzerland,2020-04-13,Standard,31881.27
3038,Terry Hudson,morganwarner@example.org,Cote d'Ivoire,2024-09-08,Standard,36720.73
3039,Jeffrey Greene,njames@example.org,Lesotho,2019-01-22,Premium,25211.68
3040,Kimberly Scott,mhopkins@example.net,Luxembourg,2024-12-23,Standard,36980.63
3041,Kelly Khan,paula82@example.org,Bhutan,2020-09-04,Premium,15824.11
3042,Donald Harrell,klara@example.net,Japan,2018-10-12,Premium,9448.49
3043,Clinton Wallace,monicawood@example.org,Libyan Arab Jamahiriya,2023-02-08,Premium,48115.93
3044,Douglas Hahn,suzannebrowning@example.com,Zambia,2023-04-28,Standard,16769.30
3045,Megan Edwards,aaustin@example.com,Marshall Islands,2019-12-29,Standard,44074.75
3046,Edward Simmons,joshuapham@example.com,Russian Federation,2019-12-01,Basic,38037.01
3047,Bryan Parker,lesliebenjamin@example.net,Bulgaria,2018-02-09,Basic,17671.97
3048,Jennifer Reyes,michele20@example.com,Seychelles,2023-04-25,Basic,150.22
3049,Jermaine Butler,owhite@example.net,Ghana,2020-10-10,Standard,5558.36
3050,Lisa Silva,jonathanwiley@example.org,Barbados,2018-03-13,Basic,34034.31
3051,Brian Kim,rachel22@example.org,French Guiana,2021-04-05,Premium,26310.93
3052,Julia Riggs,mitchellmichael@example.com,Saint Kitts and Nevis,2019-11-17,Premium,38785.30
3053,Shannon Taylor,shieldskelly@example.net,Austria,2019-02-14,Standard,40214.24
3054,Dalton Santos,claytonchavez@example.net,Tajikistan,2021-10-06,Standard,24584.03
3055,Victoria Thomas,jamesbrewer@example.org,Puerto Rico,2021-12-07,Basic,12941.24
3056,Keith Warner,caleb67@example.com,Seychelles,2023-06-16,Standard,18278.04
3057,Alexandra Gonzalez,emilyallison@example.net,Japan,2018-02-25,Standard,15126.59
3058,Brian Hinton,anthonyavery@example.org,Uganda,2021-09-28,Basic,38748.86
3059,Megan Carter,david48@example.org,Costa Rica,2024-09-06,Standard,5726.78
3060,Christy Sweeney DDS,yjohnson@example.net,Chad,2023-10-29,Basic,32026.04
3061,Melissa Jacobs,ocummings@example.org,Qatar,2019-08-29,Standard,42827.65
3062,Adam Rogers,catherine46@example.net,Burkina Faso,2019-08-04,Standard,24941.83
3063,William Stark,ashley01@example.org,Cameroon,2020-09-27,Basic,37076.52
3064,Jacob Camacho,neilsummers@example.org,Belarus,2022-10-31,Standard,10394.75
3065,Gary Myers,hcooper@example.net,Portugal,2019-01-01,Premium,46040.30
3066,Maria Fernandez,robinsonalexandria@example.net,Morocco,2022-03-28,Basic,5485.79
3067,Monica Johnson,danielle04@example.org,Faroe Islands,2021-01-26,Basic,33972.20
3068,Gregory Cruz,charles35@example.org,Mali,2023-01-15,Basic,8830.12
3069,Ashley Robertson,thomasellis@example.com,Madagascar,2021-11-29,Standard,19612.21
3070,Andrew Fowler,weekszachary@example.com,Hong Kong,2022-09-06,Standard,15535.23
3071,Brian Randall,cdunn@example.org,Vanuatu,2018-06-18,Basic,26051.88
3072,Brittney Ford,sullivancatherine@example.net,Monaco,2021-11-07,Basic,6235.77
3073,Christina Miles,xdavis@example.net,Vanuatu,2023-02-07,Basic,48410.84
3074,William Holmes,krodriguez@example.net,Latvia,2021-11-22,Standard,5598.51
3075,Janice Kelly,elizabethmoore@example.org,Lebanon,2018-02-04,Standard,46368.93
3076,Michelle Hancock,tara83@example.com,Comoros,2019-08-26,Standard,34078.06
3077,Mason Jones,robert72@example.net,Heard Island and McDonald Islands,2023-11-13,Standard,31227.38
3078,Trevor Archer,justinhughes@example.net,Cambodia,2019-10-29,Standard,24392.56
3079,Taylor Graves,anita15@example.net,Suriname,2018-09-22,Standard,878.06
3080,Jeffery Kelley,adamgolden@example.org,Albania,2018-06-17,Premium,14222.56
3081,Jose Harris,wwhite@example.com,Jersey,2024-08-26,Premium,2754.34
3082,Roberta Walker,chad50@example.org,Ghana,2021-06-06,Premium,21573.11
3083,Joseph Harding,prodriguez@example.org,Spain,2018-01-03,Premium,12646.53
3084,Sabrina Pugh,nicholsanne@example.com,Brunei Darussalam,2021-12-05,Standard,39284.64
3085,Sarah Fowler,angelaespinoza@example.org,Zambia,2023-08-19,Basic,47930.36
3086,Mr. Jesus Burgess,martinezkathleen@example.com,Burundi,2024-04-15,Premium,47688.89
3087,Michael Castillo,xgonzalez@example.net,Bahamas,2021-01-13,Premium,49796.12
3088,Terry Thomas,wilcoxjennifer@example.com,Cambodia,2020-03-16,Standard,29302.72
3089,Michael Burns,baileydonna@example.net,Panama,2018-11-27,Standard,11021.00
3090,John Todd,rmichael@example.net,Myanmar,2023-04-23,Standard,12511.55
3091,Ashley Diaz,zbailey@example.com,Sierra Leone,2022-05-02,Standard,20015.77
3092,Edward Lawson,pwarren@example.org,France,2019-02-06,Standard,46017.69
3093,Alexis Gilbert,edwin42@example.net,Hong Kong,2024-09-11,Standard,8747.77
3094,Holly Deleon,susanwhite@example.org,Mozambique,2022-11-21,Basic,43809.03
3095,David Riggs,ellismichael@example.com,Lesotho,2024-06-26,Premium,34197.73
3096,Jennifer Farmer,trevor91@example.org,United States of America,2020-03-28,Standard,6870.97
3097,Amanda Park,jonesjeanne@example.org,Italy,2024-03-20,Premium,15123.01
3098,Jonathan Taylor,ann34@example.com,United States of America,2018-12-17,Standard,28376.59
3099,Jesus Hawkins,jeffreyroberts@example.net,Rwanda,2023-03-04,Basic,9250.27
3100,John Davis,danielduncan@example.com,Montenegro,2022-11-25,Premium,7016.63
3101,David Sanchez,ymercer@example.com,Philippines,2022-12-16,Basic,15731.70
3102,Robin Johnson,christophercooley@example.com,Puerto Rico,2022-01-04,Standard,17774.27
3103,Matthew Henderson,kimberlythomas@example.com,Mauritania,2023-03-26,Standard,48076.20
3104,Scott Vargas,vanessajimenez@example.org,French Guiana,2023-03-05,Premium,45636.66
3105,Robert Norris,andrewmyers@example.org,Benin,2018-04-19,Standard,4512.61
3106,Paul Tyler,christopher08@example.com,Fiji,2019-07-30,Basic,45351.75
3107,Charles Rich,mbest@example.net,Azerbaijan,2020-09-20,Basic,25659.12
3108,Melissa Gonzalez,lukefisher@example.net,United States of America,2019-06-06,Basic,27209.15
3109,Kyle Farmer,lisadavis@example.org,Azerbaijan,2024-05-05,Standard,2771.45
3110,Leah Fox,cameronramos@example.org,Saint Lucia,2022-05-28,Premium,20206.81
3111,Todd Nash,thompsondawn@example.org,Grenada,2018-01-25,Standard,40393.30
3112,Diana Rogers,colleenwilliams@example.net,Denmark,2023-10-23,Standard,41975.98
3113,Dennis Walker,fbutler@example.org,Sierra Leone,2018-12-13,Premium,13581.72
3114,Christopher Hendricks,huntlisa@example.org,Burundi,2019-03-15,Standard,29757.55
3115,Jessica Jones,kimberly47@example.org,Tunisia,2021-04-05,Basic,24125.25
3116,Mitchell Jones,johnsonmichael@example.net,Yemen,2021-09-19,Premium,6159.99
3117,Richard Sanchez,mcrawford@example.net,Kiribati,2024-07-22,Basic,25589.96
3118,Donna Taylor,burgessdonald@example.com,New Caledonia,2018-08-06,Basic,10332.72
3119,Zachary Quinn,deborah16@example.com,Japan,2019-08-14,Basic,37047.16
3120,Sean Hicks,isanders@example.net,Marshall Islands,2023-07-22,Premium,11254.82
3121,Tina Ortiz,ryanfox@example.net,Papua New Guinea,2019-09-26,Standard,31449.15
3122,Brandon Pena,stevemorales@example.net,Cayman Islands,2018-01-27,Standard,31220.83
3123,Jeffrey Wallace,hudsongwendolyn@example.com,Norway,2020-04-02,Premium,3450.39
3124,Travis Mayo,gary89@example.net,Uganda,2019-09-19,Basic,44006.96
3125,Tracy Smith,beverly35@example.net,Mauritania,2023-10-31,Premium,12435.58
3126,Frank Dean,bmarshall@example.com,Netherlands,2019-03-01,Standard,1330.35
3127,Jamie Johnson,rhondawood@example.net,Martinique,2023-09-03,Standard,19596.62
3128,Allen Jones,david71@example.com,Greenland,2019-05-14,Standard,20287.41
3129,Mr. Kenneth Ashley,brittanyrush@example.com,Trinidad and Tobago,2020-01-24,Premium,42101.87
3130,Robert Ferguson,hmiller@example.com,Malta,2024-02-18,Standard,41102.15
3131,Anthony Pearson,smithcarrie@example.com,Faroe Islands,2022-12-04,Basic,30896.21
3132,Margaret Mills,fhoffman@example.com,Northern Mariana Islands,2022-11-06,Premium,31846.24
3133,Anthony Hall,schroederbrittany@example.org,British Virgin Islands,2020-01-27,Premium,40945.65
3134,Shawn Morgan,brownwilliam@example.net,Argentina,2020-09-12,Premium,25624.60
3135,Christopher Webster Jr.,edward22@example.org,Thailand,2024-02-18,Premium,23860.30
3136,Larry Nicholson,cruzolivia@example.org,Slovenia,2021-04-02,Standard,33410.02
3137,Margaret Smith,lisafloyd@example.com,Pakistan,2024-08-08,Standard,18430.24
3138,Brenda Miles,ecox@example.net,North Macedonia,2021-02-01,Standard,19352.46
3139,Alexander Lamb,shenson@example.org,Sri Lanka,2019-03-16,Standard,20903.13
3140,Destiny Myers,rachel74@example.org,Saint Helena,2022-10-07,Premium,1495.74
3141,Steven Mccormick,debbie45@example.org,Equatorial Guinea,2023-02-16,Premium,28254.03
3142,Austin James,ikemp@example.net,Swaziland,2018-02-15,Basic,15207.80
3143,Timothy Palmer,william48@example.net,Togo,2024-12-14,Standard,2227.33
3144,Todd Gomez,asoto@example.com,Cuba,2021-12-23,Premium,23448.56
3145,James Evans,john07@example.com,Haiti,2023-02-21,Standard,555.09
3146,Abigail Romero,john69@example.net,Cuba,2019-10-11,Standard,25081.86
3147,Mariah Turner,sshea@example.com,Tonga,2023-08-24,Premium,17506.82
3148,Heather Hines,luis05@example.net,Antigua and Barbuda,2023-11-21,Standard,25700.95
3149,Kim Morales,jessicasmith@example.com,Congo,2019-12-16,Basic,7655.00
3150,Thomas Chang,ashleyterry@example.com,Denmark,2024-04-25,Standard,23028.14
3151,Katherine Thomas,joseph50@example.org,Monaco,2019-07-28,Standard,39269.55
3152,Amy Taylor,daniel02@example.net,Qatar,2021-05-25,Standard,3503.68
3153,Elizabeth Cooper,susandavis@example.org,Guam,2023-06-05,Standard,48131.49
3154,Austin Stout,kelsey33@example.com,Niger,2024-10-17,Basic,9100.69
3155,Olivia Lopez,rodriguezjohn@example.com,Morocco,2023-09-08,Basic,26319.15
3156,Xavier Jackson,jack74@example.org,Micronesia,2019-06-15,Basic,16271.42
3157,Michael Escobar,daniel08@example.com,Lithuania,2024-07-06,Standard,29266.21
3158,Corey Espinoza,michael51@example.com,Norfolk Island,2022-07-12,Premium,2341.96
3159,Vanessa Yates,richardsmario@example.org,Lesotho,2019-10-14,Premium,4917.37
3160,Tammy Cooper,larry37@example.net,Antigua and Barbuda,2019-03-12,Standard,46718.27
3161,Jennifer Wells,perryjames@example.com,El Salvador,2023-05-06,Standard,38019.47
3162,Zachary Taylor,contrerasmaria@example.com,Jamaica,2020-08-27,Premium,44999.74
3163,Pamela Burgess,gscott@example.org,Sao Tome and Principe,2019-12-14,Basic,44634.40
3164,Jose Fox,amyers@example.net,Nigeria,2022-09-17,Premium,3190.14
3165,Jessica Young,yallen@example.org,Uzbekistan,2020-10-22,Premium,1967.17
3166,Gabriella Jones,teverett@example.com,Antigua and Barbuda,2018-10-26,Standard,38191.26
3167,Michelle Underwood,samanthamartinez@example.net,Romania,2024-10-20,Basic,42049.90
3168,Jessica Rhodes,mezastephanie@example.org,Fiji,2019-12-14,Standard,5472.28
3169,Samantha Schmidt,parkermax@example.org,Palestinian Territory,2023-01-16,Standard,6747.51
3170,Christian Thomas,richarddiaz@example.net,Cameroon,2024-06-08,Basic,10066.75
3171,Rachel Young,jonathanruiz@example.com,Kenya,2020-10-31,Standard,21931.99
3172,Cody Lynch,higginskelly@example.org,San Marino,2021-03-17,Premium,10139.52
3173,David Woodard,deborahwright@example.net,Holy See (Vatican City State),2019-10-26,Standard,40710.50
3174,Robert Tanner,elizabethrichards@example.com,British Indian Ocean Territory (Chagos Archipelago),2020-02-27,Premium,29147.19
3175,Ashley Smith,feliciawilson@example.net,Vietnam,2019-01-30,Premium,1758.64
3176,Cameron Berger,lisa73@example.org,Malawi,2019-07-30,Premium,18042.09
3177,Jeffery Jennings,manningjessica@example.com,Denmark,2022-07-30,Basic,27374.38
3178,Brittney Garcia,randyyoder@example.com,Kenya,2018-10-22,Standard,9346.69
3179,Joe Strickland,mejiamichael@example.net,Malaysia,2023-12-04,Standard,9587.83
3180,Katherine Ramos,michael99@example.net,Belgium,2020-04-29,Basic,41396.03
3181,Craig King,brent20@example.org,Singapore,2023-08-14,Standard,17888.61
3182,Natalie Meyer,cpeters@example.org,Samoa,2024-04-07,Premium,40099.63
3183,Margaret Gilmore,brookeshaw@example.com,Senegal,2022-12-03,Standard,31310.99
3184,David Maxwell,alan34@example.com,Poland,2018-10-18,Basic,3999.38
3185,Meghan Evans,herrerajennifer@example.org,Solomon Islands,2023-10-20,Standard,5135.56
3186,Jonathan Williams,mariaortega@example.com,China,2023-08-05,Premium,2668.80
3187,Seth Edwards,johnbrooks@example.org,Mayotte,2024-01-24,Standard,1224.87
3188,Chase Garcia,michaelyoung@example.org,Sierra Leone,2021-04-02,Standard,19582.28
3189,Christina Simon,umills@example.net,Isle of Man,2022-01-05,Premium,43634.88
3190,Ryan Young,wongjacqueline@example.org,Saint Pierre and Miquelon,2019-10-09,Standard,3831.38
3191,Adam Curry,deborah67@example.org,Aruba,2024-06-14,Premium,42674.44
3192,Hayden Miller,deleontammy@example.org,Korea,2024-11-08,Basic,15680.74
3193,David Castro,baueremily@example.net,Gibraltar,2024-12-08,Premium,27342.49
3194,Daniel Smith,christopher19@example.org,Nigeria,2019-03-31,Basic,23601.84
3195,Marvin Cox,robert72@example.net,Indonesia,2020-12-13,Basic,1595.90
3196,James Wilson,shawnjimenez@example.org,Kazakhstan,2021-10-16,Standard,13117.97
3197,Michael Wilson,bbrady@example.org,Myanmar,2021-10-02,Premium,7050.50
3198,Brian Harmon,cmclean@example.net,Cyprus,2024-02-19,Basic,16547.50
3199,Jacqueline Snyder,igarcia@example.net,Lesotho,2018-09-13,Premium,24728.40
3200,Samantha Williams,jeffrios@example.net,Senegal,2024-04-28,Basic,35184.23
3201,Mary Ali,kenneth66@example.org,Lithuania,2018-05-25,Standard,49054.70
3202,Nicholas Smith,jonesstephen@example.org,Poland,2022-09-01,Basic,36990.54
3203,Mark Garcia,kennethperez@example.net,Indonesia,2018-11-27,Basic,23990.70
3204,Nancy Clark DVM,timothy46@example.com,Honduras,2019-06-15,Standard,36194.16
3205,Krystal Watkins,nmcintosh@example.com,Micronesia,2019-03-03,Premium,24880.18
3206,Tonya Smith,amber79@example.net,Denmark,2020-07-11,Basic,17577.86
3207,Darrell Cameron,barbara22@example.net,Yemen,2023-05-11,Standard,39098.94
3208,Mary Jackson,reyescarmen@example.com,Bahrain,2020-07-21,Premium,46569.20
3209,Dennis Bennett,bethmiller@example.com,Chile,2018-04-18,Premium,26755.87
3210,Christopher Castillo,andrewherrera@example.com,Qatar,2022-04-03,Basic,34211.39
3211,Virginia Morales,charlestimothy@example.net,Kiribati,2018-03-16,Basic,24160.45
3212,Monica Copeland,marissa74@example.net,Nicaragua,2022-05-05,Standard,34802.48
3213,Kyle Stewart,danielmartinez@example.com,Mayotte,2022-10-27,Basic,21399.00
3214,Rachel Travis,zachary18@example.net,Martinique,2019-07-19,Premium,21953.85
3215,Wendy Vance,reynoldstravis@example.net,Spain,2024-11-26,Standard,17654.28
3216,Tina Mann,ghensley@example.com,Cook Islands,2021-11-06,Standard,45911.62
3217,Carol Murray,marissa72@example.net,Tonga,2020-09-02,Premium,4690.34
3218,Ashley Carlson,jrobinson@example.net,Barbados,2018-02-11,Premium,20711.97
3219,Ryan Lewis,myerstiffany@example.org,Qatar,2024-01-06,Basic,2384.41
3220,Phillip Day,porterronald@example.com,Guernsey,2018-03-03,Basic,12571.13
3221,Michael Jackson,swalker@example.org,Italy,2018-08-21,Premium,2927.06
3222,Rebekah Allen,haustin@example.com,Ethiopia,2022-12-02,Premium,14201.54
3223,Nicole Williams,sanchezemily@example.net,Guinea-Bissau,2021-07-10,Standard,30160.56
3224,Jacqueline Frank,matthewfisher@example.org,Pitcairn Islands,2020-09-27,Standard,6572.84
3225,Laurie Blake,hernandezmelissa@example.net,Cuba,2022-06-18,Standard,32913.38
3226,Brittany Bartlett,daniel41@example.net,Reunion,2018-11-11,Premium,12584.92
3227,Erica Gilmore,sotomegan@example.com,Syrian Arab Republic,2024-02-05,Premium,24796.97
3228,Jason White DVM,jasminesullivan@example.org,British Virgin Islands,2022-01-02,Premium,22232.74
3229,Jennifer Duncan,michael13@example.net,Sierra Leone,2021-05-24,Standard,39032.40
3230,Emily Davis,drobinson@example.net,Ecuador,2021-04-13,Basic,12285.87
3231,Raymond Ruiz,vboyd@example.com,Singapore,2020-12-31,Standard,34918.81
3232,Amber Matthews,michael98@example.com,Burkina Faso,2023-08-25,Premium,2794.48
3233,Suzanne Johnson,jacquelinemurray@example.net,Singapore,2022-08-10,Basic,47533.12
3234,Erin Bautista,barneswilliam@example.org,Turkey,2023-06-15,Standard,4014.46
3235,Victor Ruiz,echavez@example.net,Burkina Faso,2019-07-16,Basic,11603.74
3236,Matthew Mann,mccarthyhenry@example.org,Pakistan,2024-03-14,Premium,6225.13
3237,Christopher Rosales,clifford98@example.net,Denmark,2019-08-05,Premium,48897.69
3238,Amy Nunez,jackyoung@example.com,Gambia,2022-12-09,Basic,38233.18
3239,Anna Stephens,kelly24@example.net,Tunisia,2019-04-13,Premium,24995.48
3240,Brittney Galloway,moorejoshua@example.com,Albania,2018-05-19,Standard,13970.57
3241,Elizabeth Jenkins,wilsonjill@example.com,Palestinian Territory,2022-04-23,Standard,41376.22
3242,George Fritz,salazarbarbara@example.org,Georgia,2018-12-13,Premium,14026.71
3243,Corey Ryan DDS,taylorflores@example.net,Burkina Faso,2024-11-02,Standard,24818.34
3244,Frederick Davis,romeromakayla@example.com,Tokelau,2022-04-17,Standard,22256.58
3245,Steven Chan,daylucas@example.com,Nicaragua,2020-07-08,Premium,19028.42
3246,Paul Wheeler,austinfrye@example.org,Lesotho,2022-11-01,Basic,2707.76
3247,James Aguilar,xgreene@example.org,Montenegro,2021-06-03,Premium,27123.30
3248,David Reyes,christopher18@example.org,New Caledonia,2021-11-25,Premium,45511.69
3249,Sara Mcguire,david24@example.org,Honduras,2021-10-09,Standard,40531.16
3250,Christopher Garner,robert34@example.net,Maldives,2024-08-17,Premium,37886.89
3251,Crystal Young,thomasgarcia@example.net,Malta,2021-10-28,Basic,41479.05
3252,Steven King,romerokimberly@example.com,Sudan,2022-11-13,Standard,39152.37
3253,Duane Luna,patrickoliver@example.org,Micronesia,2018-08-22,Premium,27709.38
3254,Alex Adams,lori09@example.com,Central African Republic,2021-03-23,Basic,23228.78
3255,Sarah Schultz,chelsea70@example.org,Montenegro,2024-06-03,Basic,28458.32
3256,Tanner Russo,ncampbell@example.com,Netherlands Antilles,2023-10-27,Standard,8211.19
3257,Scott Sullivan,greendavid@example.net,Mali,2022-04-11,Standard,37307.13
3258,Andrew Vargas,joshua88@example.com,Croatia,2020-09-02,Premium,45394.86
3259,Victoria Stevenson,hestrada@example.com,Jersey,2021-02-23,Basic,47553.26
3260,Joshua Riley,ssmith@example.org,Kuwait,2018-12-17,Premium,38589.83
3261,Sarah Johnson,fsilva@example.com,Nigeria,2021-04-26,Standard,28597.02
3262,Bradley Johnson,laurengreen@example.net,Venezuela,2018-06-08,Basic,13786.07
3263,Ashley Myers,robert50@example.net,Guadeloupe,2021-01-05,Basic,12600.61
3264,Nicholas Henderson,parkspatrick@example.net,French Guiana,2024-10-26,Premium,6302.89
3265,Stephen Vega,justinclark@example.com,New Zealand,2024-05-17,Basic,16117.37
3266,Victoria Johnston,andrew45@example.org,Oman,2020-12-19,Premium,22246.05
3267,Jason Vincent,toddcollins@example.org,Sweden,2018-03-12,Standard,542.65
3268,Stephanie Santana,sjones@example.net,Namibia,2018-06-01,Standard,24062.37
3269,Gary Griffin,susan25@example.org,Tokelau,2024-03-29,Premium,20489.68
3270,Cynthia Morris,lpatterson@example.com,Tunisia,2024-07-01,Premium,13894.64
3271,Kayla Clarke,phodges@example.net,Oman,2024-11-04,Basic,15769.92
3272,David Goodman,lambertjames@example.net,Guernsey,2018-09-20,Standard,9072.22
3273,Nathan Miller,horndonald@example.net,Morocco,2021-02-05,Standard,43465.86
3274,Gavin Rasmussen,aaroncarter@example.net,Tokelau,2019-06-06,Premium,31553.88
3275,Terry Mckee,hstevens@example.com,Senegal,2019-08-25,Basic,32833.31
3276,Steven Hughes,mthomas@example.net,Jamaica,2020-08-11,Premium,32764.58
3277,Eric Campbell,richard96@example.net,Saint Vincent and the Grenadines,2020-01-25,Basic,25385.29
3278,Crystal Medina,jameswood@example.net,Italy,2022-12-09,Basic,15934.99
3279,Miguel Newton,westjeffrey@example.org,Turks and Caicos Islands,2024-03-16,Basic,11474.83
3280,Douglas Howard,lmercado@example.net,Isle of Man,2020-11-27,Standard,904.30
3281,Jasmine Hahn,smedina@example.org,Malawi,2021-12-18,Basic,35944.13
3282,Susan Melendez,qcervantes@example.com,Sierra Leone,2024-09-25,Premium,17551.51
3283,Lisa Sutton,shelleycombs@example.net,Grenada,2018-11-14,Basic,22246.25
3284,Hector Lee,bcobb@example.org,Lebanon,2023-09-25,Premium,11925.24
3285,Jason Alvarez,bakeredward@example.com,Italy,2021-08-27,Basic,18630.83
3286,Bobby Carlson,james11@example.com,Saudi Arabia,2022-08-31,Premium,32130.16
3287,Daniel Waters,howellbrian@example.org,Norway,2021-03-05,Premium,1332.26
3288,Laura Ramirez,hogannathan@example.com,Saint Kitts and Nevis,2024-10-22,Standard,16815.79
3289,Dana Roberts,matthew85@example.net,Palestinian Territory,2022-07-30,Basic,18798.31
3290,David Mckay,michelleanderson@example.com,Jersey,2021-04-19,Basic,1654.75
3291,Miss Suzanne Lambert,hensleybenjamin@example.com,Antarctica (the territory South of 60 deg S),2022-02-17,Premium,14614.54
3292,Laura Miller,fitzgeraldlisa@example.net,Sao Tome and Principe,2019-09-07,Basic,1374.21
3293,Samantha Miller,fbass@example.org,Mexico,2024-10-30,Premium,40420.91
3294,Stephen Shaw,rcobb@example.com,Japan,2023-09-24,Basic,39065.60
3295,Nicholas Ruiz,gmclean@example.net,Serbia,2023-09-13,Basic,35670.73
3296,Kayla Caldwell,jennifer96@example.com,Paraguay,2020-05-30,Standard,41553.27
3297,Rachael Reyes,jeansmith@example.com,Rwanda,2018-05-14,Basic,36340.36
3298,Jared Spence,alvin91@example.com,Saint Barthelemy,2022-04-10,Basic,4014.40
3299,David Hall,audreylopez@example.com,United States of America,2018-11-13,Premium,28313.58
3300,Alan Ramirez,nbecker@example.net,Jamaica,2024-06-10,Basic,27456.83
3301,Christopher King,carlos18@example.com,Honduras,2022-09-09,Basic,36678.98
3302,John Hayes,jasongarza@example.org,El Salvador,2023-12-02,Premium,30394.39
3303,Patrick Morgan,spencer42@example.org,Comoros,2023-11-19,Basic,22106.77
3304,Dennis Garcia,sabrinaperez@example.net,Liberia,2021-01-07,Premium,41816.85
3305,Sara Gay,fgutierrez@example.com,Gabon,2021-04-15,Premium,16501.36
3306,Brandon Harris,charles30@example.org,Guinea,2022-01-22,Premium,22845.48
3307,Christina Lester,ibarton@example.org,Guernsey,2019-04-18,Basic,12128.22
3308,Marco Rose,dana17@example.net,Netherlands,2022-08-07,Standard,4076.53
3309,Shawn Roman,lambalexandra@example.net,Turks and Caicos Islands,2024-04-14,Basic,3914.54
3310,Valerie Rangel,zrivera@example.net,Taiwan,2022-01-23,Basic,24259.31
3311,Sharon Bennett,katherine23@example.net,Costa Rica,2020-08-01,Standard,39336.58
3312,Anne Robinson,kelleyjennifer@example.org,Saint Martin,2020-07-30,Basic,41408.27
3313,Craig Patel,michelle34@example.org,Romania,2019-05-29,Basic,12322.70
3314,Rose Collins,curtisfranklin@example.com,Morocco,2022-07-28,Basic,29279.29
3315,Ryan Spence,pittmanjill@example.org,China,2019-07-20,Basic,13087.92
3316,Ernest Kennedy,kennethbranch@example.com,Saint Kitts and Nevis,2021-03-21,Standard,15760.83
3317,Craig Miller,michael01@example.com,Czech Republic,2018-11-30,Standard,21109.03
3318,Anthony Parker,coleamanda@example.net,Rwanda,2019-08-31,Basic,24760.59
3319,Anthony Cooke,jward@example.com,Panama,2020-03-22,Premium,43832.64
3320,Emma Russell,zyoung@example.com,Greece,2018-03-05,Premium,6127.36
3321,Elizabeth Logan PhD,carlagarcia@example.com,Wallis and Futuna,2020-12-14,Basic,35597.96
3322,Summer Adams,brianparker@example.org,Vietnam,2023-04-09,Basic,5139.67
3323,Morgan Garcia,sbonilla@example.net,Hong Kong,2018-05-20,Standard,1294.18
3324,Mrs. Lisa Smith,ernestwright@example.net,British Virgin Islands,2019-11-15,Premium,6705.65
3325,Charles Holloway,edwinmiller@example.com,Guinea-Bissau,2023-12-09,Standard,45222.59
3326,Jennifer Santos,khouston@example.com,Zimbabwe,2021-12-22,Premium,20175.64
3327,Joseph Welch,tberry@example.org,Samoa,2024-03-31,Premium,35627.98
3328,Gregory Hall,travis28@example.net,Korea,2019-05-03,Standard,44881.57
3329,Dakota Thomas,choidonna@example.com,Monaco,2021-10-10,Basic,30477.00
3330,Johnny Anderson,angelacrosby@example.org,New Zealand,2019-03-18,Basic,2357.36
3331,Edward Lopez,riverawendy@example.net,Angola,2021-12-24,Standard,45542.64
3332,Brittany Welch,ysmith@example.org,France,2023-01-17,Basic,41756.75
3333,Carrie Mcconnell,josebarnes@example.com,Tanzania,2021-03-30,Standard,35035.67
3334,John Hayes,mschwartz@example.com,Armenia,2020-01-22,Basic,38321.19
3335,Allison Harrell,ryan43@example.org,Bhutan,2023-09-18,Premium,7697.59
3336,Erin Randall,otrujillo@example.net,Monaco,2018-02-01,Basic,29693.11
3337,Jordan Dixon DDS,sbailey@example.net,Nigeria,2023-02-01,Standard,16089.80
3338,Angela Price,butlerdavid@example.org,Tajikistan,2019-12-25,Basic,36154.41
3339,Stacey Gay,angelasmith@example.com,Liberia,2021-02-18,Premium,11689.95
3340,Destiny Mullins,molinachristina@example.org,Malawi,2023-07-14,Standard,2509.57
3341,Gary Wolf,melody89@example.com,Saint Lucia,2023-10-22,Basic,29033.43
3342,Christopher Higgins,kyle91@example.com,Kuwait,2022-10-14,Standard,16207.72
3343,Monique Krueger,kyleanderson@example.org,Namibia,2021-07-28,Premium,47680.33
3344,Brandon Moss,dlewis@example.net,Greenland,2018-06-21,Basic,44130.97
3345,Beth Cross,jsmith@example.com,Tonga,2020-05-12,Standard,26004.84
3346,Kelly Briggs,vdavenport@example.com,Portugal,2024-06-13,Basic,15786.93
3347,Leslie Jackson,moniquemoore@example.org,Saint Barthelemy,2021-11-23,Standard,8363.07
3348,April Gallagher,ericbrooks@example.org,Jordan,2021-03-25,Standard,24383.12
3349,Kayla Simmons,erin67@example.com,Northern Mariana Islands,2020-07-05,Premium,14495.09
3350,Albert Avery III,timothyadams@example.com,Morocco,2020-11-28,Basic,37698.09
3351,Kenneth Cook,halldaisy@example.org,Wallis and Futuna,2020-08-06,Basic,14003.57
3352,Steven Sutton,carol28@example.net,Nigeria,2019-01-29,Premium,27652.96
3353,Joshua Ellis III,thorntonkelly@example.net,Hungary,2023-09-15,Premium,1464.77
3354,Vickie Moore,hmorris@example.net,Pakistan,2018-06-12,Basic,26942.00
3355,Luis Snyder,matthew49@example.com,Guinea-Bissau,2020-03-10,Premium,24469.46
3356,Andrea Howard,hcollins@example.net,Iraq,2018-04-16,Standard,10236.73
3357,Kyle Young,mcintyrebrendan@example.org,Guernsey,2024-05-28,Standard,36631.26
3358,Sabrina Brown,fosterjames@example.org,Belize,2023-11-04,Premium,41568.79
3359,Erin Alvarez,geraldcampbell@example.org,Malta,2021-04-23,Premium,35840.92
3360,Joshua Mcgee,kelsey92@example.com,Hong Kong,2019-05-07,Standard,44455.10
3361,Anthony Fuller,ryan01@example.net,Tunisia,2023-07-14,Standard,4434.51
3362,Amanda Smith,jamesevans@example.org,Barbados,2019-07-15,Standard,36608.52
3363,Felicia Robinson,nicholasibarra@example.com,Iran,2019-04-23,Standard,40201.69
3364,Mrs. Tanya Nguyen,robert05@example.org,Myanmar,2020-06-30,Basic,3810.08
3365,James Gilbert,rwashington@example.net,Sweden,2019-10-04,Basic,16833.32
3366,Mackenzie Taylor MD,kara64@example.net,Montserrat,2023-02-01,Basic,36802.54
3367,Kyle Hernandez,riley28@example.com,Saint Pierre and Miquelon,2018-10-31,Basic,34428.08
3368,William Suarez,tara38@example.org,Tokelau,2018-06-07,Standard,5111.90
3369,Jonathan Peterson,ana12@example.com,Cocos (Keeling) Islands,2023-11-06,Standard,9600.89
3370,Daniel Lawson,gwoods@example.com,France,2024-04-05,Basic,41897.99
3371,April Hoffman,guerramaria@example.org,Papua New Guinea,2018-05-26,Basic,31401.52
3372,Kristine Hudson,lawsoncalvin@example.com,Holy See (Vatican City State),2020-10-04,Premium,29358.53
3373,Christian Byrd,kerry49@example.org,Guadeloupe,2020-06-20,Basic,9864.35
3374,Brett Hardin,abigailchambers@example.org,Maldives,2023-04-10,Premium,24276.91
3375,Gabrielle Hudson,scott65@example.com,Slovakia (Slovak Republic),2020-02-06,Basic,24886.65
3376,Steven Olson,mark94@example.net,South Africa,2019-06-24,Premium,31775.16
3377,Margaret Torres,qherrera@example.com,Bosnia and Herzegovina,2018-12-30,Basic,42872.12
3378,Jason Elliott,jessicagreer@example.com,Seychelles,2020-05-27,Premium,21772.51
3379,Stephanie Tucker,kennethrodriguez@example.org,Guyana,2023-07-03,Basic,30599.74
3380,Julie Mcknight,rodriguezstephanie@example.net,El Salvador,2019-12-31,Premium,20966.15
3381,Scott Miranda,john14@example.net,Mauritania,2020-12-13,Basic,19076.48
3382,Mr. Tommy Mcdonald,richard13@example.com,Faroe Islands,2024-07-19,Premium,31921.96
3383,Monique Freeman,longmark@example.net,Holy See (Vatican City State),2023-06-07,Basic,32881.35
3384,Manuel Edwards,michelleherrera@example.com,Guernsey,2020-01-08,Standard,42050.52
3385,Sandra Craig,todd94@example.com,Guyana,2021-04-11,Basic,24304.49
3386,Anne Ortiz,moorerachael@example.net,Sierra Leone,2022-05-26,Basic,17920.68
3387,Lori Wilson,robertallen@example.net,Saint Pierre and Miquelon,2023-05-25,Standard,4917.01
3388,Tonya Turner,turnersteven@example.com,Iran,2019-04-06,Standard,21037.74
3389,Yolanda Wallace,scotttiffany@example.net,Nauru,2023-01-06,Standard,12445.07
3390,Robert Hoover II,david55@example.net,Guam,2022-10-07,Premium,8892.10
3391,Kelly Robinson DVM,jennifer60@example.org,Kyrgyz Republic,2021-07-30,Basic,5765.46
3392,Lee Price,millermichael@example.net,Antarctica (the territory South of 60 deg S),2022-06-19,Basic,6490.09
3393,Amanda Garcia,bentleysteve@example.net,Faroe Islands,2023-06-05,Standard,30092.83
3394,Katherine Reynolds,,Bolivia,2020-08-19,Premium,14617.42
3395,Michael Rodriguez,beth38@example.net,Jamaica,2023-09-10,Premium,44501.55
3396,Michael Gomez,krystaltucker@example.org,Heard Island and McDonald Islands,2022-08-03,Premium,28156.64
3397,Rebecca Warner,dwilliams@example.com,Brunei Darussalam,2021-08-16,Standard,33781.95
3398,Joshua Nelson,rasmussenjerry@example.com,Svalbard & Jan Mayen Islands,2022-08-12,Standard,40470.62
3399,Cory Smith,jake97@example.com,Chad,2022-10-08,Standard,13108.90
3400,Eric Mendez MD,leejoseph@example.net,Montenegro,2018-08-12,Standard,24326.72
3401,Randy Wilkerson,abigail03@example.net,Seychelles,2020-06-15,Standard,31849.68
3402,Stephanie Smith,sloanemily@example.org,Spain,2018-07-06,Standard,22437.05
3403,Mark Bridges,peterjohnson@example.org,Thailand,2020-06-25,Basic,43793.54
3404,Travis Caldwell,pennyruiz@example.net,Yemen,2024-01-05,Premium,38999.64
3405,Richard Jones,lpatterson@example.org,Benin,2019-03-28,Basic,30576.49
3406,Megan Krueger,charlessims@example.org,Gibraltar,2019-06-14,Basic,27034.39
3407,Renee Miller,richardskristine@example.net,Montenegro,2018-03-28,Standard,4603.61
3408,Bridget Cook,phillip57@example.com,Norfolk Island,2021-09-27,Standard,38365.42
3409,Jamie Watson,henryparks@example.com,Fiji,2024-03-14,Premium,32781.09
3410,Billy Meyer,christopher67@example.org,Malawi,2023-10-26,Premium,18168.68
3411,Melissa Thomas,angelawong@example.net,Bolivia,2020-03-23,Premium,41923.64
3412,Cindy Monroe,xpalmer@example.org,Mauritania,2022-06-09,Basic,11543.79
3413,Diana Crawford,greenemily@example.org,Antarctica (the territory South of 60 deg S),2019-10-24,Standard,16641.96
3414,Debbie Boyd,johnadams@example.org,United Arab Emirates,2020-06-02,Basic,36693.38
3415,Cody Jackson,rhondasmith@example.org,Malawi,2018-02-25,Premium,42289.55
3416,Dr. Thomas Harrison,kwilliams@example.org,Italy,2023-11-27,Premium,25124.82
3417,Karen Rodriguez,kimberlybennett@example.net,Netherlands,2023-06-10,Premium,7931.58
3418,John Pena,fieldsjacob@example.org,Luxembourg,2021-05-19,Premium,11577.26
3419,Douglas Mills,qhoffman@example.com,Bosnia and Herzegovina,2020-10-09,Premium,13695.67
3420,Robin Walker,olivialambert@example.com,Tanzania,2019-05-22,Standard,32798.27
3421,Gary Morales,gmcdonald@example.net,New Zealand,2019-06-22,Basic,43843.42
3422,Andrew Robbins,chelseasmith@example.com,South Africa,2018-12-14,Premium,3787.12
3423,Amanda Cunningham,obrewer@example.com,Bulgaria,2022-08-29,Premium,835.62
3424,Matthew Wilson,hfleming@example.net,Bangladesh,2024-01-28,Basic,45956.83
3425,Jacqueline Berry,randygardner@example.net,India,2019-01-27,Basic,29450.97
3426,Adam Ramirez,yusandra@example.org,Netherlands Antilles,2022-05-22,Premium,41590.44
3427,Steven Chandler,stephanie60@example.org,China,2021-07-02,Standard,21315.12
3428,Kenneth Hickman,piercewilliam@example.com,Somalia,2018-04-06,Standard,13775.08
3429,Adam Hancock,jameschaney@example.net,Djibouti,2020-04-10,Premium,13287.07
3430,Samantha Lee,smithmichael@example.org,Turks and Caicos Islands,2024-06-18,Standard,18891.38
3431,Sarah Castillo,samantha69@example.org,Sierra Leone,2022-10-26,Premium,11190.42
3432,Haley Johnson,jessicatorres@example.org,Canada,2022-07-23,Basic,14000.04
3433,Dana Miller,michael97@example.net,Mozambique,2021-03-10,Basic,26706.87
3434,Daniel Morton,fgarcia@example.org,Togo,2020-09-28,Standard,958.91
3435,Mr. Andrew Jenkins,ksolomon@example.com,Barbados,2023-07-29,Basic,19742.89
3436,Thomas Hale,riverasylvia@example.com,Mauritius,2022-03-07,Basic,35757.48
3437,Paige Welch,jason76@example.net,Eritrea,2023-01-27,Premium,28936.19
3438,Justin Gallagher,qellis@example.com,Togo,2018-04-12,Standard,38583.17
3439,James Walker,shelly97@example.net,North Macedonia,2023-01-06,Standard,23892.64
3440,Crystal Miller,cwolf@example.org,Czech Republic,2019-03-23,Basic,15599.43
3441,Kevin Fisher,wcook@example.com,Ukraine,2019-08-12,Basic,48793.29
3442,Wendy Peterson,turnerjuan@example.net,Togo,2019-01-26,Basic,8545.86
3443,Eric Marks,nswanson@example.org,Mauritius,2023-06-30,Basic,12573.46
3444,Gregory Smith,megan27@example.org,Korea,2019-08-02,Standard,30862.77
3445,Sarah Macdonald,lisa47@example.com,Switzerland,2023-04-24,Basic,36179.32
3446,Brian Webb,cmyers@example.com,French Guiana,2024-05-09,Premium,3040.75
3447,Heather Peterson,williamtyler@example.org,Chad,2023-07-15,Standard,20651.74
3448,Kenneth Phillips,joseph03@example.net,Algeria,2021-10-15,Premium,1921.83
3449,Deanna Jennings,judith06@example.com,Saint Kitts and Nevis,2024-05-04,Basic,20386.06
3450,Linda Weeks,hjones@example.org,Venezuela,2018-01-23,Standard,34550.83
3451,Joshua Johnson,dware@example.com,Nepal,2024-04-22,Standard,27324.88
3452,Andrew Pena,othomas@example.com,Lao People's Democratic Republic,2021-07-06,Basic,11863.39
3453,Sherry Morton,yjones@example.org,Azerbaijan,2023-03-05,Basic,24201.52
3454,Olivia Mcneil,andersoncarla@example.org,Colombia,2024-03-22,Basic,49638.49
3455,Amanda Fernandez,karlmartin@example.org,Poland,2018-11-30,Premium,21342.53
3456,Dana French,christinahickman@example.com,Fiji,2018-11-14,Standard,6451.40
3457,Richard Olsen,davenportstephanie@example.com,Mongolia,2018-02-25,Premium,26044.96
3458,Mrs. Cristina Stark,psalazar@example.org,Comoros,2019-05-13,Premium,9948.64
3459,Joshua Myers,caroldavis@example.net,Guam,2019-04-11,Premium,44286.59
3460,Mike Williams,qhensley@example.com,Marshall Islands,2023-07-22,Premium,31345.63
3461,Kristi Mitchell,vchan@example.org,Botswana,2023-11-19,Standard,7079.28
3462,Kenneth Molina,scottmichael@example.com,United Kingdom,2024-02-19,Standard,20030.34
3463,Robert Nguyen,tortiz@example.org,Haiti,2021-04-30,Premium,21830.42
3464,Allen Hawkins,opierce@example.com,Mayotte,2021-04-20,Basic,46106.31
3465,Michael Williams,garywright@example.org,United States Virgin Islands,2021-01-15,Basic,16187.07
3466,Dr. Brandon Novak,ann63@example.net,Singapore,2022-03-03,Basic,32546.01
3467,Bonnie Shepherd,hmoore@example.com,Cook Islands,2019-08-03,Standard,26210.24
3468,Melissa King,lindabradley@example.com,China,2020-04-17,Basic,47604.57
3469,Ashley Sexton,hcollins@example.com,Algeria,2022-03-01,Basic,30265.44
3470,Philip Weaver,ruizandrew@example.org,Reunion,2023-04-18,Standard,10609.79
3471,Joseph Collins,hernandezandrew@example.net,Cayman Islands,2021-09-14,Basic,36034.50
3472,Mary Smith,xward@example.com,Bangladesh,2019-07-09,Premium,26266.48
3473,Joseph Harvey,brownpamela@example.com,Israel,2023-04-25,Premium,15952.63
3474,John Santos,chanmichael@example.com,Pitcairn Islands,2020-01-05,Premium,23577.62
3475,Jillian Hill,halljennifer@example.org,Liberia,2018-01-23,Standard,35103.09
3476,Pamela Carter,jamesberry@example.com,Madagascar,2020-03-27,Basic,4783.01
3477,Brenda Young,raymondmann@example.org,Japan,2023-02-22,Standard,4826.26
3478,Brandon Green,jlevine@example.org,Burkina Faso,2023-04-04,Basic,7907.01
3479,Bernard Figueroa,vincent19@example.net,Kuwait,2021-12-06,Basic,28001.89
3480,Jacob Bowen,ecrawford@example.net,Bulgaria,2020-07-14,Standard,31478.21
3481,Carl Jones,brandonallison@example.org,Mexico,2020-02-29,Standard,14280.96
3482,Heather Allen,taracole@example.org,Switzerland,2022-10-12,Basic,36493.22
3483,Matthew Gonzalez,grichards@example.org,Nauru,2022-02-13,Basic,38372.74
3484,Hailey Oconnell,robin11@example.com,Tajikistan,2020-11-09,Basic,27096.75
3485,Larry Wallace,carolyn07@example.com,Switzerland,2020-04-09,Premium,29672.69
3486,Elizabeth Villarreal,robin48@example.com,Sweden,2019-02-26,Basic,10900.43
3487,Jason Cruz,carolyn88@example.org,Puerto Rico,2020-01-01,Standard,28226.62
3488,Eric Andrews,pluna@example.net,Jordan,2019-06-03,Basic,29407.12
3489,Julia Jackson,kenneth43@example.net,Turks and Caicos Islands,2022-04-18,Standard,28825.22
3490,Eric Mosley,ymartin@example.com,Lebanon,2024-08-22,Basic,13934.15
3491,Stuart Goodwin,jeffrey80@example.org,Nicaragua,2024-11-27,Basic,45470.56
3492,Amber Shaffer,sarah04@example.org,French Polynesia,2020-05-07,Premium,233.27
3493,Sean Woodward,leashley@example.org,Netherlands Antilles,2020-08-07,Premium,4657.78
3494,Michael Webb,sperry@example.org,Iraq,2024-11-23,Premium,7252.33
3495,Richard Benson,davidgreen@example.org,Uzbekistan,2023-05-02,Premium,16234.56
3496,Jason Greene,larsonchristopher@example.com,Uzbekistan,2018-08-02,Premium,25634.09
3497,Vanessa Gaines,eddie31@example.net,Brazil,2022-12-06,Standard,33275.63
3498,Cathy White,rhonda47@example.com,Italy,2021-09-01,Standard,25068.72
3499,Rachel Koch,boyddavid@example.net,South Georgia and the South Sandwich Islands,2019-04-26,Premium,28051.24
3500,William Bishop,shane42@example.org,Morocco,2022-03-26,Standard,35341.61
3501,Dana Bauer,christina67@example.com,South Georgia and the South Sandwich Islands,2021-12-25,Standard,41948.61
3502,Victoria Wright,clarkegabriel@example.org,Saint Vincent and the Grenadines,2021-07-22,Basic,4002.16
3503,Nicholas Young,alex32@example.net,Mongolia,2024-10-15,Premium,47772.47
3504,Andrew Mata,reynoldsmegan@example.com,Bangladesh,2021-02-11,Basic,7229.91
3505,Maria Turner,pgordon@example.net,Romania,2022-11-26,Basic,22138.18
3506,David Mays,gregory31@example.com,Niger,2020-10-23,Basic,6099.97
3507,Charles Thornton Jr.,xramos@example.com,Yemen,2022-11-19,Basic,17474.21
3508,Lisa Torres,gabriellaross@example.org,Falkland Islands (Malvinas),2018-04-14,Standard,42783.08
3509,Daniel Strickland,kyliebarker@example.org,Malaysia,2021-11-18,Basic,21261.49
3510,Michael Cook,johnyates@example.net,Bolivia,2024-12-02,Basic,43827.11
3511,Danielle Villa,joshuawright@example.net,Cote d'Ivoire,2020-02-22,Standard,18772.87
3512,William Henderson,bruceelijah@example.com,Venezuela,2018-02-13,Premium,22159.82
3513,Mark Ryan,jenniferellis@example.org,Dominican Republic,2023-11-25,Premium,380.17
3514,Andrew Moon,pwilliams@example.org,Greece,2021-06-25,Standard,4796.01
3515,Allen Erickson,stacey58@example.com,Austria,2022-02-19,Standard,25189.39
3516,Tina Adams,hilledwin@example.net,Svalbard & Jan Mayen Islands,2018-02-23,Basic,13724.09
3517,Elizabeth Peterson,charles99@example.org,Holy See (Vatican City State),2021-01-31,Basic,23988.87
3518,Savannah Anderson,williamhess@example.com,Sierra Leone,2018-06-29,Basic,35242.80
3519,Laurie Richard,rebecca53@example.net,Portugal,2021-01-28,Basic,2955.63
3520,Tyler Huynh,jensennancy@example.org,Grenada,2024-06-01,Premium,43172.95
3521,Shannon Edwards,zavery@example.com,South Georgia and the South Sandwich Islands,2023-04-13,Basic,31648.78
3522,Tyler Welch,tinaortiz@example.org,Tajikistan,2023-07-02,Premium,23725.08
3523,Barbara Jenkins,powersmonique@example.net,Haiti,2024-02-13,Premium,2005.86
3524,Michelle Young,albertmaxwell@example.com,Jordan,2018-04-29,Basic,44723.83
3525,Emily Roberts,edwardsanna@example.com,Macao,2019-09-20,Basic,36836.19
3526,Mary Fisher,emurray@example.com,Comoros,2019-06-24,Premium,21036.67
3527,Melissa Henderson,mcgeebrittany@example.org,Aruba,2019-05-05,Premium,22224.56
3528,Dustin Webster,atkinsonjessica@example.net,Canada,2018-09-13,Standard,4964.03
3529,Mr. Jonathan Garcia,benjaminlloyd@example.com,Palestinian Territory,2024-02-07,Standard,49171.83
3530,Todd Peters,russellwilliam@example.net,Mauritania,2020-03-06,Basic,30738.79
3531,Ann Roth,sarah90@example.com,Niue,2018-03-10,Standard,41879.95
3532,Kevin Cook,iblake@example.org,Hong Kong,2021-07-20,Basic,8543.76
3533,Joseph Smith,jennifermoore@example.org,Saint Kitts and Nevis,2024-07-31,Basic,47220.62
3534,Kristen Nunez,seth37@example.org,Guinea,2023-10-16,Premium,47033.20
3535,Albert Black,chungjeffrey@example.com,Netherlands,2022-07-10,Standard,41902.06
3536,Stephen Wolf,,New Caledonia,2018-09-09,Premium,9727.70
3537,Jennifer Snow,paul49@example.org,Western Sahara,2023-08-17,Premium,36474.96
3538,Joseph Cummings,jwatson@example.com,Serbia,2018-12-10,Premium,22225.60
3539,Brian Coleman MD,bellcathy@example.com,Swaziland,2021-02-02,Basic,10014.30
3540,Zachary Wright,gordonsabrina@example.net,Kazakhstan,2023-09-02,Standard,8731.11
3541,Timothy Smith,taylorallison@example.com,Japan,2018-01-14,Standard,13760.78
3542,Richard Allen,ewarner@example.org,Andorra,2021-12-07,Premium,17138.48
3543,Ariana Simpson,yrodriguez@example.org,Taiwan,2024-05-16,Basic,4396.15
3544,Jacob Kelley,alexandergarcia@example.com,Papua New Guinea,2023-03-12,Premium,5901.46
3545,Troy Moses,matthew00@example.com,French Polynesia,2019-01-06,Premium,36504.56
3546,Amanda Holder,wadebrenda@example.net,Tajikistan,2020-01-31,Standard,29598.31
3547,Ryan Morales,gyoung@example.com,Burkina Faso,2018-03-24,Premium,39457.96
3548,Brent Lewis,,Malta,2020-06-09,Basic,18789.02
3549,Michael Johnson,carterlawrence@example.net,Gambia,2018-11-29,Basic,47167.54
3550,Courtney Smith,daniel99@example.net,Isle of Man,2021-06-14,Basic,32151.64
3551,Devon Webster,williamcrawford@example.org,Guinea-Bissau,2020-02-22,Basic,37816.04
3552,Larry Gray,matthewchavez@example.com,Norfolk Island,2019-06-28,Standard,2761.43
3553,Aaron Anderson,andersonpeggy@example.com,Argentina,2021-03-21,Premium,14020.27
3554,Patrick Hayes,lopezchristian@example.com,Maldives,2024-05-03,Standard,20757.74
3555,Amanda Baker,kelseyhunter@example.org,Guadeloupe,2020-02-11,Standard,44190.07
3556,James Williams,hornjeff@example.org,Libyan Arab Jamahiriya,2019-12-27,Standard,13041.77
3557,Elizabeth Hill,silvapatrick@example.org,Israel,2022-12-06,Standard,4711.36
3558,Charles Myers,maria44@example.com,Cape Verde,2021-12-25,Basic,18244.30
3559,Christopher Rowland,johnstephens@example.com,Comoros,2023-11-13,Standard,41492.05
3560,Dana Murray,xjones@example.org,Czech Republic,2019-11-30,Premium,47488.29
3561,Sara Savage,dominguezomar@example.com,Norfolk Island,2024-07-25,Standard,7869.64
3562,Barbara Baker,munozjohn@example.net,Ireland,2024-05-18,Premium,49688.41
3563,Bradley Baker,marksashley@example.net,British Virgin Islands,2022-11-13,Standard,32335.80
3564,Robin Brock,jessicaboone@example.com,Zimbabwe,2021-03-28,Premium,17174.84
3565,Linda Beasley,jortiz@example.net,Singapore,2023-08-26,Basic,41509.90
3566,Arthur Williams,christian13@example.org,Maldives,2021-01-06,Premium,25712.30
3567,Tony Key,collinsstacy@example.com,Uruguay,2020-05-13,Standard,10990.92
3568,Michael Moore,wallacebrenda@example.org,Georgia,2020-12-04,Premium,46103.78
3569,Andrew Ward,armstrongjoshua@example.org,Sri Lanka,2023-10-19,Basic,31592.57
3570,Mrs. Ariel Guerrero DDS,chadgonzalez@example.com,Sudan,2023-05-01,Premium,23415.62
3571,Pamela Price,thomas27@example.com,Panama,2021-08-15,Standard,28232.09
3572,Linda Gibbs,bswanson@example.org,Croatia,2024-08-07,Premium,16186.37
3573,Teresa Baker,osmith@example.org,New Caledonia,2019-03-05,Basic,18008.32
3574,Darryl Adkins,christopher64@example.org,Albania,2018-02-02,Premium,21128.25
3575,Alice Jackson,ebell@example.net,Oman,2021-10-02,Standard,32429.28
3576,Hannah Schaefer,rallen@example.org,Belgium,2019-02-15,Premium,45666.13
3577,Joseph Sullivan,kenneth12@example.com,Czech Republic,2021-06-08,Premium,23395.38
3578,James Roberts,campbellkelly@example.net,Iran,2020-02-02,Premium,22006.53
3579,Eric Hoffman,william81@example.com,American Samoa,2024-11-30,Standard,29719.38
3580,Danielle Morton,mcneilsandra@example.com,South Georgia and the South Sandwich Islands,2022-11-17,Basic,20026.74
3581,Paul Wallace,desireeedwards@example.com,Nepal,2020-09-24,Standard,36196.29
3582,Dakota Branch,wallacedakota@example.org,Kenya,2024-09-27,Standard,24179.62
3583,Michael Henderson,haneyjoshua@example.org,Chile,2022-07-02,Standard,2102.44
3584,Debra Carter,matthew96@example.com,Fiji,2020-08-17,Basic,5481.98
3585,David Stanley,elizabeth65@example.com,Wallis and Futuna,2022-10-11,Standard,47703.70
3586,Keith Rodriguez,cardenasjessica@example.com,Ecuador,2022-06-30,Basic,1524.90
3587,Sherri Sherman,christina99@example.org,Hungary,2023-09-29,Premium,46125.44
3588,Veronica Lewis,vrobbins@example.net,Lesotho,2024-09-10,Basic,47148.03
3589,Joyce Garcia,krobinson@example.com,Serbia,2020-03-23,Basic,37617.32
3590,Thomas Nelson,jrobbins@example.org,Somalia,2019-06-17,Basic,16724.04
3591,Kristin Bailey,qhodge@example.org,Syrian Arab Republic,2018-08-09,Premium,15532.75
3592,Sharon Hopkins,qtran@example.org,Eritrea,2019-08-03,Standard,22989.80
3593,Wendy Haley,barbara17@example.net,Iceland,2019-11-09,Standard,142.08
3594,Andrew Smith,anita17@example.org,Sweden,2019-08-28,Premium,44159.44
3595,Lawrence Wilson,pricematthew@example.com,Qatar,2021-05-19,Standard,4110.73
3596,Kristin Lopez,karen64@example.com,Cote d'Ivoire,2020-08-25,Premium,21883.79
3597,Kimberly Carlson,garciakenneth@example.net,Oman,2020-09-29,Premium,34267.21
3598,John Bradford,carolyoung@example.net,Bulgaria,2022-03-13,Premium,23919.47
3599,Ryan Garcia,vsanders@example.net,Canada,2021-11-12,Premium,23592.95
3600,Cameron Bass,murphychristine@example.org,Iceland,2022-06-03,Basic,10703.34
3601,Mrs. Mary Bowers,contreraskara@example.org,Svalbard & Jan Mayen Islands,2023-04-19,Basic,18876.95
3602,Benjamin Jones,qlee@example.com,Sierra Leone,2023-03-14,Basic,12212.83
3603,Lori Miller,foleyaaron@example.net,Saint Vincent and the Grenadines,2019-01-28,Standard,6512.27
3604,Brenda Gallagher,elizabeth69@example.net,Austria,2019-07-01,Standard,38685.70
3605,Melissa Preston,mwoods@example.net,Venezuela,2021-03-05,Basic,36545.57
3606,Antonio Ortega,snyderpamela@example.com,Yemen,2022-10-06,Basic,19753.13
3607,Lori Gutierrez,tara61@example.net,Burundi,2018-10-21,Standard,24466.64
3608,Benjamin Esparza,natashasmith@example.org,Sao Tome and Principe,2024-07-30,Premium,11162.53
3609,Nicholas Sanders,david61@example.net,Norfolk Island,2024-10-28,Premium,38415.41
3610,Michelle Poole,jakegreen@example.org,Portugal,2022-02-20,Standard,17058.56
3611,Lisa Henderson,logangarrett@example.net,Bahrain,2018-01-07,Basic,29998.59
3612,Joel Hill,dylanharrington@example.net,Bangladesh,2022-06-19,Premium,32314.31
3613,Morgan Barrett,donald82@example.net,Sri Lanka,2019-07-20,Standard,9479.73
3614,Jesse Garcia,pbarron@example.com,Myanmar,2020-05-15,Standard,21826.49
3615,Ryan Bradley,sharonedwards@example.net,Israel,2021-10-22,Standard,32736.84
3616,Deanna Sutton,kathleen36@example.net,Saint Lucia,2022-10-10,Premium,14319.71
3617,Katie Wiggins,joneskrista@example.org,Cyprus,2022-05-04,Basic,41081.62
3618,David Jacobs,floresvictor@example.org,Tajikistan,2018-05-23,Standard,47929.79
3619,Michael Wheeler,wiserenee@example.net,Tuvalu,2022-09-24,Premium,8260.79
3620,John Mendoza,jacksonmichael@example.org,Portugal,2023-10-21,Premium,23299.64
3621,Micheal Adams,dmckay@example.org,Brazil,2018-12-05,Standard,34334.67
3622,Stephen Levy,nhardy@example.org,Comoros,2019-02-20,Basic,43137.08
3623,Edward Nichols,thompsonluis@example.net,Niger,2018-02-20,Premium,16019.39
3624,Tiffany Mcdonald,jennifercordova@example.net,Congo,2024-06-11,Basic,19261.12
3625,Heather Burns,kathryn19@example.net,Suriname,2023-02-06,Premium,24358.36
3626,Nathan Adams,jonestimothy@example.org,India,2022-07-04,Standard,38590.85
3627,Joy Robinson,whernandez@example.com,Palau,2021-05-25,Standard,13006.59
3628,Jeffrey Garcia,stacy42@example.org,Cote d'Ivoire,2019-04-20,Basic,40375.54
3629,Adrian Williams,chuber@example.net,Yemen,2023-01-19,Basic,18703.98
3630,Brianna Maynard,virginia82@example.net,Lao People's Democratic Republic,2023-04-24,Basic,16819.67
3631,Terry Lin,williamsthomas@example.net,Mali,2024-01-01,Standard,5672.44
3632,Angela Fields,jenniferjarvis@example.com,Mayotte,2020-01-03,Standard,26632.41
3633,Clinton Kennedy,brownshane@example.org,Mexico,2022-04-20,Basic,4092.45
3634,Joshua King,kimjennifer@example.com,New Zealand,2018-01-29,Standard,47415.24
3635,Pamela Clark,knguyen@example.net,Saint Martin,2024-08-14,Standard,9960.89
3636,Heather Davis,smithmichael@example.org,Antigua and Barbuda,2024-11-22,Basic,43623.04
3637,Lisa Barker,jennifer26@example.org,Cote d'Ivoire,2022-11-17,Premium,23291.68
3638,Alexandria Barnes,ptaylor@example.com,Argentina,2018-06-13,Premium,43408.05
3639,Matthew Hall,elizabethvega@example.net,Falkland Islands (Malvinas),2023-03-01,Standard,2598.67
3640,Jesus Roman,hooperkatrina@example.org,Thailand,2024-09-20,Basic,18527.89
3641,Amanda Obrien,ofletcher@example.org,Jamaica,2022-10-10,Standard,33782.31
3642,Rachel Salazar,tacosta@example.org,Egypt,2018-04-07,Basic,13435.05
3643,Aaron Brooks,caleb06@example.org,Jordan,2021-04-16,Standard,20911.31
3644,Kevin Smith,kelly58@example.org,Bolivia,2023-01-04,Standard,14954.40
3645,Matthew Burns,douglas62@example.net,Afghanistan,2018-05-26,Basic,5673.00
3646,Elizabeth Wilson,stewartandrew@example.net,Sri Lanka,2018-05-30,Basic,36960.15
3647,Kenneth Thornton,simonkendra@example.org,Greenland,2020-10-15,Premium,4293.94
3648,Michelle Watson,heatheranderson@example.net,Vietnam,2019-01-23,Premium,36366.69
3649,Jonathan Kelley,owong@example.com,Dominica,2023-07-15,Standard,44646.56
3650,Devin Brown,tyler62@example.com,San Marino,2021-11-15,Standard,34480.70
3651,Christina Diaz,millerrobin@example.org,Svalbard & Jan Mayen Islands,2020-09-26,Basic,41042.23
3652,Jonathon Graham,stevenpadilla@example.net,Mauritania,2024-05-19,Standard,2127.98
3653,Andrew Miller,lhill@example.org,Dominica,2021-08-30,Standard,2010.54
3654,Terry Howard,mannbrittany@example.org,Taiwan,2024-10-31,Basic,31926.94
3655,Andrea Oneal,margaret22@example.net,Uganda,2019-02-19,Standard,25680.35
3656,Tyler Murphy,donna59@example.org,Aruba,2018-11-19,Standard,46379.28
3657,Ricky Elliott,fmorris@example.net,New Caledonia,2021-05-21,Standard,20096.91
3658,Mrs. Melanie Glover,andrewtorres@example.com,Lao People's Democratic Republic,2020-01-24,Basic,12917.21
3659,Charles Sawyer,katie11@example.com,Afghanistan,2018-11-21,Standard,48261.49
3660,Veronica Sweeney,cbuck@example.org,Turkey,2020-02-24,Basic,13122.69
3661,Timothy Jackson,frankjames@example.net,Mali,2021-05-26,Basic,25750.57
3662,Jamie Smith,josephreynolds@example.net,Barbados,2020-09-25,Basic,39967.81
3663,Jordan Lane,adrianmcneil@example.com,Fiji,2022-03-13,Basic,23698.63
3664,Brian Wilson,jessicaarmstrong@example.net,Lesotho,2022-11-25,Standard,37368.80
3665,Shannon Wheeler,vgarcia@example.net,India,2020-01-31,Standard,25128.00
3666,Susan Chase,jasonrhodes@example.net,Mauritius,2018-07-07,Basic,19993.66
3667,Megan Khan,williamgross@example.net,Tokelau,2020-01-13,Basic,14317.13
3668,Jennifer Pearson,kimberly97@example.com,Qatar,2018-01-21,Standard,10436.10
3669,Michael Mosley,newmanthomas@example.com,Namibia,2022-08-25,Basic,6575.37
3670,Kevin Carr,kimberly57@example.net,United Arab Emirates,2020-12-29,Standard,29994.06
3671,Dawn Marsh,daniel07@example.com,Mozambique,2021-07-27,Premium,11144.05
3672,Carolyn Simmons,vbowman@example.com,Palau,2018-03-16,Basic,16297.98
3673,Randy Greer,norrisanthony@example.net,Eritrea,2018-09-19,Basic,14462.78
3674,Kevin Gillespie,samanthablack@example.net,Northern Mariana Islands,2024-10-31,Standard,29436.92
3675,Latoya Brown,ucox@example.com,Madagascar,2024-09-04,Standard,27118.75
3676,Tammy Crawford,zwade@example.net,Barbados,2023-05-03,Basic,727.10
3677,Joseph Ferrell,vickiebyrd@example.com,Tajikistan,2021-10-27,Standard,17383.68
3678,Christine Ferrell,drakemary@example.com,Iceland,2022-12-26,Premium,23151.18
3679,Thomas Walsh,lesliejohnson@example.net,Afghanistan,2023-08-06,Premium,26658.79
3680,Joseph Hughes Jr.,jamesdawson@example.com,Finland,2019-11-28,Basic,19564.06
3681,Tanner Ortiz,david85@example.net,Seychelles,2022-07-09,Premium,33068.85
3682,Cody Miller,sarahvega@example.com,Germany,2024-05-29,Premium,31606.06
3683,Jimmy Edwards,lisa49@example.com,Cape Verde,2024-04-18,Standard,4246.29
3684,Michael Lopez,johnolson@example.org,French Guiana,2023-12-10,Standard,15271.23
3685,Logan Mercado,jenniferedwards@example.com,Puerto Rico,2021-07-15,Standard,33757.62
3686,William Gentry,benjaminjenkins@example.com,El Salvador,2018-05-02,Premium,31280.65
3687,Jason Parker,anne76@example.org,Seychelles,2019-11-14,Basic,17646.16
3688,Juan Wright,fryedylan@example.net,Saint Martin,2022-11-03,Standard,49791.71
3689,Alexis Barnes,kimrichard@example.org,Chile,2018-04-06,Standard,27866.33
3690,Susan Weaver,dianachen@example.com,Hungary,2023-07-04,Premium,18826.69
3691,Jason Neal,emilyzuniga@example.com,Heard Island and McDonald Islands,2024-01-11,Premium,18983.60
3692,Todd Carpenter,martinezricky@example.net,Grenada,2019-05-21,Premium,19847.91
3693,Jonathan Freeman,sandra33@example.net,Burundi,2020-05-15,Premium,28580.18
3694,Scott Lee DDS,bakermadison@example.org,Antarctica (the territory South of 60 deg S),2020-01-02,Premium,38367.04
3695,Melissa Summers,ucunningham@example.net,Svalbard & Jan Mayen Islands,2022-07-01,Basic,20484.96
3696,Tiffany Coleman,whitegina@example.org,Bahamas,2020-06-10,Standard,45032.90
3697,Jade Rogers,moralesstephen@example.net,Argentina,2021-02-16,Standard,38547.93
3698,Todd Ford,blancharderika@example.org,Argentina,2019-03-09,Basic,44249.42
3699,Kevin Clark,cheryl76@example.net,Lebanon,2021-07-25,Basic,26827.79
3700,Susan Reyes,arnoldjames@example.org,Saudi Arabia,2022-05-26,Premium,42966.92
3701,Crystal Navarro,yangeric@example.com,Slovenia,2023-07-20,Standard,14385.54
3702,Bridget Smith,jeffrey71@example.org,China,2023-01-15,Premium,46203.14
3703,Amanda Brown,nicoledixon@example.net,Kyrgyz Republic,2019-12-29,Standard,14491.55
3704,Douglas Gibson,stewartchristine@example.com,Liechtenstein,2023-12-22,Standard,38170.45
3705,Kimberly Wallace,pamelamahoney@example.org,Iran,2019-12-07,Basic,45373.32
3706,Christopher Keller,choitina@example.org,Italy,2022-04-20,Basic,32689.90
3707,Kristen Valenzuela,robert65@example.net,Mozambique,2022-09-10,Standard,9524.86
3708,Patrick Nelson,ksmith@example.com,Svalbard & Jan Mayen Islands,2018-04-29,Basic,11287.21
3709,Alicia Simmons,scott45@example.org,Guyana,2024-11-02,Basic,25217.73
3710,Jesse Owens,taylor88@example.com,American Samoa,2018-11-26,Basic,28572.18
3711,Robert Lyons,robert77@example.com,Singapore,2022-08-02,Premium,16318.51
3712,Wendy Miller,jashley@example.net,Gambia,2020-10-20,Premium,28508.38
3713,Joseph Pope,williamzhang@example.com,Poland,2023-04-17,Basic,4639.23
3714,Michelle Campos,david00@example.com,Congo,2022-02-25,Premium,37173.97
3715,Angela Black,yjohnson@example.net,Saint Barthelemy,2022-05-14,Basic,25615.64
3716,Jose Norton,vaughntamara@example.com,Honduras,2020-03-01,Premium,22942.67
3717,John Berg,cynthia27@example.net,Malta,2020-09-07,Premium,23661.23
3718,Bryce Thompson,dennis53@example.com,Peru,2020-03-29,Standard,6719.24
3719,Angela Ross,millercassandra@example.net,Moldova,2018-09-23,Premium,10429.66
3720,Kristi Boyd,galvandavid@example.org,Puerto Rico,2023-03-04,Standard,12327.84
3721,Misty Morales,richardsonbenjamin@example.com,Pakistan,2024-10-06,Standard,49486.70
3722,Travis Ruiz,brian33@example.com,Mexico,2019-12-26,Standard,25060.73
3723,Monique Harper,plyons@example.com,Isle of Man,2019-04-01,Basic,41909.98
3724,Anthony Villegas,johnsonmaria@example.org,Austria,2019-10-15,Premium,23164.39
3725,Amber Rodriguez,anthony20@example.com,Australia,2018-10-14,Premium,37455.57
3726,Maurice Cunningham,ginaconrad@example.org,Romania,2022-07-23,Basic,49777.17
3727,Casey Miller,christineblackwell@example.com,United Kingdom,2022-04-28,Premium,39173.83
3728,Lindsey Adams,pcraig@example.net,Tokelau,2020-12-01,Basic,26913.34
3729,Margaret Parrish,vmorris@example.com,San Marino,2024-10-22,Basic,49461.52
3730,Ronald Jackson,patrickgregory@example.net,Serbia,2018-04-08,Standard,24092.30
3731,Maureen Martin,christopher41@example.com,Slovakia (Slovak Republic),2018-09-02,Standard,40601.95
3732,Jessica Williams,christopher33@example.com,Vietnam,2018-06-13,Standard,20031.53
3733,Lisa Hall,yclarke@example.com,Saint Vincent and the Grenadines,2023-09-27,Basic,32516.53
3734,Rachel Franklin,vferguson@example.net,United Arab Emirates,2022-10-22,Premium,5270.79
3735,Thomas Monroe,matthew17@example.com,Netherlands Antilles,2020-12-11,Basic,37703.54
3736,Rebecca Meyer,fblack@example.com,Faroe Islands,2019-04-03,Basic,8530.78
3737,Amanda Brown,wesley24@example.net,Aruba,2022-08-19,Basic,17057.75
3738,Jill Baker,cunninghambecky@example.com,Cote d'Ivoire,2020-09-22,Standard,10583.24
3739,James Sanchez,terridoyle@example.org,Bhutan,2019-02-02,Standard,32137.58
3740,Ann Estes,lauren18@example.com,Isle of Man,2018-10-31,Standard,44969.85
3741,Stephanie Lynch,candace21@example.org,Guinea-Bissau,2023-07-07,Premium,37873.33
3742,Jennifer Porter,brianhopkins@example.net,Puerto Rico,2021-11-03,Standard,34490.79
3743,Donald Giles,richbill@example.org,Cameroon,2021-09-16,Standard,35008.13
3744,Jennifer Moore,ibates@example.org,Grenada,2024-05-16,Standard,29761.96
3745,Elizabeth Mckenzie,jmorse@example.org,Saint Barthelemy,2019-07-28,Premium,26136.79
3746,Tracy Nash,thomas49@example.net,Mauritius,2018-04-17,Premium,44020.51
3747,Eric Smith,brandywalls@example.org,Liberia,2024-04-27,Standard,35718.78
3748,Tamara Fleming,christopherjordan@example.com,Cocos (Keeling) Islands,2021-06-10,Basic,7999.29
3749,Mr. Robert Cooper Jr.,rodneylin@example.com,Niger,2021-06-02,Standard,35682.63
3750,Kelly Montgomery,vshepard@example.com,Fiji,2021-04-22,Premium,37212.28
3751,David Hayes,tammy34@example.org,Brazil,2019-06-11,Premium,30411.73
3752,Tammy Taylor,robertzamora@example.org,Portugal,2022-04-23,Standard,31874.44
3753,Lance White,ecook@example.net,Mozambique,2018-04-25,Premium,29203.20
3754,James Wright,rodriguezmary@example.net,France,2019-08-31,Basic,702.13
3755,Karen Sanchez,richard15@example.com,Micronesia,2022-01-31,Basic,25478.72
3756,Brandy Anderson,mindybrown@example.com,Antarctica (the territory South of 60 deg S),2023-10-18,Standard,23901.02
3757,Gabriela King,delacruztammy@example.org,Honduras,2019-11-29,Standard,32228.19
3758,Michael Cole,john03@example.com,Peru,2024-08-01,Basic,15783.38
3759,Stephen Santos,ajones@example.net,Pakistan,2022-03-14,Standard,43283.89
3760,Edward Brennan,robert11@example.org,Niue,2023-06-11,Basic,8539.13
3761,Joshua Smith,angelafreeman@example.org,United Kingdom,2023-11-22,Standard,8851.83
3762,Billy Terry,michael85@example.net,Iran,2022-04-05,Premium,33470.37
3763,Hayden Nguyen,christopher02@example.net,Timor-Leste,2018-09-23,Standard,11318.78
3764,Kelly Morgan,hurleyrobin@example.net,Romania,2020-04-25,Premium,7589.42
3765,Jessica Williams,mary94@example.com,Namibia,2024-10-28,Basic,39484.78
3766,Lisa Juarez,amandazamora@example.net,Tajikistan,2020-03-17,Standard,24989.63
3767,Donna Stephenson,eric31@example.net,Cyprus,2024-05-21,Basic,45324.47
3768,Carol Jensen,udavis@example.org,Cote d'Ivoire,2023-11-17,Premium,37094.76
3769,Tabitha Clark,hduffy@example.com,French Polynesia,2022-01-29,Basic,1738.74
3770,Jeremy Salas,igardner@example.com,Western Sahara,2019-02-09,Standard,25420.08
3771,Mary Morgan,dthomas@example.net,Honduras,2021-01-16,Basic,48086.64
3772,Dr. Brittany Wagner,ocole@example.com,Kazakhstan,2024-01-12,Premium,48524.82
3773,Tina Smith,elizabethperez@example.org,Ethiopia,2018-08-18,Standard,28378.44
3774,Hannah Berg,timothy56@example.org,Congo,2020-10-12,Premium,12878.00
3775,Betty Brock,tporter@example.org,Azerbaijan,2020-01-19,Basic,46823.04
3776,Daniel Schmidt,irobinson@example.com,Cyprus,2020-09-30,Premium,34512.91
3777,Maureen Martinez,lisa70@example.com,Russian Federation,2023-02-12,Premium,2107.62
3778,David Hines,markmorgan@example.com,Mali,2024-10-31,Standard,27643.59
3779,Rachel Sutton,dstafford@example.net,Argentina,2019-01-10,Basic,9581.71
3780,Brian Woods,wardbrandy@example.net,Slovenia,2018-09-18,Premium,26175.63
3781,Jennifer Newman,allisonskinner@example.com,Hong Kong,2018-09-07,Premium,11456.55
3782,Elizabeth Sanford,julie67@example.net,Denmark,2024-07-26,Basic,23916.39
3783,Michael Hanson,hannafrank@example.net,Netherlands,2019-02-07,Basic,44093.87
3784,Joseph Hardin,qjohnson@example.com,Uganda,2018-07-29,Standard,39521.80
3785,Michael Green,brandi94@example.org,Italy,2018-10-27,Premium,23967.12
3786,John Johnson,jamie12@example.net,Australia,2022-12-16,Premium,23854.19
3787,Tyler Johnston,bensonjohn@example.net,Luxembourg,2019-02-14,Basic,29509.86
3788,Peter Thomas,johncoleman@example.net,Austria,2024-09-16,Standard,15068.05
3789,Stephen Hampton,johnsonemily@example.org,Haiti,2018-02-09,Basic,21544.81
3790,Christine Ramirez,markellis@example.org,North Macedonia,2019-04-02,Basic,44337.22
3791,Katherine Dixon,ujones@example.com,Haiti,2020-03-08,Basic,40307.72
3792,Mary Richardson,michael75@example.net,Guam,2024-11-21,Standard,49612.66
3793,Jacqueline Richardson,mario36@example.org,Mongolia,2020-10-28,Standard,30107.57
3794,Angela Wilson,nancy41@example.net,Czech Republic,2023-07-11,Basic,8908.94
3795,Teresa Norris,jocelynbates@example.com,Cambodia,2023-09-09,Standard,25758.59
3796,Amy Chavez,kimberlyjones@example.net,Germany,2021-05-12,Standard,43376.32
3797,Austin Soto,christophercollier@example.com,Liechtenstein,2020-10-16,Standard,13836.89
3798,Edward Hernandez,billyroman@example.org,Lebanon,2024-04-17,Basic,15509.32
3799,Pamela Keith,gharris@example.net,Singapore,2022-12-08,Premium,48863.73
3800,Elizabeth Brown,felicia32@example.net,Vietnam,2020-01-17,Standard,425.21
3801,Christopher Braun,alec29@example.org,Sierra Leone,2023-09-19,Standard,24839.82
3802,Dylan Houston,johnstonchristopher@example.net,Benin,2020-01-03,Premium,38045.85
3803,Stephanie Ward,michaelarmstrong@example.net,Montenegro,2021-06-01,Premium,46272.24
3804,Alexander Buckley,qfranklin@example.org,Burkina Faso,2022-12-21,Standard,31930.36
3805,Mary Strong,kevin01@example.net,United Arab Emirates,2024-01-16,Premium,9760.42
3806,Tina Harrington,laurenfigueroa@example.net,Djibouti,2019-03-22,Premium,10739.50
3807,Jonathan Richardson,harriscarolyn@example.net,Nigeria,2023-08-18,Standard,16068.79
3808,Christopher Murray,fmiller@example.org,French Guiana,2023-12-13,Standard,5235.56
3809,Audrey Wilson,mejiachristine@example.net,Russian Federation,2021-05-14,Basic,10593.57
3810,Bradley Walker,robertsmichele@example.net,Antigua and Barbuda,2019-09-26,Standard,7903.75
3811,Joseph Guzman,laneerica@example.com,Sudan,2022-06-11,Premium,42632.63
3812,Cole Summers,lowemisty@example.org,Malaysia,2024-11-04,Basic,7940.92
3813,Michael Lee,ubrandt@example.net,Costa Rica,2023-10-17,Standard,32709.18
3814,Tyler Hall,oibarra@example.com,Liechtenstein,2022-09-04,Basic,13542.22
3815,Eric Frost,pruittchristopher@example.net,Cuba,2020-12-12,Standard,46723.07
3816,Stephanie Davis,barronlaura@example.com,French Guiana,2021-05-28,Standard,7334.83
3817,Robert Johnson,jenniferharrington@example.org,Serbia,2021-09-28,Basic,17761.29
3818,Danielle Cisneros,brittany60@example.com,Belarus,2021-07-15,Standard,15470.04
3819,Joseph Carrillo,brian77@example.com,Sao Tome and Principe,2024-04-26,Standard,38158.49
3820,Heather Heath,ehernandez@example.com,Saudi Arabia,2018-01-24,Standard,2859.84
3821,Autumn Johnson,eileenmoyer@example.net,Saint Lucia,2022-08-02,Standard,32325.06
3822,Matthew Farrell,stewartpamela@example.com,Tanzania,2019-07-28,Standard,38375.73
3823,Tiffany Malone,nheath@example.org,Jamaica,2018-03-21,Basic,10190.43
3824,Joel Smith,richard96@example.com,Poland,2020-11-14,Standard,41644.33
3825,Shannon Taylor,jefferymurray@example.org,Lithuania,2018-04-07,Standard,21432.17
3826,Michael Mills,harringtonbethany@example.org,Falkland Islands (Malvinas),2022-04-16,Standard,27947.60
3827,Kristin Gonzalez,javierlewis@example.org,South Georgia and the South Sandwich Islands,2020-03-27,Premium,30916.04
3828,Gail Nichols,scarter@example.net,Puerto Rico,2022-12-08,Standard,5431.05
3829,Cheryl Hutchinson,johnrogers@example.net,Albania,2020-09-22,Premium,16341.60
3830,Katherine Thomas,robin25@example.net,Yemen,2023-05-19,Basic,29687.72
3831,Donald Stewart,lewiskayla@example.net,Zimbabwe,2018-07-08,Basic,19564.14
3832,Alexander Lewis,april23@example.com,Lithuania,2023-06-18,Premium,14079.12
3833,Susan Kelley,kgonzalez@example.net,Congo,2024-10-21,Basic,18813.45
3834,David Smith,heather64@example.com,Haiti,2019-02-20,Premium,32017.47
3835,Jennifer Roach,zachary74@example.org,India,2021-02-04,Basic,18535.50
3836,Randall Anderson,dperez@example.com,Guatemala,2021-03-10,Premium,23644.86
3837,Laura Castillo,martinezmichael@example.com,Albania,2018-10-31,Standard,48861.22
3838,Ashley Parsons,lauren57@example.org,Mayotte,2022-08-22,Premium,43710.14
3839,Eric Lewis,esnow@example.com,Mauritania,2024-08-12,Standard,28747.00
3840,Brian Hughes,heathnatalie@example.org,Benin,2024-04-20,Premium,21969.23
3841,Carol Goodman,pattonmatthew@example.net,Norfolk Island,2021-09-04,Basic,27374.60
3842,Wesley Browning,judithmason@example.org,Hong Kong,2020-12-03,Basic,26598.27
3843,Dawn Sweeney,vincentdavis@example.com,Sri Lanka,2021-04-08,Basic,1190.41
3844,Dylan Lloyd,crystal54@example.com,Tanzania,2018-10-06,Basic,35598.99
3845,Megan French,smithvictoria@example.org,Bermuda,2021-07-09,Standard,45264.66
3846,Jennifer Krause,tylerhernandez@example.org,Mali,2023-01-01,Basic,44240.80
3847,Kevin Meadows,hannahpearson@example.net,Seychelles,2020-01-25,Standard,23469.49
3848,Shane Clark,amandabarrett@example.org,Western Sahara,2023-03-03,Standard,16717.30
3849,Sara Mccoy,whitneybrenda@example.com,Antarctica (the territory South of 60 deg S),2020-11-26,Standard,30220.48
3850,Lindsey Miller,antonio11@example.org,Isle of Man,2018-04-05,Premium,6047.60
3851,Rachel Chase,allenlisa@example.net,El Salvador,2022-08-10,Standard,19875.77
3852,Chelsea Mcgee,chess@example.org,Portugal,2023-06-16,Premium,41600.55
3853,Robert Reilly,jennifer95@example.net,British Virgin Islands,2018-09-04,Basic,18736.37
3854,Christopher Blevins,justin66@example.net,Greenland,2024-05-06,Standard,49783.16
3855,Russell Pollard,skirby@example.com,Tanzania,2023-08-28,Standard,39527.86
3856,John Jackson,coffeydaniel@example.net,Tuvalu,2023-07-09,Standard,28783.29
3857,Tara Lin DDS,tharris@example.com,Mozambique,2018-10-02,Basic,3870.07
3858,Dominique Potter,jimcraig@example.com,Rwanda,2019-01-13,Basic,39051.35
3859,Darren Martin,regina89@example.com,Saint Barthelemy,2023-12-19,Premium,39949.69
3860,Tyler Phelps,davisalexander@example.net,Yemen,2018-12-26,Basic,46132.59
3861,Michael Dean,shane13@example.org,Togo,2024-11-03,Basic,49648.19
3862,Zachary Potts,anita14@example.org,Niue,2018-10-27,Basic,21604.24
3863,Mandy Preston,lawrencebell@example.org,Solomon Islands,2021-02-08,Standard,22619.30
3864,Robin Weaver DDS,ijackson@example.com,Rwanda,2019-09-16,Basic,16588.43
3865,Jared Vasquez,kellerbrandon@example.org,Israel,2020-01-15,Basic,28803.67
3866,Jamie Walsh,fdavis@example.com,Maldives,2023-02-03,Basic,39077.53
3867,Sophia Daniel,houstonmichelle@example.com,Argentina,2022-11-07,Premium,20133.16
3868,Kelly Wheeler,randolphsharon@example.com,Saint Lucia,2021-04-18,Premium,31222.12
3869,Audrey Butler,turnerrichard@example.com,Hong Kong,2022-05-17,Premium,526.04
3870,Angela Garcia,bruceray@example.com,South Georgia and the South Sandwich Islands,2021-08-13,Standard,7609.70
3871,Nicholas Turner,ulewis@example.net,Maldives,2020-07-01,Basic,33759.46
3872,Shannon Cannon,johncooke@example.net,Liberia,2021-08-30,Basic,22941.89
3873,Kristin Roberson,dellis@example.com,Monaco,2020-03-31,Basic,46275.29
3874,Barbara Thomas,geraldvelazquez@example.org,Benin,2024-06-20,Premium,9523.48
3875,Monica Peters,piercefrank@example.org,Iraq,2019-08-31,Premium,15493.24
3876,Dr. Antonio Ortiz,bjenkins@example.org,Mauritius,2019-02-18,Premium,26717.76
3877,Thomas Bridges,marialucas@example.com,Kuwait,2018-06-11,Premium,27049.80
3878,Eric Chang,theresamack@example.org,Switzerland,2018-10-11,Standard,43540.75
3879,Michael Mcgee,collierkara@example.org,Kiribati,2020-07-31,Basic,10519.48
3880,David Meyer,rosewilliam@example.net,Israel,2021-05-25,Premium,21271.75
3881,Michele Hamilton,frankjimenez@example.net,Antigua and Barbuda,2021-01-15,Premium,46821.48
3882,Stacy Robertson,william92@example.net,Puerto Rico,2020-06-08,Standard,1462.09
3883,Katherine Torres,rgrimes@example.org,Nicaragua,2022-12-06,Premium,41724.45
3884,Anthony Wells,emily45@example.com,Ghana,2022-03-17,Premium,22253.23
3885,Jeffery Foster,christopher98@example.org,Macao,2020-05-04,Standard,2555.79
3886,Zachary Nelson,aray@example.org,Congo,2022-12-02,Standard,10012.02
3887,Phillip Fischer,lopeztheresa@example.com,New Zealand,2022-04-08,Basic,40743.52
3888,Courtney Robinson DVM,qalvarado@example.com,Chile,2019-01-16,Premium,25384.50
3889,Jacqueline Ramos,alejandrolozano@example.org,Kyrgyz Republic,2024-06-26,Basic,25873.16
3890,Sally Rowe,oconnorjeremy@example.org,Jersey,2019-10-30,Premium,6105.88
3891,Bridget Hernandez,eross@example.com,British Virgin Islands,2023-06-27,Basic,30281.94
3892,Michael Gonzalez,brownlauren@example.org,Iran,2021-07-21,Standard,9629.96
3893,Pamela Burke,jamesvasquez@example.org,Cuba,2019-01-07,Basic,18056.94
3894,Beverly Patel MD,xmoore@example.net,Djibouti,2020-11-11,Basic,5688.42
3895,Steven Wall,tylerthompson@example.com,Sao Tome and Principe,2023-02-15,Premium,462.05
3896,Ashley Hall,jennifersummers@example.net,Qatar,2022-09-17,Standard,48082.28
3897,Amy Daniels,douglas34@example.org,Costa Rica,2019-02-14,Standard,18083.58
3898,Alexandra Gonzalez,oliviagonzalez@example.org,Norfolk Island,2021-06-23,Premium,21764.03
3899,Stacy Robertson,michael12@example.com,Oman,2021-05-16,Premium,49985.36
3900,Mr. Thomas Adams,scottvargas@example.net,Norway,2018-12-12,Basic,32214.74
3901,Nicole Mcdaniel,woodsrobert@example.net,Hungary,2022-05-16,Standard,890.92
3902,Stephanie Delgado,tphillips@example.com,Gambia,2021-01-30,Basic,32403.24
3903,Ronnie Thomas,tracy83@example.com,Niger,2021-08-17,Premium,7122.72
3904,Jessica Johnson,jennifersoto@example.com,Congo,2020-10-16,Premium,28272.50
3905,Wanda Morrison,christina42@example.net,Moldova,2019-06-09,Basic,7872.34
3906,Robert Johnson,maustin@example.com,United States Minor Outlying Islands,2023-04-09,Premium,3152.95
3907,Megan Huffman,christopherwatson@example.org,Chad,2020-05-09,Basic,33081.51
3908,Jordan Todd,zmaynard@example.com,Slovakia (Slovak Republic),2022-03-03,Basic,20802.33
3909,Michael Johnson,alexander66@example.net,Pakistan,2019-10-08,Standard,8703.76
3910,Margaret Saunders,olucas@example.com,Lithuania,2023-10-26,Premium,37124.14
3911,Brandon Evans,jwright@example.net,Guinea-Bissau,2020-01-14,Standard,43965.96
3912,Ann Cross,allisonlopez@example.org,Togo,2019-03-25,Premium,1596.01
3913,Christopher Garcia,ashlee63@example.net,Kenya,2020-04-15,Standard,20242.35
3914,Kenneth Odom,candacescott@example.com,United States Virgin Islands,2022-03-09,Standard,31133.49
3915,Adrienne Hawkins,luke46@example.com,Jordan,2018-04-27,Premium,16645.94
3916,Marissa Gonzalez,fbrown@example.org,Antigua and Barbuda,2023-04-12,Premium,36774.05
3917,Oscar Davis,jillduffy@example.org,Hong Kong,2019-08-15,Standard,2420.32
3918,Connie Paul,michaelmyers@example.com,Costa Rica,2022-03-25,Basic,36153.88
3919,Samantha Jackson,justinwagner@example.com,Mongolia,2019-11-27,Premium,5095.75
3920,William Simmons,gsmith@example.net,British Virgin Islands,2021-11-29,Premium,4696.98
3921,Adam Dunn,ufoster@example.org,San Marino,2018-09-29,Premium,48439.65
3922,William Reese,wcollins@example.com,Singapore,2023-03-18,Standard,42821.41
3923,Stacie Burton,elizabethpalmer@example.net,Guyana,2024-01-08,Standard,6806.83
3924,Diana Washington,ynorton@example.net,Paraguay,2024-10-06,Basic,136.01
3925,Craig Davis,xcarter@example.net,Palestinian Territory,2023-05-05,Standard,44987.49
3926,Margaret Hansen,mitchellkaren@example.org,Saint Barthelemy,2020-11-18,Premium,16211.54
3927,Jeffrey Andrews,jonathan73@example.net,Djibouti,2024-01-21,Standard,47849.58
3928,Patricia Khan,david90@example.net,Greenland,2019-01-30,Standard,24690.81
3929,Gregory Archer,scottlindsey@example.com,Saint Vincent and the Grenadines,2024-05-28,Premium,6379.07
3930,Brandon Rice,tiffanyhill@example.com,Guinea,2023-10-10,Premium,40291.83
3931,Robert Romero,wesleyfoster@example.net,Gibraltar,2019-08-08,Premium,32994.58
3932,David Hunt,zramirez@example.net,Zambia,2019-01-24,Basic,20251.54
3933,Deborah Walker,michaelrice@example.net,Greenland,2024-11-24,Premium,12563.96
3934,Brian Wilkins,paul38@example.com,Bahrain,2020-10-23,Premium,36528.51
3935,Joshua Clark,robert46@example.com,Afghanistan,2021-05-18,Standard,35551.98
3936,Laurie Brown,cpowell@example.com,Kuwait,2023-03-08,Basic,29580.15
3937,Thomas Martinez,simmonsjacob@example.org,Sudan,2023-10-19,Basic,49383.38
3938,William Young,whale@example.net,Solomon Islands,2020-12-28,Premium,16464.41
3939,Jonathan Howe,littlerebecca@example.org,Armenia,2022-03-16,Basic,7346.53
3940,Elizabeth Edwards,jasonwatson@example.net,Israel,2018-05-21,Basic,45310.13
3941,Mary Smith,zacharystewart@example.org,Seychelles,2022-04-27,Basic,2496.12
3942,Carol Morgan,hlee@example.org,Botswana,2020-03-21,Premium,814.65
3943,Stacey Jones DVM,melissa18@example.org,United States Minor Outlying Islands,2018-05-20,Premium,8178.07
3944,Anthony Adkins,harpercathy@example.net,Brazil,2021-08-14,Premium,28647.13
3945,James Mueller,barry55@example.org,Morocco,2023-06-05,Standard,9468.64
3946,Robert Cochran,martharay@example.net,Kazakhstan,2024-06-22,Standard,22660.00
3947,Jeffrey Keller,webbamanda@example.net,Georgia,2020-05-29,Standard,31103.50
3948,Brittany Jefferson,karengould@example.net,United States of America,2024-02-14,Standard,5979.17
3949,Rachael Boyle,andre19@example.com,Belize,2021-02-18,Basic,38448.70
3950,Kevin Clark,charleslee@example.net,Guinea,2021-10-13,Standard,49834.62
3951,Chad Hart,blake03@example.com,Tunisia,2020-02-03,Standard,17115.05
3952,Taylor Ruiz,alexa56@example.org,Saint Barthelemy,2023-06-20,Basic,22870.17
3953,Joshua Price,jonessamantha@example.org,United Kingdom,2019-01-31,Basic,42825.10
3954,William Anderson,santossabrina@example.com,Nauru,2023-10-28,Standard,3249.58
3955,Jacqueline Jones MD,jacksondavid@example.com,Australia,2022-02-05,Standard,32150.41
3956,Amy Miller,contrerasdavid@example.net,Russian Federation,2024-02-04,Premium,4819.72
3957,Crystal Frazier,jameswhite@example.com,Myanmar,2023-02-17,Premium,6101.86
3958,Katie Simpson,brianfrench@example.org,Brazil,2021-04-26,Premium,43678.01
3959,Rose Peterson,speters@example.net,Reunion,2021-06-11,Standard,21864.59
3960,Sarah Garcia,keithjane@example.net,Botswana,2018-12-06,Basic,9212.36
3961,Jennifer Kelley,michael52@example.org,Bahrain,2023-09-24,Premium,7171.25
3962,Anthony Robinson,hsmith@example.com,Solomon Islands,2020-06-27,Premium,10013.99
3963,Brian Barker,kingjulie@example.com,Taiwan,2021-12-20,Basic,30086.72
3964,Joshua Jones,qmeadows@example.org,Spain,2019-09-14,Basic,43010.32
3965,Sara Nelson,joseph95@example.org,Svalbard & Jan Mayen Islands,2023-11-21,Premium,40032.97
3966,Kevin Cain,maria80@example.com,Sweden,2022-01-25,Basic,11598.13
3967,Tony Baker,jreynolds@example.org,Poland,2023-12-15,Premium,18786.16
3968,Kimberly Whitaker,freemandonald@example.com,Belgium,2019-02-15,Basic,8365.21
3969,Maurice Barrett,christine77@example.com,Christmas Island,2024-12-07,Premium,42177.62
3970,Connor Juarez,shawn69@example.org,Turkey,2019-09-15,Basic,47115.38
3971,Haley Williams,shurley@example.com,Burundi,2024-11-02,Standard,42928.93
3972,Lorraine Martinez,emily68@example.com,Myanmar,2021-02-14,Premium,47956.93
3973,Brandy Casey,zanderson@example.com,Iceland,2022-06-30,Standard,19549.64
3974,Peter Hughes,xgraham@example.org,Gambia,2023-11-08,Standard,44697.85
3975,Bethany Morton,mwalter@example.net,Solomon Islands,2023-04-01,Standard,6892.38
3976,Karen Williams,kwood@example.com,Samoa,2021-05-13,Premium,3836.04
3977,Michael Williams Jr.,lydia72@example.org,Benin,2024-03-26,Basic,15649.11
3978,Brittany Hernandez,susanpeterson@example.com,Sweden,2024-11-16,Basic,47967.86
3979,Sandra Smith,julie89@example.com,Netherlands Antilles,2018-08-31,Standard,7101.13
3980,Arthur White,stephanie05@example.org,Algeria,2023-05-24,Premium,38253.19
3981,Susan Prince,james13@example.net,British Indian Ocean Territory (Chagos Archipelago),2020-09-20,Standard,39337.01
3982,Jacqueline Gutierrez,cheyenne93@example.com,Panama,2022-09-13,Standard,29611.68
3983,Chase Swanson,,Uruguay,2020-10-15,Standard,3619.53
3984,Denise Scott,jessicamcguire@example.com,United States of America,2021-02-05,Premium,44642.66
3985,Rebecca Campbell,aguirreamanda@example.com,Malaysia,2019-05-21,Basic,37008.78
3986,Michael Mcbride,erinreid@example.com,Nauru,2019-09-14,Premium,22224.73
3987,Brittany Russo,avilacolin@example.org,Japan,2021-02-02,Standard,637.37
3988,Bridget Davis,kdean@example.net,United Arab Emirates,2019-04-26,Basic,15626.91
3989,Angela Rodriguez,choilinda@example.net,Hungary,2019-02-25,Basic,29962.48
3990,Eric Mcpherson,victoria89@example.com,Sudan,2020-08-09,Basic,21969.77
3991,Gary Gordon,xcompton@example.com,Tonga,2019-05-27,Basic,37171.30
3992,Daniel Park,jamestodd@example.com,Swaziland,2023-02-05,Premium,3613.10
3993,Emily Phillips,davidmorris@example.com,Brazil,2021-10-30,Standard,47479.45
3994,John Fox,angelarivera@example.org,El Salvador,2018-06-17,Standard,41915.07
3995,David Fitzgerald,williamruiz@example.org,Estonia,2020-11-12,Premium,31382.23
3996,John James,ierickson@example.org,Mauritius,2022-10-11,Basic,8505.95
3997,Kathleen Flores,qmiller@example.org,Azerbaijan,2023-06-19,Standard,11309.21
3998,Emily Jones,jenniferprice@example.com,Netherlands,2019-02-27,Premium,49880.50
3999,Jacob Brady,randydavis@example.net,Antigua and Barbuda,2024-10-07,Basic,43267.74
4000,Mr. Steven Miller,jeffrey10@example.com,Belgium,2020-09-15,Basic,24777.14
4001,Dustin Thomas,wvelazquez@example.net,Kyrgyz Republic,2022-11-07,Standard,2926.96
4002,Timothy Lewis,hdavis@example.net,Thailand,2019-03-07,Standard,42132.02
4003,Darren Sanchez,kristen72@example.net,Jersey,2021-02-03,Standard,32049.24
4004,Julie Davis,francislatoya@example.com,Czech Republic,2021-09-08,Standard,33382.23
4005,Kyle Crawford,lisa61@example.net,Marshall Islands,2020-10-26,Standard,4246.36
4006,Anna Cantu,tbrown@example.org,Brazil,2019-02-19,Basic,40318.98
4007,Kevin Porter,jeff63@example.net,Brunei Darussalam,2020-09-21,Basic,24799.31
4008,Dylan Dillon DVM,jasonmartin@example.org,Denmark,2024-08-18,Standard,33314.86
4009,Erica Hawkins,csmith@example.org,Poland,2019-03-02,Basic,24444.31
4010,Erik David,laurenpeters@example.com,Kuwait,2024-10-20,Basic,18853.53
4011,Scott Scott,zsmith@example.com,Isle of Man,2023-10-27,Basic,19191.10
4012,Vicki Gomez,smithtammy@example.com,Saint Barthelemy,2024-09-30,Premium,29558.12
4013,Scott Dunn,davidrasmussen@example.net,Oman,2019-02-08,Basic,4836.19
4014,Barbara Calderon,michelegordon@example.net,Chad,2020-09-04,Standard,29048.09
4015,Dr. Phillip Anderson,jeanette39@example.org,Congo,2024-10-09,Standard,40782.65
4016,Susan Bowen,dawn69@example.org,Panama,2018-06-13,Standard,32389.71
4017,Stephanie Morales,rjohnson@example.net,Guinea,2022-12-09,Standard,28709.91
4018,Anna Harris DDS,jamie58@example.net,Falkland Islands (Malvinas),2023-11-12,Premium,47015.83
4019,Zoe Davis,tina65@example.org,Cape Verde,2022-11-04,Basic,45413.26
4020,Catherine Johnson,dcurry@example.net,Pitcairn Islands,2020-06-03,Basic,9118.81
4021,Peter Smith,kristinaking@example.net,Bhutan,2021-09-09,Premium,14684.61
4022,Jason Morgan,sara85@example.net,Venezuela,2022-08-16,Premium,36479.96
4023,Benjamin Wright,sandraclark@example.com,Congo,2020-11-04,Standard,40936.58
4024,Jennifer Johnston,tracymurray@example.net,Lithuania,2021-11-10,Standard,48681.62
4025,Jacob Clark,xjones@example.com,Benin,2020-10-15,Standard,22355.75
4026,Dr. Benjamin Reed,choidenise@example.com,Christmas Island,2018-07-15,Standard,22964.41
4027,John Anderson,cathysmith@example.com,Thailand,2020-12-13,Premium,10548.11
4028,Jack Johnson,jonesjeffrey@example.org,Grenada,2024-02-20,Basic,16161.87
4029,Walter Parker,karagutierrez@example.com,Luxembourg,2022-07-02,Standard,39070.31
4030,Norma Green,millermichelle@example.net,Zambia,2019-12-06,Standard,42846.65
4031,Robert Cruz,margaret90@example.com,Taiwan,2021-09-29,Standard,30858.50
4032,Rebecca Morrison,cooperrebecca@example.org,Marshall Islands,2020-07-21,Standard,41451.29
4033,Alyssa Gibson,omurray@example.com,Korea,2019-02-19,Basic,4612.58
4034,Andrew Lowe,williamshoward@example.org,Kuwait,2022-07-22,Standard,31127.81
4035,Eric Craig,coxlauren@example.net,Mongolia,2020-02-02,Standard,10187.24
4036,Christopher Adams,christine71@example.net,Tanzania,2023-06-12,Standard,16916.36
4037,Helen Herman,kwilliamson@example.com,Lao People's Democratic Republic,2022-11-29,Standard,37763.07
4038,Brian Rogers,basssteven@example.com,Costa Rica,2019-11-22,Standard,894.77
4039,Catherine Copeland,lsmith@example.com,Malawi,2020-02-17,Basic,15595.33
4040,Jordan Watts,cwebster@example.net,Guam,2023-09-05,Basic,32151.16
4041,Kara David,edowns@example.net,French Polynesia,2021-04-28,Basic,26958.89
4042,Tiffany Moon,fhill@example.org,Chile,2022-06-19,Basic,34812.24
4043,Chris Foster,zbarrett@example.com,Nepal,2020-03-24,Premium,4618.06
4044,Shane Baker,april66@example.net,Eritrea,2024-09-15,Basic,20291.39
4045,Mackenzie Compton,baileymeagan@example.net,Dominican Republic,2020-12-14,Premium,35822.82
4046,Jeremy King,deborah24@example.org,Singapore,2023-12-23,Standard,19898.16
4047,Jeremy Jackson,hansenjoshua@example.net,Malta,2022-04-27,Premium,42265.97
4048,Emily Perez,marvin03@example.com,Sri Lanka,2021-04-18,Basic,28548.33
4049,Diana Camacho,mejiatimothy@example.org,Holy See (Vatican City State),2018-12-03,Standard,49972.00
4050,Daniel Daniel,sara93@example.org,Saint Helena,2022-12-18,Premium,12370.59
4051,Danielle Burke,theresa80@example.net,Uruguay,2019-09-27,Basic,49634.60
4052,Richard Wells,zclark@example.com,Benin,2018-04-18,Standard,11300.98
4053,Nathan Hughes,lisamccarthy@example.org,Germany,2020-06-15,Premium,43769.28
4054,Robert Suarez,oward@example.net,Korea,2022-12-09,Basic,40595.11
4055,Jessica Harris,sandra74@example.net,Japan,2019-08-19,Premium,14909.98
4056,William Kramer,vshields@example.org,Egypt,2018-03-27,Basic,24215.34
4057,Scott Taylor,ygonzalez@example.net,Niger,2022-12-03,Standard,27860.49
4058,Brian Wheeler,ericksonkatherine@example.com,Svalbard & Jan Mayen Islands,2024-05-15,Premium,20674.95
4059,Amy Davis,courtneygraham@example.com,Spain,2023-10-26,Basic,20040.88
4060,Melanie Carlson,myerstiffany@example.com,Nauru,2024-06-15,Standard,37364.96
4061,Karen Schultz,aprilforbes@example.org,Japan,2022-01-30,Standard,21622.60
4062,David Preston,xatkins@example.com,Romania,2022-02-02,Premium,16075.72
4063,Kelsey Clark,andrew52@example.com,Antigua and Barbuda,2022-01-02,Premium,47908.75
4064,John Barber,wcook@example.com,Bahamas,2019-07-05,Standard,43011.24
4065,Mr. Thomas Weaver,pughcarol@example.org,Turks and Caicos Islands,2020-10-08,Basic,28990.03
4066,Tammy Huffman,andersontravis@example.com,Haiti,2019-01-31,Basic,35446.86
4067,Leah Sanford,gravestammy@example.org,Luxembourg,2024-01-02,Standard,5329.90
4068,Jonathan Smith,burnscarl@example.org,Niue,2024-10-10,Premium,36033.30
4069,Jennifer Davidson,tannerlori@example.com,Armenia,2024-03-19,Premium,23317.79
4070,Vincent Rose DDS,scott48@example.org,Sri Lanka,2024-06-10,Premium,23065.92
4071,David Skinner,steven65@example.net,Finland,2022-11-29,Standard,29594.04
4072,Adrienne Carter,christine72@example.net,Azerbaijan,2018-09-22,Premium,1203.55
4073,Chelsea Camacho,latoyahartman@example.com,Ecuador,2023-01-11,Basic,32548.85
4074,Angela Vasquez,julie84@example.com,Ethiopia,2021-11-24,Standard,43392.10
4075,Krista Hopkins,wendy93@example.org,Cook Islands,2019-08-29,Premium,34132.15
4076,Valerie Johnson DDS,ryan52@example.com,Niger,2018-09-25,Basic,13876.91
4077,Amy Paul,jamiebarr@example.org,United Arab Emirates,2020-10-29,Basic,1476.09
4078,Travis Barrett,ojames@example.org,Netherlands Antilles,2024-09-14,Standard,21598.42
4079,Carmen Sanchez,agomez@example.org,Antarctica (the territory South of 60 deg S),2019-07-01,Standard,10838.69
4080,Marvin Wilson,joshua02@example.net,Kyrgyz Republic,2023-01-26,Standard,26965.95
4081,Christopher Wilson,jason85@example.org,Angola,2021-06-01,Standard,11704.96
4082,Curtis Beck,hollychang@example.net,Timor-Leste,2023-09-12,Standard,7297.23
4083,Jose Morton,turnernancy@example.net,Antigua and Barbuda,2024-01-20,Basic,29384.94
4084,Susan Brown,kenneth47@example.org,United States Virgin Islands,2018-01-28,Basic,2743.25
4085,Jill Summers,ldyer@example.net,Wallis and Futuna,2022-01-07,Basic,6072.20
4086,Denise Moran,joel15@example.org,Mauritania,2018-10-18,Basic,3275.07
4087,Charles Gregory,samuelhill@example.org,Namibia,2022-08-22,Basic,8144.24
4088,Tyler Gordon,monicadiaz@example.com,Poland,2020-03-08,Premium,48991.12
4089,Joseph Fox,rogersmatthew@example.org,Ecuador,2020-01-05,Premium,1571.43
4090,Jose Andrews,megan48@example.com,Iceland,2023-07-21,Basic,6063.05
4091,Robert Smith,william49@example.net,Brazil,2018-12-31,Premium,47312.74
4092,Sarah Mclaughlin,destinyroberts@example.net,French Guiana,2024-06-09,Basic,47456.59
4093,Thomas Johnson,xlarson@example.com,Slovenia,2022-05-06,Standard,19126.41
4094,Michael Ayala,michealcook@example.net,Belarus,2023-04-28,Premium,42378.55
4095,Katie Joseph,seanparsons@example.com,Kiribati,2020-01-20,Premium,15628.65
4096,Jodi Crawford,knelson@example.org,Heard Island and McDonald Islands,2019-12-28,Basic,21575.01
4097,Michael Martinez,shernandez@example.net,Namibia,2020-10-29,Standard,4627.65
4098,Danielle Carlson,smithbryan@example.com,Tunisia,2020-12-03,Standard,10110.30
4099,Jackson Lucero,ashley67@example.com,Uzbekistan,2021-12-09,Basic,31687.07
4100,Stephanie Graham,jameselliott@example.com,Palestinian Territory,2021-10-23,Standard,37615.59
4101,Autumn Rivera,matthewjohnson@example.org,Singapore,2023-11-16,Standard,1118.00
4102,Jeremy Hanson,bennettdavid@example.org,United States Minor Outlying Islands,2024-10-18,Premium,49102.31
4103,Brittany Hernandez,msanders@example.org,Western Sahara,2018-08-31,Basic,18720.03
4104,Jacob Wilson,joshuacrawford@example.net,Svalbard & Jan Mayen Islands,2019-11-22,Premium,48183.63
4105,Gerald Horne,angela45@example.com,Nigeria,2023-12-08,Premium,332.59
4106,Stacy Cox,hsolis@example.com,Moldova,2022-04-25,Standard,1479.91
4107,Mary Harris,wlyons@example.com,Israel,2024-05-15,Basic,18804.32
4108,Kristina Casey,katherine49@example.org,Antarctica (the territory South of 60 deg S),2018-10-12,Premium,9505.26
4109,Olivia Williams,christopherdavis@example.com,Pitcairn Islands,2024-12-18,Standard,9171.16
4110,Frank Moore,oaguilar@example.com,Moldova,2020-06-13,Standard,4938.59
4111,Angel Hurley,monicabarnett@example.com,Argentina,2019-09-26,Basic,18771.00
4112,Tina Ware,debbie01@example.org,Heard Island and McDonald Islands,2019-12-26,Standard,35347.74
4113,Phillip Gonzalez,davismike@example.org,China,2019-12-29,Basic,7527.60
4114,Jared Williams,ginagross@example.net,Cuba,2022-12-29,Premium,31141.92
4115,Jessica Porter,lopezaaron@example.net,Tuvalu,2024-01-11,Premium,40379.52
4116,Justin West,sherrygamble@example.org,Monaco,2021-06-30,Standard,5477.97
4117,Christine Phillips,wstone@example.com,Sierra Leone,2020-01-09,Basic,25972.59
4118,Jared Adkins,nicole20@example.net,Djibouti,2019-02-13,Standard,9738.67
4119,Michael Lopez,juliasullivan@example.com,Liberia,2019-09-28,Basic,46007.96
4120,Nicholas Gutierrez,melanie47@example.net,Monaco,2023-02-06,Basic,27444.22
4121,Michael Jackson,bgreene@example.com,Dominican Republic,2022-05-12,Standard,47206.15
4122,Richard Murphy,vegaandrea@example.com,Sweden,2024-03-21,Premium,16983.36
4123,Denise Knight,paul71@example.com,Venezuela,2022-02-06,Premium,12048.62
4124,Janet Bishop,john55@example.com,Iraq,2023-07-04,Premium,39723.29
4125,Charles Gilbert,davidcourtney@example.net,Senegal,2018-06-20,Standard,3025.35
4126,Justin Cunningham,ladams@example.com,Iceland,2023-05-22,Basic,35411.11
4127,Zachary Stone,stanleyamanda@example.org,Morocco,2024-08-18,Premium,42403.93
4128,Brianna Ortega,josephcastro@example.org,Colombia,2019-01-08,Basic,32774.73
4129,Courtney Clark,xmann@example.com,Austria,2023-11-30,Basic,28796.83
4130,Miss Amy Robertson,tgillespie@example.net,Greece,2023-12-19,Basic,19769.83
4131,David Hebert DDS,breanna57@example.net,Iran,2024-02-16,Basic,10126.51
4132,Mary Gibbs,margaret78@example.com,Monaco,2021-08-05,Premium,22450.44
4133,Amy Gomez,atkinsondavid@example.com,Northern Mariana Islands,2020-03-22,Standard,47217.94
4134,Marissa Green,shelia43@example.com,United States Virgin Islands,2022-10-13,Standard,21813.43
4135,John Richardson,scottryan@example.org,Turkmenistan,2018-12-04,Standard,1289.32
4136,David Williams,edward86@example.com,El Salvador,2019-03-04,Standard,28106.52
4137,Brett Wood,wrightchristopher@example.net,Bermuda,2024-11-02,Standard,15364.29
4138,Kelsey Lambert,ballardrobert@example.net,Bolivia,2021-03-22,Basic,34975.19
4139,Eugene Phelps,brandon14@example.org,United States Minor Outlying Islands,2023-12-01,Premium,9485.14
4140,Cody Hart,anolan@example.net,Costa Rica,2019-01-01,Standard,44615.42
4141,John Garza,chandavid@example.org,Mexico,2024-05-28,Basic,8750.60
4142,James Mora,doyletravis@example.org,Haiti,2021-07-08,Basic,2493.01
4143,Larry Rice,stephen49@example.com,Guyana,2018-04-25,Premium,48341.73
4144,Alisha Boone,lsmith@example.com,Nicaragua,2022-04-26,Premium,17653.10
4145,Anna Wilson,jason83@example.org,Georgia,2024-01-12,Premium,41204.93
4146,Abigail Webb,david06@example.org,Algeria,2022-11-12,Basic,25467.90
4147,Brittany Preston,danielpierce@example.com,France,2020-01-01,Basic,18604.11
4148,Timothy Morrow,campbellsergio@example.org,Aruba,2018-07-03,Premium,5022.67
4149,Bradley Martinez,john12@example.com,Jamaica,2020-01-31,Premium,35649.29
4150,James Williams,jamesmiller@example.com,Guinea-Bissau,2018-10-26,Basic,10260.05
4151,Alex Farmer,shawn55@example.org,Italy,2020-04-26,Basic,32057.01
4152,Charles Brown,richardsnow@example.net,Azerbaijan,2018-03-05,Premium,46112.11
4153,Nathaniel Rodriguez,smallmichael@example.net,Tanzania,2020-04-23,Basic,5904.92
4154,Melinda Kim,lwilliams@example.org,Ghana,2021-04-04,Premium,45229.35
4155,Billy Jones,christophermills@example.com,Korea,2021-09-16,Premium,49355.57
4156,Linda Patrick,michaelflynn@example.net,Spain,2020-07-24,Standard,45887.43
4157,Michael Hall,joseph49@example.net,Ghana,2022-07-05,Premium,7880.86
4158,Shelby Barnes,croth@example.net,French Polynesia,2024-09-18,Premium,31126.01
4159,Scott Mccarthy,antonionelson@example.com,Pitcairn Islands,2020-11-23,Standard,34051.75
4160,Paul Mueller,jocelyn90@example.org,Saint Helena,2021-06-22,Premium,47019.61
4161,Benjamin Hampton,morriskevin@example.net,Antigua and Barbuda,2021-01-21,Standard,34545.03
4162,Annette Lawson,justinhampton@example.net,Egypt,2022-08-31,Standard,18918.87
4163,Jason Gallagher,stewartjeanne@example.com,Reunion,2020-02-16,Standard,12745.93
4164,John Harrell,laneamber@example.com,British Indian Ocean Territory (Chagos Archipelago),2018-02-12,Basic,34656.90
4165,William Hall,pjohnson@example.org,Bhutan,2018-06-21,Basic,38379.62
4166,Alexandra Levy,scott12@example.com,Romania,2019-06-12,Basic,34506.02
4167,Lisa Arnold,michelleknapp@example.net,Svalbard & Jan Mayen Islands,2018-10-16,Basic,5807.58
4168,Julie Cole,oscar17@example.com,Netherlands,2019-10-13,Standard,3418.37
4169,Andrew Munoz,pcrane@example.net,Singapore,2024-01-09,Standard,8451.60
4170,Amanda Miles,jenningsjennifer@example.net,Belize,2020-11-16,Basic,35779.67
4171,Lisa Kelley,jenniferjones@example.net,Croatia,2022-06-20,Standard,26859.38
4172,Jamie Schneider MD,jennifer06@example.com,Romania,2021-03-12,Basic,13148.81
4173,Lori Reilly,maria59@example.org,Venezuela,2019-05-05,Standard,41161.59
4174,Julie Beck,ahancock@example.net,Eritrea,2020-04-07,Premium,27782.02
4175,Sean Harrison,ronald27@example.org,Mozambique,2023-08-02,Premium,6443.04
4176,Caitlin Johnson,tiffanygreer@example.net,Hungary,2018-05-27,Standard,23993.11
4177,Sabrina Brown,bhunt@example.net,British Indian Ocean Territory (Chagos Archipelago),2019-04-02,Premium,1997.76
4178,Larry Crosby,ryansmith@example.net,Bangladesh,2022-05-09,Premium,4272.04
4179,Sarah Smith,valdezbrandon@example.org,Burkina Faso,2018-10-04,Premium,21853.84
4180,Mr. Christopher Johnson DVM,fmarshall@example.com,Slovenia,2022-02-28,Standard,36943.48
4181,Donald Chapman,heidihunter@example.org,Bosnia and Herzegovina,2022-12-16,Basic,38479.42
4182,Jessica Douglas,btorres@example.com,Korea,2023-08-25,Premium,38450.61
4183,Evan Wheeler,kdominguez@example.net,Bouvet Island (Bouvetoya),2021-07-26,Premium,28483.19
4184,Ruth Hernandez MD,maddoxmicheal@example.org,Togo,2019-09-18,Standard,42988.43
4185,Sandra Peck,urobles@example.net,Slovenia,2020-10-24,Premium,17570.85
4186,Carrie Williams,bkelly@example.com,San Marino,2020-04-01,Basic,2915.77
4187,Robert Warren,ilopez@example.org,Micronesia,2022-04-06,Premium,47346.38
4188,Brian Acosta,william47@example.com,New Caledonia,2023-09-02,Premium,11339.26
4189,Scott Mendez,diamond43@example.net,Dominica,2020-03-07,Standard,32934.81
4190,Larry Garza,thompsonduane@example.org,Tajikistan,2022-12-03,Premium,43579.73
4191,Curtis Terry,ronald91@example.org,Hong Kong,2018-10-12,Premium,30122.84
4192,Ashley Davis,khayden@example.org,Cote d'Ivoire,2021-03-24,Basic,8138.79
4193,Michael Lewis,sanchezangela@example.net,Cuba,2024-02-20,Standard,2929.99
4194,Martin Moreno,pbrooks@example.com,Tajikistan,2018-09-24,Standard,25950.56
4195,Jay Jackson,carmenhill@example.net,Zimbabwe,2018-03-13,Basic,36052.07
4196,John Martinez Jr.,richardbond@example.net,Congo,2021-08-10,Standard,2017.66
4197,Jacob Hayes,laurentaylor@example.org,Belize,2019-03-02,Basic,11759.73
4198,Joe Reynolds,mcguireashley@example.com,Poland,2022-04-11,Premium,28179.31
4199,Sarah Brooks,stewarttammy@example.net,Panama,2022-05-07,Basic,6070.14
4200,John Kirk Jr.,james24@example.org,Gabon,2020-07-08,Basic,1856.24
4201,Christine Wright,jonesmark@example.com,Antigua and Barbuda,2024-02-13,Premium,1087.69
4202,Brenda Novak,brendannelson@example.org,Saint Martin,2023-05-06,Basic,32275.03
4203,Jamie Miles,shannon56@example.org,Turkmenistan,2021-03-02,Basic,30840.85
4204,Christina Ray,yherrera@example.com,Albania,2023-01-16,Basic,11959.69
4205,Kimberly Nguyen,rarmstrong@example.org,Singapore,2023-07-03,Basic,12577.11
4206,Maria Nelson,brownjennifer@example.org,French Southern Territories,2023-02-07,Standard,45979.38
4207,John Goodman,mgreen@example.com,Fiji,2019-09-20,Standard,26869.09
4208,Brittany Mccall,rodriguezalicia@example.org,Madagascar,2022-01-15,Premium,7305.93
4209,Margaret Perry,lewiseric@example.net,Namibia,2019-12-16,Standard,49957.11
4210,Jerome Ashley,allisonhogan@example.net,Belarus,2019-10-19,Standard,37026.28
4211,Frederick Porter,kevinwood@example.org,Norway,2022-11-04,Standard,7284.79
4212,William Jenkins,patrickturner@example.com,United States of America,2023-02-27,Standard,35563.22
4213,Jason Martin,suzannerivas@example.com,Russian Federation,2024-01-27,Premium,49375.72
4214,James Fletcher,douglaswright@example.com,Albania,2019-05-28,Basic,17711.77
4215,Scott Potter II,jeremy66@example.org,Uruguay,2022-07-21,Standard,44192.73
4216,Lori Peterson,thomas00@example.com,Australia,2023-03-02,Basic,22670.36
4217,Danielle Duncan,williamsbelinda@example.com,Botswana,2022-05-11,Standard,18241.66
4218,George Jones,singhaaron@example.org,Chad,2021-08-28,Basic,20004.26
4219,Brian Morgan,reyesbobby@example.net,Guadeloupe,2023-12-11,Premium,12375.76
4220,Matthew Miller,joseph33@example.net,Congo,2020-02-22,Basic,9810.64
4221,Ian Lara,aprilhooper@example.net,South Georgia and the South Sandwich Islands,2024-12-09,Standard,45027.68
4222,Erin Jordan,andrea79@example.org,Papua New Guinea,2024-02-24,Standard,18803.35
4223,John Jackson,padillagregory@example.com,Nauru,2021-06-11,Premium,19702.20
4224,Bradley Richards,daycurtis@example.com,Cayman Islands,2023-04-11,Premium,27187.15
4225,Susan Nelson,robertsjustin@example.org,Cuba,2023-01-27,Standard,45243.34
4226,Tonya Steele,lvalenzuela@example.org,Mozambique,2024-12-29,Standard,2639.20
4227,Scott Gutierrez,adammartinez@example.org,Swaziland,2020-06-08,Standard,27629.48
4228,Ashley Turner,hernandezchristine@example.net,Oman,2019-10-04,Basic,19276.10
4229,Eric Montgomery,npowell@example.com,Mayotte,2023-10-21,Standard,9097.73
4230,Joshua Ford,wrightpaul@example.net,Greece,2022-12-20,Premium,34729.08
4231,Tiffany Gentry,sue91@example.com,Comoros,2022-04-30,Basic,33382.98
4232,Michelle Castro,staffordcorey@example.org,Maldives,2021-01-24,Basic,34063.45
4233,Chad Garcia,ipoole@example.org,Tuvalu,2019-10-01,Basic,20153.64
4234,Donna Daniels,acostadylan@example.net,Turkey,2020-03-21,Premium,20623.36
4235,Darlene Thompson,fwoods@example.net,Ecuador,2023-04-04,Premium,43414.70
4236,Mrs. Whitney Edwards DVM,erik86@example.com,South Georgia and the South Sandwich Islands,2019-06-19,Standard,15879.11
4237,Jerome Cruz,kendra93@example.net,North Macedonia,2024-11-13,Basic,36792.35
4238,Mary Potter,bbowman@example.net,Indonesia,2018-05-25,Basic,4943.52
4239,Elizabeth Mata,itucker@example.org,Armenia,2018-09-25,Premium,1171.16
4240,George Leon,smithmarissa@example.net,Argentina,2018-08-05,Standard,42644.79
4241,Jacqueline Jones,jlevy@example.com,South Georgia and the South Sandwich Islands,2021-07-07,Standard,10230.05
4242,William Cooper,ryanroberts@example.org,Jordan,2019-09-09,Premium,15447.34
4243,Mary Schmidt,brittneywashington@example.com,Sao Tome and Principe,2018-09-28,Standard,31199.26
4244,Nicole Reeves,holly38@example.net,Bosnia and Herzegovina,2021-07-16,Basic,45235.31
4245,Caroline Reilly,rebeccawong@example.net,Niue,2023-01-04,Standard,16997.18
4246,Roy Dunn,eblack@example.net,Uruguay,2019-12-19,Standard,15231.70
4247,Christopher Walter,rebecca73@example.org,Mali,2024-04-20,Premium,45050.77
4248,Holly Young,swansonerin@example.net,Colombia,2019-09-15,Premium,20817.77
4249,Marilyn Flores,jasmine05@example.org,Suriname,2023-12-21,Basic,20543.03
4250,Scott Rios,amendoza@example.net,Moldova,2024-04-19,Basic,31471.26
4251,Patricia Evans,donna99@example.com,Congo,2021-02-25,Basic,42414.94
4252,Joy Wagner,emartinez@example.org,Mayotte,2020-10-18,Premium,33227.07
4253,Robin Barr,charles48@example.com,Saint Vincent and the Grenadines,2019-08-24,Standard,4943.74
4254,Paul Martin,brandi51@example.org,Svalbard & Jan Mayen Islands,2018-06-11,Premium,44023.57
4255,Chelsea Johnson,cheryl54@example.org,Mozambique,2023-04-21,Standard,23896.31
4256,Matthew Gomez,johnsonrobert@example.com,Guam,2018-03-23,Basic,34437.26
4257,David Valencia,wperez@example.com,Saint Martin,2022-01-24,Standard,29286.07
4258,Terri Rogers,kingtravis@example.com,Turks and Caicos Islands,2020-01-15,Standard,44710.00
4259,Brenda Young,robertpark@example.net,Solomon Islands,2023-07-08,Basic,28382.47
4260,Sheena Rosario,nicolemckenzie@example.org,Cuba,2021-10-23,Premium,44335.89
4261,Kimberly Taylor,alexanderolivia@example.net,Suriname,2018-10-10,Premium,6833.68
4262,Molly Christensen,shirley47@example.net,Pitcairn Islands,2021-05-14,Basic,19741.43
4263,Erica Taylor,jonesevan@example.net,Ghana,2019-09-05,Premium,49645.55
4264,Jenny Todd,nvance@example.org,Benin,2020-03-18,Basic,16102.86
4265,Ryan Harris,hurstwendy@example.net,Iraq,2018-12-07,Standard,30180.35
4266,David Velasquez,kimberly94@example.net,Switzerland,2023-07-20,Premium,31130.92
4267,David Reilly,hicksandrew@example.net,Israel,2024-08-14,Standard,49585.92
4268,Trevor Espinoza,hardindavid@example.net,Cape Verde,2022-02-04,Standard,9681.96
4269,Michael Johnson,westdennis@example.com,Jamaica,2021-02-21,Basic,45223.57
4270,Mark Ruiz,omay@example.org,Colombia,2018-04-07,Standard,15996.52
4271,Diane Obrien,aatkins@example.org,Papua New Guinea,2019-11-15,Premium,32505.32
4272,Alex Lopez,elizabeth43@example.net,Costa Rica,2021-06-09,Standard,22501.66
4273,Carl Williams,carl00@example.com,Tajikistan,2022-11-09,Standard,2118.74
4274,Austin Fuller,gonzalezjimmy@example.com,Grenada,2023-02-20,Basic,4104.18
4275,Jordan Turner,lekathleen@example.org,Poland,2024-03-08,Premium,6619.43
4276,Meghan Carlson,rodney72@example.net,Belize,2024-12-31,Premium,36758.60
4277,Robert Jones MD,despinoza@example.com,Jamaica,2018-03-20,Standard,19095.49
4278,Jeffrey Watson,robinsontimothy@example.net,Belarus,2023-04-10,Standard,19481.02
4279,Daniel Herrera,christinaday@example.org,Armenia,2021-01-12,Basic,18819.58
4280,John Williams,daryl45@example.com,Saint Vincent and the Grenadines,2022-02-11,Basic,42695.97
4281,Tanya Stokes,brewerkristy@example.net,Czech Republic,2022-10-05,Standard,35393.30
4282,Joshua Roach,jimenezterri@example.net,Iraq,2019-06-27,Standard,35983.94
4283,Monica Williams,baileytodd@example.com,Malawi,2024-03-12,Premium,24492.64
4284,Corey Carroll,john62@example.org,Guyana,2020-12-28,Premium,45676.53
4285,Samantha Burke,brandywest@example.net,Mongolia,2018-12-14,Basic,45675.75
4286,Andre Jenkins,melanie70@example.org,Austria,2023-09-16,Premium,1248.07
4287,Tracey Jones,james84@example.org,Azerbaijan,2019-06-11,Premium,12223.76
4288,Hannah Fleming,jennifer35@example.com,Finland,2019-12-27,Standard,3341.46
4289,Sarah Cole,sbryant@example.net,Tunisia,2024-05-31,Premium,38965.95
4290,Valerie Matthews,dawnmerritt@example.org,South Georgia and the South Sandwich Islands,2018-11-05,Premium,36183.05
4291,Tim Yang,rchan@example.net,Algeria,2021-10-29,Basic,3612.10
4292,Alison Avila,troy11@example.org,French Polynesia,2024-07-14,Basic,48285.65
4293,Michael Richardson,amedina@example.com,Bhutan,2023-03-03,Basic,43682.73
4294,Allison Benson,andrea67@example.org,Mali,2019-03-10,Basic,6186.72
4295,Trevor Hernandez,smartinez@example.com,Swaziland,2019-07-23,Premium,45908.31
4296,Kathleen Dominguez,hharrison@example.org,British Indian Ocean Territory (Chagos Archipelago),2018-11-29,Premium,4676.02
4297,Julie Smith,ericford@example.org,Puerto Rico,2019-01-11,Premium,21705.17
4298,Edward Floyd,forddennis@example.com,Palestinian Territory,2020-08-12,Premium,2594.93
4299,Joseph Braun,qsandoval@example.net,Sudan,2018-11-22,Standard,16088.21
4300,Amy Lewis,greensusan@example.net,Bolivia,2023-12-09,Premium,23854.60
4301,Jessica Larson,joseskinner@example.org,Finland,2020-03-19,Basic,49397.69
4302,Douglas Rose,hickmanerin@example.org,Bermuda,2024-10-15,Basic,9384.64
4303,Patricia Roberts,johncervantes@example.com,Portugal,2021-03-25,Basic,33840.35
4304,Jacob Hicks,martinmichael@example.org,Ukraine,2018-09-08,Standard,9327.90
4305,Amy Sanchez,rebeccastevens@example.org,Saint Lucia,2018-01-26,Premium,8874.96
4306,Heather James,yphillips@example.net,Greenland,2020-03-20,Standard,7280.25
4307,Charles Davis,jamiejones@example.com,Eritrea,2024-01-30,Basic,48638.91
4308,Austin Vargas,bowmananthony@example.org,Liechtenstein,2019-05-23,Basic,38107.16
4309,Omar Banks,brianjohnson@example.org,Christmas Island,2020-02-10,Premium,42445.95
4310,Michael Baker,cmueller@example.net,Yemen,2020-07-21,Premium,19793.93
4311,Paul Velasquez,elizabeth56@example.org,British Virgin Islands,2024-08-23,Standard,30117.54
4312,Ashley Jennings,joseph26@example.net,Belize,2023-09-07,Basic,14341.61
4313,Sarah Rivera,samuelschroeder@example.com,Mauritania,2022-10-14,Standard,41240.98
4314,Jennifer Martinez,brian14@example.net,Mozambique,2020-09-13,Basic,448.46
4315,Mary Ponce,laurenanderson@example.com,Moldova,2020-10-27,Standard,37739.42
4316,David Bailey,steelestacy@example.net,Venezuela,2018-09-22,Premium,3232.87
4317,Sherri Jackson,rogerssara@example.com,Germany,2021-11-10,Basic,3114.16
4318,Jonathan Wade,willisnicole@example.net,Swaziland,2022-10-28,Premium,33734.35
4319,Daniel Green,rhonda52@example.com,Romania,2023-01-01,Premium,48860.67
4320,Katherine Olson,kimberly49@example.com,Estonia,2018-12-28,Standard,29448.12
4321,Danielle Torres,lindsay06@example.org,Hungary,2022-01-20,Basic,34085.93
4322,Shelly Bradshaw,bevans@example.org,Saint Vincent and the Grenadines,2018-09-27,Basic,13195.62
4323,Helen Diaz,tylerwheeler@example.net,Guinea,2021-07-30,Standard,17969.82
4324,Sharon Delgado,gsmith@example.org,British Virgin Islands,2023-05-22,Standard,25034.78
4325,Ryan Johnson,micheleking@example.com,Saint Martin,2023-06-27,Standard,27341.25
4326,Jeffrey Davis,nbrown@example.org,Cambodia,2020-02-19,Premium,29402.73
4327,Natalie Harrison,zelliott@example.org,Guyana,2018-06-24,Basic,17709.46
4328,Stephanie Garcia,hphillips@example.net,India,2023-03-20,Standard,16285.95
4329,Claudia Watson,karagood@example.net,French Southern Territories,2022-07-10,Standard,43447.25
4330,Mark Romero,stacie27@example.net,Montserrat,2023-03-18,Standard,7718.97
4331,Michael Sanchez,hartmanvictor@example.com,Montenegro,2022-04-29,Standard,47486.74
4332,Dennis House,cassandra59@example.com,Tajikistan,2019-07-26,Standard,19134.72
4333,Jonathon Wilson,uhardy@example.org,Lithuania,2019-09-04,Standard,18348.93
4334,Donna Luna,scottrodriguez@example.org,Bulgaria,2022-11-15,Basic,45277.58
4335,Tara Ramirez,martincarol@example.org,India,2019-09-11,Basic,47307.54
4336,Suzanne Alvarez,murraysamantha@example.com,Russian Federation,2020-06-07,Premium,917.83
4337,Melvin Good,jessica65@example.net,Haiti,2023-04-19,Premium,13617.42
4338,Christopher Gray,kruegertammie@example.com,Albania,2020-03-21,Premium,24916.39
4339,Michelle Ballard,benjaminhampton@example.com,Philippines,2019-10-11,Standard,41505.93
4340,Laurie Jackson,scottvelazquez@example.com,Liechtenstein,2024-02-29,Standard,11464.19
4341,Mr. Daniel Clark,jay37@example.org,Saint Martin,2023-06-16,Basic,36214.09
4342,Michelle Meyer,cathycarrillo@example.net,Colombia,2022-11-08,Standard,47371.81
4343,Tyler Wilson,tayloraaron@example.com,Saudi Arabia,2019-10-17,Standard,48458.09
4344,David Shannon,stephanie86@example.net,Papua New Guinea,2018-09-02,Standard,48075.83
4345,Valerie House,jay71@example.com,United Kingdom,2018-10-02,Standard,35330.60
4346,David Montes,hunter89@example.net,Congo,2024-10-25,Standard,7159.74
4347,Jesse Johnson,brett93@example.org,Lao People's Democratic Republic,2023-10-26,Standard,40200.74
4348,Ronald Perez,cherylzhang@example.com,Wallis and Futuna,2022-09-02,Standard,747.08
4349,Eric Morgan,gabriellechavez@example.com,New Caledonia,2021-06-15,Basic,8014.26
4350,Stephanie Johnson,robertmoran@example.org,New Caledonia,2021-06-26,Basic,30962.16
4351,Chris Johnson,kmiller@example.org,Mali,2024-11-10,Premium,29995.88
4352,Nicole Ramirez,johnferrell@example.net,Gibraltar,2023-12-10,Standard,17120.75
4353,Patricia Anderson,charlesmurphy@example.net,United States of America,2022-03-10,Basic,43218.47
4354,Loretta Griffith,danny57@example.net,Antarctica (the territory South of 60 deg S),2022-02-22,Basic,48524.49
4355,Craig Fuentes,bauermichelle@example.net,Finland,2018-09-16,Premium,22409.20
4356,Julie Smith,david30@example.org,Kenya,2022-09-05,Premium,10551.85
4357,Kimberly Snyder,zachary75@example.com,Pitcairn Islands,2021-08-29,Basic,11748.57
4358,Tiffany Smith,bailey14@example.com,Aruba,2021-07-04,Basic,45795.32
4359,Ronald Kim,peterhowell@example.net,India,2023-05-05,Standard,27794.29
4360,Christopher Patterson,dan14@example.net,Burkina Faso,2024-06-22,Standard,34946.64
4361,Ricky Ellison,kathy50@example.net,Zimbabwe,2019-06-05,Standard,39101.60
4362,Susan Thomas,qmcdowell@example.net,Congo,2024-06-02,Premium,35434.43
4363,Lisa Harris,daniel67@example.com,Antigua and Barbuda,2024-11-01,Premium,40684.76
4364,Steven Castro,velliott@example.net,Ukraine,2020-10-17,Standard,28208.57
4365,Heather Edwards,christine10@example.com,Oman,2018-03-21,Standard,25596.93
4366,Jessica Davidson,froberts@example.net,Kiribati,2019-01-27,Standard,37534.60
4367,Marissa Cole,jay70@example.org,Cayman Islands,2024-12-29,Standard,4157.25
4368,Daniel Bridges,wyang@example.net,Paraguay,2023-07-04,Standard,30169.73
4369,Yvette House,tina78@example.org,Faroe Islands,2020-12-25,Premium,22529.30
4370,Edward Olson,pauljones@example.net,Taiwan,2020-03-02,Standard,35624.19
4371,James Carpenter,lyoder@example.org,Saudi Arabia,2022-01-30,Premium,23739.97
4372,Wesley Waters,elizabethfry@example.org,Latvia,2020-07-03,Basic,252.36
4373,Tracey Parsons,thomaspedro@example.com,Colombia,2021-12-29,Basic,24179.40
4374,Brittany Wright MD,stephen89@example.com,Solomon Islands,2019-08-22,Standard,47837.71
4375,Holly Thomas,hunter66@example.org,Albania,2023-06-09,Standard,30278.07
4376,Rachel Dickerson,sabrina83@example.com,Palau,2024-01-06,Premium,41224.41
4377,Melissa Harris,racheladams@example.org,Swaziland,2020-02-10,Basic,30293.56
4378,Gina Lopez,ryan84@example.net,Tuvalu,2021-04-25,Basic,3122.09
4379,Yolanda Wallace,bvelasquez@example.net,Luxembourg,2020-03-09,Basic,39962.54
4380,Jessica Johnson,sheila14@example.org,Egypt,2021-03-02,Premium,39556.39
4381,Amanda Williams,jessica17@example.com,Uganda,2022-09-29,Basic,40947.47
4382,Christina Castro,kellerdana@example.com,Dominican Republic,2018-02-14,Standard,13123.30
4383,Michele Kim,knoxpatricia@example.net,Liechtenstein,2019-08-14,Standard,1361.66
4384,Sandra Stevenson,teresa86@example.com,British Virgin Islands,2022-09-23,Premium,18494.72
4385,Donna Ryan,rparker@example.org,Liechtenstein,2019-08-28,Standard,31331.90
4386,Sonya Burton,daniel98@example.net,Latvia,2024-03-24,Premium,29732.87
4387,Daniel Scott,christophermartin@example.org,Rwanda,2021-07-10,Premium,46851.46
4388,Sean Davenport,davidhart@example.org,American Samoa,2023-02-11,Standard,9969.26
4389,Rodney Lewis,dorothysmith@example.net,Faroe Islands,2024-10-20,Standard,14309.66
4390,Deanna Norman,ychavez@example.com,Barbados,2024-07-30,Premium,16207.91
4391,Ronald Adams,ysantos@example.com,Albania,2018-03-11,Premium,2715.93
4392,Jason Chapman,barbaramcclain@example.com,Poland,2021-08-30,Basic,23907.37
4393,Emily Alexander,yvasquez@example.net,Yemen,2019-08-04,Standard,41607.04
4394,Robert Randolph,yball@example.com,Tokelau,2022-03-17,Basic,1370.72
4395,William Williams,david85@example.net,Burundi,2022-11-14,Basic,16261.82
4396,Emily Gilmore,chadcox@example.com,Montserrat,2019-12-31,Standard,30692.79
4397,Kelly Moreno,dferrell@example.com,French Southern Territories,2018-05-22,Basic,14217.16
4398,Brenda Smith,mcdanielangela@example.net,Armenia,2024-05-05,Basic,2065.14
4399,Lawrence Larson,obowers@example.net,Malta,2023-09-27,Premium,36166.56
4400,Michael Johnson,imcbride@example.com,Israel,2019-06-25,Standard,3287.51
4401,Jessica Silva,francisdelacruz@example.com,Egypt,2018-10-06,Premium,7663.34
4402,Brandon Horton,johnsmith@example.org,Botswana,2023-11-12,Premium,47012.13
4403,Rebecca Romero,moralesjohn@example.net,Gibraltar,2020-08-20,Premium,37757.51
4404,Jonathan Watson,michael96@example.org,Guam,2022-01-02,Standard,4149.82
4405,Corey Franklin,michael83@example.com,Barbados,2021-11-08,Premium,24673.54
4406,Tina Hobbs,debrabryant@example.org,Palestinian Territory,2024-02-11,Premium,26281.50
4407,Gregory Sanders,bsloan@example.org,Palestinian Territory,2022-06-10,Basic,7833.70
4408,Dr. Kimberly Shaffer,jennifer86@example.net,El Salvador,2019-01-02,Premium,22480.06
4409,Matthew Mclean,shirley60@example.net,British Virgin Islands,2019-04-18,Standard,11447.07
4410,Nicole Kaiser,banderson@example.net,Gambia,2018-08-20,Basic,34207.74
4411,Jennifer Rush,phillipmcclure@example.net,Finland,2018-04-10,Premium,32180.84
4412,Joseph Cox,washingtonbrittany@example.org,Jordan,2020-07-12,Standard,2215.50
4413,Dr. Larry Downs,hessadam@example.net,Venezuela,2020-06-16,Premium,47503.30
4414,Kathleen Jones,frazierwendy@example.com,Togo,2019-07-18,Basic,16041.00
4415,Megan Martinez,lopezstephanie@example.com,Cayman Islands,2022-05-07,Basic,33546.12
4416,Carl Parsons,dana90@example.net,Falkland Islands (Malvinas),2018-03-20,Basic,38300.28
4417,Monique Reyes,lisa46@example.net,Cocos (Keeling) Islands,2023-07-10,Premium,33515.14
4418,Brandon Rogers,yrobinson@example.org,Netherlands,2022-08-27,Basic,3491.28
4419,Michael Johnson,keithdennis@example.com,Brunei Darussalam,2020-03-30,Basic,1896.68
4420,Michael Davis,alexis07@example.com,Germany,2020-07-29,Basic,24624.11
4421,Linda Rose,cameron42@example.org,Cambodia,2021-12-02,Basic,4123.31
4422,Kendra Lopez,brandon45@example.org,Senegal,2022-02-16,Basic,44939.09
4423,Lindsay Mclaughlin,shellyrobertson@example.net,Northern Mariana Islands,2019-11-04,Standard,10717.64
4424,Krystal Moody,taylorjoseph@example.com,Vanuatu,2024-01-06,Premium,45768.51
4425,Angelica Solomon,mcdonaldcole@example.net,China,2024-12-25,Standard,13355.77
4426,Gary Norris,katherineburns@example.net,Norway,2022-03-14,Basic,19482.15
4427,Jeffrey Cooper,csanders@example.org,Kenya,2020-04-05,Basic,12888.28
4428,Travis Morgan,angela14@example.com,Wallis and Futuna,2020-03-12,Standard,44906.61
4429,Terry Sullivan,morganfrances@example.net,Cuba,2022-05-28,Premium,32558.09
4430,Laura Berg,harold02@example.org,Guatemala,2023-01-24,Premium,22332.62
4431,Martin Clark,maria33@example.net,Australia,2023-09-28,Standard,10309.04
4432,John Bond,william47@example.com,Comoros,2019-04-07,Premium,19433.86
4433,Stephen Cunningham,carriemunoz@example.org,Cyprus,2019-03-14,Basic,46660.87
4434,Brian Burke,valeriereed@example.org,Montenegro,2020-04-22,Premium,38011.99
4435,Heidi Murray,rushlaurie@example.org,Somalia,2021-05-08,Basic,33742.90
4436,Jennifer Nunez,arthurhowe@example.com,Togo,2024-08-26,Standard,18110.82
4437,Megan George,smithjoshua@example.com,Comoros,2018-08-11,Basic,31343.27
4438,Shawn Long,john29@example.com,Namibia,2024-05-10,Standard,10918.62
4439,Charles Vaughn,welchsteven@example.org,Chad,2018-04-08,Standard,716.78
4440,Tina Sanders,luismurray@example.org,Tanzania,2020-01-12,Standard,10397.00
4441,Stephanie Mora,elizabeth10@example.net,United States Virgin Islands,2022-05-11,Basic,16435.20
4442,Joshua Watson,smithbrianna@example.org,Papua New Guinea,2022-05-20,Basic,37717.55
4443,Mark Taylor,ebrewer@example.com,Turks and Caicos Islands,2023-07-07,Standard,28085.41
4444,James Arnold,mendozaangela@example.com,Kyrgyz Republic,2021-03-14,Basic,42882.22
4445,Daisy Hill,olittle@example.org,Rwanda,2020-10-14,Premium,30856.88
4446,James Wong,hfoley@example.com,Wallis and Futuna,2018-01-02,Premium,31001.91
4447,Ana Phillips,vnavarro@example.org,Lao People's Democratic Republic,2018-02-15,Standard,46514.96
4448,Damon Dudley,rothxavier@example.org,Solomon Islands,2021-05-27,Standard,19132.90
4449,Wendy Foster,khoward@example.com,United States Minor Outlying Islands,2024-05-15,Premium,4951.91
4450,Erin Jenkins,floyddanielle@example.org,Romania,2022-02-16,Premium,32324.03
4451,Patrick Hernandez,hdoyle@example.com,Northern Mariana Islands,2022-09-30,Basic,43834.59
4452,Adam Moore,markoconnor@example.com,Guinea,2018-11-08,Standard,20932.60
4453,Kevin Richardson,shawnanderson@example.com,Indonesia,2018-04-02,Standard,38545.14
4454,Don Mitchell,dparker@example.org,Niger,2019-05-07,Standard,7177.72
4455,Amber Jones,lmoore@example.net,Cambodia,2023-02-15,Premium,6104.22
4456,Manuel Gonzalez,larrywerner@example.org,New Caledonia,2018-05-05,Standard,8811.61
4457,Lawrence Wood,moranemily@example.com,Montenegro,2019-04-07,Premium,36267.97
4458,Casey Green,rtrujillo@example.net,Papua New Guinea,2023-02-08,Basic,34776.44
4459,Erin Morrison,nryan@example.net,Palestinian Territory,2021-01-23,Standard,1225.69
4460,Jonathan Ellis,williamstiffany@example.net,Cape Verde,2024-04-25,Standard,3257.86
4461,James Hooper,slawson@example.net,Cyprus,2019-09-20,Premium,3351.37
4462,Michael Smith,jason68@example.org,Turkey,2022-03-26,Premium,1954.34
4463,Heather Daniel,matthew25@example.net,Japan,2022-11-07,Standard,20679.97
4464,John Lopez,jcunningham@example.org,Sri Lanka,2018-02-24,Basic,44880.66
4465,Brenda West,tonychen@example.com,Saint Barthelemy,2018-09-16,Standard,35524.10
4466,Jennifer Fernandez,thomasbrown@example.net,Faroe Islands,2023-05-17,Premium,40116.86
4467,Corey Powers,jonking@example.com,Israel,2018-04-10,Basic,13670.93
4468,Angel Garcia,carol61@example.net,Australia,2020-02-10,Premium,34514.79
4469,Dr. Jennifer Shaw,vtodd@example.net,Qatar,2018-01-08,Basic,2301.74
4470,Kaitlin Whitney,josephking@example.com,Tuvalu,2024-04-25,Standard,27991.33
4471,David Mcconnell,christopher69@example.net,Gibraltar,2023-06-25,Premium,35806.91
4472,Brandon Contreras,brandon88@example.org,Qatar,2018-07-13,Standard,18265.34
4473,Sheila Stephens,martinezbeth@example.org,Ethiopia,2024-09-15,Standard,22867.25
4474,Kevin Ballard,troysnyder@example.org,Norfolk Island,2023-04-20,Basic,8278.35
4475,Kristen Smith,ernestmarsh@example.org,Hungary,2022-03-01,Basic,27596.10
4476,Jonathan Richardson,smitheric@example.net,Bolivia,2019-08-20,Standard,36786.23
4477,Daniel Hebert,lisafoster@example.net,Cuba,2021-11-21,Standard,8780.74
4478,Doris Smith,christopherwashington@example.org,Ecuador,2022-07-04,Standard,23427.46
4479,Kurt Simmons,austinrodriguez@example.net,Guernsey,2021-11-24,Standard,7466.90
4480,Stephanie Fry,alvaradostephen@example.net,Ghana,2023-07-19,Basic,27159.20
4481,Kenneth Norris,lyonshannah@example.net,Mozambique,2022-01-15,Standard,4413.63
4482,Nicole Miller,vbennett@example.org,Swaziland,2020-11-03,Premium,16706.92
4483,Teresa Horn,jonathanrobinson@example.net,United States of America,2022-01-09,Basic,23381.10
4484,Ashley Gentry,justin74@example.com,Niger,2024-01-18,Basic,8297.38
4485,John Sims,esmith@example.org,Martinique,2018-06-25,Standard,25367.01
4486,Susan Anthony,williamsjohn@example.net,Saint Helena,2019-08-18,Basic,17148.33
4487,Shannon Gardner,justinreeves@example.net,Brazil,2019-10-16,Basic,7062.11
4488,Daniel Wilson,johnsonmichelle@example.net,Croatia,2020-04-23,Basic,19877.87
4489,Michael Payne,feliciawebster@example.org,Rwanda,2022-09-13,Premium,49526.15
4490,Christopher Hernandez,hensonchristopher@example.org,Bolivia,2024-02-07,Premium,26026.49
4491,Justin Swanson,allisonwhitehead@example.org,Chad,2024-06-15,Premium,12810.39
4492,Kathleen Johnson,moraleswilliam@example.org,Spain,2024-03-04,Basic,47120.26
4493,Thomas Norton,mdoyle@example.org,Christmas Island,2020-07-17,Basic,35516.67
4494,Gary Hunter,karen67@example.org,Slovakia (Slovak Republic),2021-10-03,Standard,5934.38
4495,Christopher Mendez,christopher53@example.net,Togo,2022-03-10,Basic,46852.71
4496,Tony Smith,chrisboyd@example.org,Bahamas,2023-11-13,Basic,40986.11
4497,Alyssa Morris,aaron48@example.com,Central African Republic,2020-06-16,Basic,17621.60
4498,Jennifer Burns,halltyler@example.com,Jordan,2022-07-30,Basic,37603.12
4499,Johnathan Gross,wendysantos@example.com,Faroe Islands,2019-03-12,Premium,32059.42
4500,Sandra Morgan,marcrobbins@example.org,Belize,2023-02-02,Premium,41734.03
4501,Mr. Christopher Davidson DVM,sarahtaylor@example.org,Mongolia,2020-02-11,Basic,129.75
4502,Ryan Payne,davidward@example.org,Sao Tome and Principe,2023-08-29,Premium,24810.63
4503,Ronald Scott,ywoodard@example.net,Antarctica (the territory South of 60 deg S),2018-10-23,Basic,47510.52
4504,Luke Williams,whiteblake@example.com,Bahrain,2020-09-17,Standard,15212.59
4505,John Reeves,melissa71@example.net,Benin,2020-05-07,Basic,31948.61
4506,Michael Nelson,sheila79@example.com,United States Minor Outlying Islands,2020-02-22,Premium,909.38
4507,Jennifer Lee,martinstephanie@example.com,Switzerland,2021-04-26,Premium,10433.66
4508,Oscar Munoz,cynthia81@example.org,Mauritius,2018-10-20,Premium,12746.35
4509,Ms. Laura Sloan,sheastacy@example.com,Swaziland,2019-05-03,Standard,47249.24
4510,Melissa Porter,amarshall@example.org,Myanmar,2022-07-09,Premium,34921.14
4511,Beverly Cunningham,davisbenjamin@example.org,Somalia,2021-05-14,Standard,19448.59
4512,Jay Rivera,dberg@example.org,Bulgaria,2020-05-03,Standard,21483.34
4513,Mary Peters,jane53@example.com,Korea,2024-08-12,Standard,31797.46
4514,Carla Stevens,marcuslopez@example.org,Bahamas,2024-08-27,Premium,33987.96
4515,Heather Chapman,amandawarren@example.net,Lebanon,2018-05-10,Standard,16049.63
4516,Heather Shaw,tiffanybernard@example.net,New Caledonia,2018-05-08,Standard,35061.51
4517,Cheryl Fuller,jackie02@example.net,United Arab Emirates,2022-04-21,Basic,38512.39
4518,Steven Salazar,mwade@example.net,New Caledonia,2022-09-28,Basic,29397.52
4519,Elizabeth Cruz,joseph73@example.net,Moldova,2021-12-08,Basic,24566.39
4520,Nathan Long,david39@example.org,Micronesia,2018-04-22,Standard,2029.71
4521,Jennifer Gibson,kristinamoore@example.org,Grenada,2023-06-20,Premium,23796.10
4522,Sharon Rivas,patty62@example.org,Timor-Leste,2024-02-06,Premium,4239.94
4523,Jeff Sanchez,wilsonhayley@example.org,Bermuda,2019-01-21,Standard,19054.57
4524,Michael Scott,gregory63@example.com,Chile,2021-10-13,Premium,30220.08
4525,Kelsey Barnes,jamesstevens@example.com,Falkland Islands (Malvinas),2023-04-07,Premium,16211.34
4526,Jack Moran,james42@example.org,Belarus,2024-03-13,Basic,42746.65
4527,Gerald Preston,kelly95@example.com,Norway,2020-06-06,Basic,20589.29
4528,Preston Miller,hayden46@example.org,Madagascar,2018-02-12,Basic,6506.37
4529,Jacob Martin,martinezrenee@example.com,Sao Tome and Principe,2018-04-26,Basic,22277.06
4530,Leroy Barrera DDS,gregory98@example.com,China,2023-08-19,Premium,23212.68
4531,Nicholas Morris,pbrooks@example.net,Sudan,2024-05-03,Standard,40085.25
4532,David Smith,hstewart@example.com,Heard Island and McDonald Islands,2024-01-04,Basic,36244.11
4533,Miss Rebecca Robinson,timothy92@example.net,Ukraine,2020-11-03,Basic,5971.66
4534,Gerald Owens,jordansingh@example.org,Anguilla,2023-10-18,Standard,8778.54
4535,Anna King,rebecca37@example.net,Northern Mariana Islands,2023-01-25,Standard,42692.40
4536,Veronica Case,jamie01@example.com,Norfolk Island,2018-06-13,Standard,30095.91
4537,Jeffery Doyle,bwilson@example.com,Sudan,2022-10-14,Premium,34371.69
4538,Lori Allen,mgentry@example.org,Turkmenistan,2018-11-11,Premium,24159.09
4539,Rebecca Flynn,sharper@example.net,Argentina,2020-10-17,Premium,19426.45
4540,Adam Jones,samuel59@example.org,Bosnia and Herzegovina,2019-12-25,Standard,2289.35
4541,Christopher Smith,christopherwilliams@example.com,Senegal,2020-01-19,Premium,17069.51
4542,Thomas Castillo,gmccormick@example.org,Northern Mariana Islands,2024-07-18,Standard,11513.75
4543,Timothy Brown,qoneal@example.net,Reunion,2022-12-27,Basic,47407.25
4544,Elizabeth Watson,wmontgomery@example.com,Niger,2019-04-21,Premium,8305.22
4545,Mallory Hanna,frank01@example.com,Belize,2019-06-25,Basic,48941.97
4546,Derrick Scott,mayjeffrey@example.com,Chile,2024-10-14,Basic,1281.54
4547,Ryan Lowery,higginsmichael@example.com,Chile,2023-07-26,Standard,39737.43
4548,Tammy Morris,stephen57@example.net,Jordan,2022-10-28,Premium,35449.60
4549,Paul Burns,brittanyjohnson@example.com,Luxembourg,2022-02-17,Basic,27219.88
4550,John Hoover,peterhamilton@example.com,Georgia,2022-09-11,Standard,1773.49
4551,Ariana Wood,catherineblair@example.net,Bosnia and Herzegovina,2022-11-23,Basic,35132.18
4552,Raymond Roth,ashleyhester@example.com,Sri Lanka,2018-10-02,Premium,4453.42
4553,Alexander Anderson,katrina69@example.net,Hungary,2022-01-04,Standard,20126.22
4554,Adrian Williamson,michaelrhodes@example.com,Andorra,2020-09-23,Premium,6138.44
4555,Erin Miller,christopherdavis@example.com,Bulgaria,2019-10-26,Premium,28563.99
4556,Matthew James,robin80@example.org,Timor-Leste,2020-03-15,Standard,33027.11
4557,Kevin Brown,toni93@example.com,Iraq,2024-02-15,Standard,27912.69
4558,George Owen,thomaschavez@example.net,Western Sahara,2023-05-12,Premium,48546.18
4559,Amanda West,xmorse@example.com,Kuwait,2020-01-30,Basic,20721.46
4560,Katelyn Heath,jessica25@example.org,Chile,2024-04-11,Premium,11689.19
4561,Gary Meyers,robert90@example.org,Palestinian Territory,2019-08-27,Standard,6747.42
4562,Frederick Jackson Jr.,ochapman@example.org,Nigeria,2022-05-20,Premium,18655.74
4563,Michael Abbott,kmurphy@example.org,Solomon Islands,2023-09-21,Premium,5726.35
4564,Kathleen Gregory,thomaslori@example.net,Maldives,2020-12-25,Basic,26572.91
4565,Andrew Smith,katherine59@example.net,Belize,2021-05-27,Premium,16044.51
4566,Diane Perry,terry53@example.net,Mayotte,2020-09-25,Standard,40081.14
4567,Michael Harris,pbrooks@example.com,Central African Republic,2020-02-12,Basic,23790.50
4568,Jennifer Collins,badkins@example.com,Bahamas,2023-05-15,Premium,5042.45
4569,Brenda Sanders,jamesmcclure@example.org,Bangladesh,2022-05-08,Basic,31706.49
4570,Kathleen Crawford,lthomas@example.net,Hong Kong,2024-01-27,Premium,7391.01
4571,Yesenia Orozco,donnaholt@example.org,France,2019-06-05,Basic,7355.59
4572,Troy Jones,brocklinda@example.org,Ecuador,2018-10-06,Standard,25717.89
4573,Ronald Lara,bruceochoa@example.com,Finland,2018-10-25,Basic,8320.16
4574,Matthew Wright,lbrown@example.net,Andorra,2022-08-21,Basic,18149.95
4575,Tamara Miller,ilozano@example.org,Saint Martin,2020-07-12,Standard,20378.93
4576,Terry Johnson,sarahwashington@example.net,Venezuela,2022-11-04,Premium,43546.37
4577,Todd Logan,aallen@example.com,Serbia,2022-06-05,Premium,9711.02
4578,Jamie Kelly,mark03@example.com,United Arab Emirates,2022-03-11,Standard,22546.43
4579,Ashley Rivera,james11@example.org,Burundi,2020-07-09,Basic,45384.64
4580,Dan Edwards,jimmywilliams@example.net,Saint Martin,2023-05-18,Basic,47474.46
4581,Cheryl Wright,harriserika@example.org,Georgia,2023-09-19,Standard,32337.44
4582,Kelly Rogers,marshalldouglas@example.com,Andorra,2019-10-07,Premium,29989.04
4583,Robert Henderson,talexander@example.org,Ghana,2021-03-24,Standard,38677.65
4584,Barbara Summers,lisa76@example.org,Botswana,2022-11-08,Basic,1642.61
4585,Sue Fisher,anna34@example.net,Burkina Faso,2018-09-29,Basic,4333.65
4586,Shawn Snow,lwright@example.net,Finland,2019-08-20,Basic,2093.43
4587,Keith Bryan,michaelestrada@example.org,Denmark,2021-02-10,Standard,14113.59
4588,Patricia Ward,shawntate@example.org,Holy See (Vatican City State),2021-10-30,Standard,41832.59
4589,Kimberly Schmidt,vargaspamela@example.net,Namibia,2024-10-15,Standard,45974.41
4590,Elizabeth Morrison,cruzjessica@example.net,Myanmar,2023-04-09,Basic,24440.60
4591,Michael Silva,mary64@example.com,Jersey,2024-08-11,Basic,28053.37
4592,Frank Allen,johnsoncharles@example.com,Chile,2024-10-14,Basic,33084.34
4593,Christopher Liu,xsimpson@example.com,Equatorial Guinea,2024-06-09,Premium,23519.47
4594,Adam Jones MD,wgeorge@example.org,British Virgin Islands,2019-01-08,Basic,24534.81
4595,Elizabeth Hayes,goodmanchristina@example.org,Jamaica,2021-11-03,Basic,25898.18
4596,Peter Benton DVM,rebeccawolfe@example.org,South Georgia and the South Sandwich Islands,2018-09-15,Standard,31493.16
4597,Mary Murray,pooletyler@example.com,Reunion,2021-01-16,Standard,29762.25
4598,Amanda Wright,qdavis@example.com,American Samoa,2020-07-22,Standard,46348.31
4599,Laurie Anderson,cruzjoseph@example.com,Gibraltar,2021-08-20,Premium,28344.14
4600,Katherine Roberts,jenniferdawson@example.net,Tunisia,2021-11-28,Standard,9673.14
4601,Calvin Hoffman,gburns@example.com,Uruguay,2021-10-04,Basic,33837.40
4602,Henry Williams,gmeyer@example.org,Guatemala,2021-02-14,Standard,29928.25
4603,John Schwartz,mary61@example.com,Israel,2020-02-11,Basic,44538.46
4604,Lauren Turner,knightrobert@example.net,Dominican Republic,2019-07-25,Basic,14821.26
4605,Jason Smith,,Cyprus,2022-01-20,Basic,27184.52
4606,Geoffrey Joyce,davidescobar@example.org,Malawi,2021-08-08,Premium,39921.73
4607,James Powell,christopherthomas@example.net,Japan,2024-07-10,Basic,8753.44
4608,Joanne Stevenson,angela69@example.com,Micronesia,2021-04-08,Basic,12426.65
4609,John Molina,fstevenson@example.net,Jamaica,2024-09-15,Basic,41536.42
4610,Amy Martin,greenjamie@example.net,Turkey,2020-01-20,Basic,40497.92
4611,Catherine Gill,hendersondean@example.org,Wallis and Futuna,2022-03-16,Premium,19642.35
4612,John Sullivan,rodriguezpeter@example.org,Sao Tome and Principe,2021-01-13,Basic,23008.05
4613,Laura Shaw,rsanchez@example.net,Andorra,2021-10-30,Premium,12810.81
4614,Heidi Reed,ysmith@example.org,China,2018-10-23,Standard,6309.02
4615,Jason Bailey,vharris@example.com,Liechtenstein,2022-03-23,Basic,49194.99
4616,James Simon,katiemeyer@example.org,Afghanistan,2018-01-14,Premium,9527.51
4617,Sheryl Massey,robinsonjulie@example.com,Costa Rica,2020-11-09,Standard,22792.55
4618,Paul Parker,jennatorres@example.net,Hong Kong,2024-03-05,Basic,41075.80
4619,Riley Anderson,kristincombs@example.org,Brazil,2023-09-25,Basic,21082.61
4620,Melissa Hernandez,maryfernandez@example.net,Tajikistan,2020-12-24,Premium,49080.72
4621,Roger Padilla,william62@example.net,Bangladesh,2023-06-29,Basic,5493.15
4622,Christina Banks,mckinneyclifford@example.org,Macao,2022-11-26,Standard,15725.78
4623,Julie Pope,pachecojason@example.com,Jamaica,2019-07-27,Premium,6233.54
4624,Darryl Curtis,timothy81@example.net,Egypt,2018-08-12,Premium,42374.02
4625,Trevor Nguyen,matthew33@example.net,Liechtenstein,2021-02-10,Premium,27469.69
4626,Michelle Contreras,vanessa03@example.com,Guyana,2021-01-04,Premium,39215.14
4627,Mark Gonzalez,kellereric@example.com,Saint Vincent and the Grenadines,2022-09-30,Premium,2092.88
4628,Ryan West,robert19@example.net,Guam,2024-05-09,Premium,591.82
4629,Robert Bowers,brianpowell@example.com,Moldova,2021-10-14,Basic,36006.64
4630,Richard Martinez,srivera@example.net,French Guiana,2021-03-10,Standard,12109.95
4631,Lindsey Mason,laurengreene@example.net,Dominica,2020-06-21,Basic,30222.70
4632,Stephanie Blankenship,murphyjoshua@example.com,Kenya,2020-12-28,Basic,17742.22
4633,Derrick Davis MD,russellmichael@example.com,Taiwan,2020-08-26,Premium,1245.41
4634,Jordan Carney,jacquelineballard@example.com,Botswana,2024-07-20,Standard,38141.33
4635,Mary Douglas,prestonsusan@example.net,Gambia,2019-12-05,Standard,10236.75
4636,Deborah Osborne,emilygarner@example.com,Saint Vincent and the Grenadines,2024-11-29,Premium,47728.22
4637,Judith Bass,eboyer@example.net,Turkmenistan,2019-01-09,Basic,37048.76
4638,Joshua Richard,colleen00@example.net,Ukraine,2021-01-09,Standard,6315.71
4639,Ann Richardson,jennifer78@example.org,Cambodia,2020-10-05,Standard,11126.58
4640,Kristy Curtis,susan93@example.com,Sri Lanka,2023-02-26,Basic,8365.56
4641,Bruce Deleon,mooresteve@example.com,Hungary,2019-12-12,Premium,14045.59
4642,Reginald Powers,hjohnson@example.com,Martinique,2018-01-13,Premium,33590.96
4643,Timothy Taylor,anthonyhodge@example.org,Vanuatu,2022-11-18,Basic,43058.67
4644,Cindy Case,hardingeric@example.net,Niger,2022-05-03,Standard,10748.05
4645,Samuel Patterson,scottblackburn@example.org,Oman,2019-02-16,Premium,20485.88
4646,Edward Wright,valeriebennett@example.com,Liberia,2022-12-25,Standard,7604.24
4647,Martin Riley,baileydonna@example.com,Liechtenstein,2022-04-24,Basic,37559.64
4648,Sara Bradford,cburns@example.com,Eritrea,2018-04-05,Basic,38276.29
4649,Jerry Burke,longjessica@example.org,Nauru,2020-04-20,Basic,24626.84
4650,Wendy Nelson,pshannon@example.net,Lithuania,2023-11-17,Standard,16171.79
4651,Daisy Guerrero,zachary86@example.net,British Virgin Islands,2023-08-07,Basic,30820.33
4652,Christopher Lewis,taylorbrittany@example.org,Jamaica,2022-12-17,Basic,10352.93
4653,Jennifer Stewart,dwaters@example.net,Antigua and Barbuda,2019-08-15,Basic,3960.11
4654,Kelli Torres,chanpaul@example.com,New Caledonia,2022-03-27,Premium,39424.69
4655,Patricia Smith,jonesbethany@example.org,Tuvalu,2020-04-28,Premium,15779.17
4656,Joanne Stone,jonathan73@example.net,Georgia,2022-07-18,Standard,12513.41
4657,Diane Richard,lorifields@example.org,Micronesia,2021-04-05,Premium,19034.26
4658,Ashley Rodriguez,stacey67@example.org,Malta,2023-04-08,Premium,34355.96
4659,Brian Haley,kelly84@example.net,Somalia,2024-04-26,Premium,32309.32
4660,Heather Jones,levybrandi@example.org,Congo,2018-09-22,Standard,35682.18
4661,Lindsay Heath,lanegabriel@example.net,Finland,2018-03-31,Standard,28625.66
4662,Christopher Cunningham,,Egypt,2022-01-12,Standard,1122.66
4663,Michelle Shelton,bprice@example.org,Norfolk Island,2022-11-23,Basic,22321.85
4664,Christopher Luna,paula13@example.com,Andorra,2022-10-04,Premium,21924.38
4665,Kristy Meyers,ipierce@example.com,France,2021-11-27,Premium,13529.17
4666,Michael Lee,dixonrick@example.org,Portugal,2020-11-30,Standard,7989.10
4667,Mary Schultz,lthornton@example.com,Sao Tome and Principe,2020-06-16,Basic,32285.95
4668,Jordan Rich,tmartinez@example.net,Belgium,2024-09-19,Basic,40526.09
4669,Autumn Walker,jonesterry@example.com,Azerbaijan,2018-05-29,Standard,18292.13
4670,Ronald Sullivan,lsnyder@example.org,Romania,2020-07-25,Premium,35384.52
4671,Robin Hansen,kathrynbaxter@example.org,Uruguay,2019-10-13,Premium,30810.95
4672,Wayne Ritter,linda40@example.com,Macao,2024-03-14,Premium,12594.52
4673,Susan Allen,clarkalexander@example.com,Liechtenstein,2023-11-22,Standard,22709.73
4674,Ashley Wiggins,josephharper@example.net,Vanuatu,2021-04-15,Premium,42939.16
4675,Franklin Christensen,zbrown@example.com,Morocco,2021-02-14,Premium,11531.52
4676,Karen Green,cody45@example.org,Korea,2021-06-30,Premium,26073.35
4677,Christopher Ramos,teresa48@example.net,Cameroon,2020-08-07,Premium,31085.14
4678,Mrs. Michelle Pena,mannlisa@example.com,Yemen,2024-06-03,Basic,39176.73
4679,Timothy Fuentes,jill73@example.org,Mayotte,2019-12-22,Standard,27442.13
4680,Angela Stevens,jill70@example.net,Heard Island and McDonald Islands,2022-09-30,Premium,11888.64
4681,Jason Glenn,walleramy@example.net,Saint Pierre and Miquelon,2020-03-11,Basic,35655.20
4682,Barry Aguilar,ryan02@example.com,Ghana,2018-10-03,Premium,13525.30
4683,Jessica Wright,julie56@example.org,Portugal,2020-01-03,Basic,6294.45
4684,Daniel Fernandez,johnhanson@example.com,Burundi,2023-03-10,Basic,38066.93
4685,Frank Brown,stewartnicole@example.com,Saint Helena,2020-01-03,Premium,26729.50
4686,Joseph Cisneros,richardnichols@example.org,Swaziland,2020-02-05,Premium,39366.73
4687,Regina Ali,stevengray@example.net,Malta,2021-08-26,Premium,38340.85
4688,Jean Martin,dcarpenter@example.net,El Salvador,2023-10-04,Premium,25095.56
4689,Dr. Christopher Mcclain,cynthiajohnson@example.net,Moldova,2018-08-21,Standard,6833.96
4690,Wyatt Harrison,sgoodwin@example.org,Isle of Man,2018-07-18,Standard,7879.88
4691,Laura Parrish,hoganeric@example.net,Montserrat,2019-06-26,Premium,43098.25
4692,Ann Bauer,sarahmiles@example.org,Malawi,2022-02-13,Basic,39179.56
4693,April Crosby,plopez@example.net,Mozambique,2023-03-10,Premium,22801.71
4694,Nicholas Pruitt,joshua54@example.org,Tajikistan,2019-03-27,Basic,12485.92
4695,Carly Ryan,christophercannon@example.org,Tuvalu,2024-10-18,Premium,3446.99
4696,James Johnson,williamjordan@example.org,Greece,2022-03-26,Premium,128.61
4697,Shelby Smith,wriley@example.net,Zambia,2023-03-03,Basic,39962.02
4698,Jeremy Simmons,fpena@example.org,Cameroon,2022-06-06,Basic,27119.30
4699,Rebecca Brown,ithompson@example.com,United States of America,2022-07-13,Basic,23384.35
4700,Jasmin Horne,kennethhughes@example.net,Pitcairn Islands,2023-10-30,Standard,39340.60
4701,Shelley Medina,andrewjackson@example.com,Mayotte,2024-06-23,Basic,41897.62
4702,Joseph Moody,randall36@example.org,Belarus,2022-07-18,Standard,26221.17
4703,David Christian,paul17@example.org,Samoa,2022-07-28,Premium,25207.31
4704,Steven Palmer,youngjared@example.com,Georgia,2023-08-09,Premium,40261.45
4705,Kaylee Patrick,fcampbell@example.net,Bermuda,2020-04-27,Premium,30029.93
4706,Zachary King,michelefrazier@example.org,Western Sahara,2022-02-14,Standard,5865.26
4707,Micheal Norris,xjenkins@example.com,Jersey,2022-08-17,Standard,18859.62
4708,Paul Thomas,michael54@example.org,French Guiana,2022-03-11,Premium,15795.80
4709,Kim Rivera,khernandez@example.com,Belarus,2020-03-24,Premium,10856.96
4710,Ashley Smith,alison10@example.com,Saint Martin,2019-08-26,Standard,43273.34
4711,Mrs. Amanda Keller,whitepedro@example.org,French Polynesia,2019-07-27,Basic,39708.65
4712,Alan Garcia,cheyenne53@example.net,Switzerland,2022-06-12,Premium,7201.53
4713,Ashley Carson,ivance@example.com,Fiji,2020-07-19,Standard,12720.71
4714,Alexander Price,sgardner@example.com,Latvia,2022-06-24,Standard,35673.22
4715,Connie Carey,jordanbrian@example.org,United States Minor Outlying Islands,2022-03-02,Premium,23218.64
4716,Brittany Lewis,michaelnewton@example.org,Kuwait,2022-08-31,Premium,12343.76
4717,Barry Buckley,navila@example.net,Holy See (Vatican City State),2019-08-20,Basic,46145.06
4718,David Hopkins,danielle06@example.com,Kenya,2021-04-25,Standard,2750.66
4719,Joshua Young,dianeparsons@example.com,Serbia,2023-03-21,Standard,44363.62
4720,Jesse Hodges,jonathan12@example.net,Uruguay,2022-11-11,Premium,29952.00
4721,Kristen Martin,erichoover@example.org,Madagascar,2021-12-24,Basic,27625.18
4722,Stephanie Jones,brandonwillis@example.net,Guinea,2018-06-15,Standard,3481.01
4723,Ryan Salas,wilsonlisa@example.com,New Caledonia,2021-09-19,Premium,15586.05
4724,Geoffrey Williams,katherine73@example.net,Burkina Faso,2023-09-07,Premium,651.70
4725,Thomas Brown,john32@example.com,Aruba,2019-02-19,Premium,37242.45
4726,Caroline King,ycervantes@example.org,Monaco,2024-04-19,Standard,3088.36
4727,Tyler Phillips,timothylong@example.com,Cote d'Ivoire,2023-09-18,Premium,31570.66
4728,Leslie Moore,jo03@example.org,Anguilla,2022-03-01,Premium,22473.10
4729,Margaret Nicholson,angela32@example.net,Pakistan,2021-09-30,Basic,23068.52
4730,Francisco Smith,molinajoseph@example.net,Malawi,2024-12-21,Standard,14317.87
4731,Mary Cook,huffdavid@example.org,United States Minor Outlying Islands,2018-07-28,Basic,29322.50
4732,John Garcia,webbkeith@example.com,Montserrat,2022-12-01,Standard,21727.07
4733,Laura Holt,qmartinez@example.net,Algeria,2023-10-07,Premium,33349.37
4734,Michael Kelly,rose86@example.com,Peru,2024-02-23,Basic,37471.97
4735,Nicole Mendoza,carol66@example.org,Kenya,2023-09-04,Premium,49932.36
4736,James Blair,melissa74@example.org,Cameroon,2019-09-21,Standard,16574.59
4737,Brian Smith,nblack@example.net,Northern Mariana Islands,2022-12-07,Basic,36154.92
4738,Ryan Anderson,adam39@example.org,Singapore,2020-12-30,Premium,7196.34
4739,James Taylor,timothy75@example.org,Portugal,2020-03-15,Premium,30882.03
4740,Jennifer Roberts,robinsonjoy@example.com,Congo,2021-02-03,Standard,11089.85
4741,Joseph Stevens,joseholland@example.org,Egypt,2018-06-30,Standard,704.53
4742,John Tanner,chelseasuarez@example.net,Denmark,2019-06-29,Premium,20976.96
4743,Connie Clark,john52@example.net,Qatar,2020-03-04,Standard,39993.64
4744,Jennifer Boyd,jacob98@example.com,Turkmenistan,2019-09-14,Standard,27398.09
4745,Michael Johnson,kinglisa@example.com,Syrian Arab Republic,2020-11-11,Premium,128.29
4746,Jordan Murphy,pharris@example.com,Togo,2018-09-29,Premium,42956.15
4747,Donald Chapman,johnstonrobert@example.net,Bangladesh,2020-12-23,Basic,24184.96
4748,Holly Conner,bailey73@example.net,Hungary,2018-09-28,Premium,23468.50
4749,Timothy Alvarado,andrew73@example.com,Mauritius,2019-11-10,Basic,24724.76
4750,Monica Davis,stonejulie@example.com,Sudan,2018-11-24,Basic,23034.35
4751,Michael Burch,ruben43@example.org,Lebanon,2021-11-04,Basic,36423.30
4752,Susan Trujillo,zstanley@example.org,Philippines,2022-03-05,Standard,47787.85
4753,Tiffany Johnston,hugheswilliam@example.org,Djibouti,2020-11-23,Basic,27972.57
4754,Eric Jones,bakermichele@example.com,Moldova,2021-09-16,Basic,33280.58
4755,Jennifer Fitzpatrick,everettpaul@example.com,Puerto Rico,2023-11-28,Premium,33420.82
4756,Ronnie Tran,marymatthews@example.org,Chad,2024-08-12,Basic,34161.81
4757,Norma Hanson,rhonda24@example.net,Zimbabwe,2024-08-29,Premium,11387.32
8586,Amy Suarez,littlekelly@example.net,Qatar,2018-04-02,Standard,24221.46
4759,Zachary Osborne,james30@example.net,South Africa,2021-09-06,Basic,15098.39
4760,Jesus Butler,morenomiguel@example.com,Lithuania,2022-07-16,Premium,47609.81
4761,Roberto Graham,jonathan14@example.net,Gambia,2021-05-15,Standard,5414.19
4762,Anthony Navarro,muellermike@example.org,Canada,2019-08-30,Basic,11258.90
4763,Scott Martinez,xedwards@example.org,Kenya,2020-06-15,Premium,23270.94
4764,Lisa Moore,kwarren@example.org,Saint Martin,2019-09-20,Premium,34899.35
4765,Mary Rivera,eric34@example.com,Namibia,2023-09-03,Standard,20690.99
4766,Laura Yang,paulabrooks@example.net,Uruguay,2022-06-26,Standard,28371.99
4767,Melissa Burnett,uwelch@example.com,Kiribati,2021-05-10,Premium,12200.46
4768,Holly Valenzuela,shuff@example.net,Saint Lucia,2024-12-27,Standard,47429.73
4769,Michael Browning,francomarcus@example.net,Samoa,2018-09-29,Standard,46313.61
4770,Heather Klein,flynnheather@example.com,Kuwait,2018-08-22,Standard,20355.64
4771,Fred Espinoza,tatedaniel@example.com,Vanuatu,2022-11-06,Premium,20769.72
4772,Alejandro Brown,michaelfinley@example.org,Aruba,2018-05-06,Standard,46885.94
4773,Curtis Garcia,dbradford@example.com,Cameroon,2019-04-30,Standard,11860.55
4774,Dr. Jeffrey Ewing,tjohnston@example.net,Portugal,2023-07-08,Standard,29462.32
4775,Jeffrey Lewis,albert42@example.net,Kuwait,2022-07-19,Standard,42487.56
4776,Nathan Rangel,jason81@example.com,United States of America,2021-03-19,Premium,30567.58
4777,Julia Taylor,melaniegonzales@example.org,Saint Pierre and Miquelon,2019-11-07,Standard,8043.68
4778,David Jones,autumnflores@example.com,Italy,2021-09-01,Basic,18904.70
4779,John Rogers,mckenziepatrick@example.com,Uganda,2018-12-06,Premium,4196.53
4780,Veronica Williams,ryansmith@example.net,United States of America,2018-02-04,Premium,27064.49
4781,Michael Warner,alvaradojack@example.org,Dominica,2023-07-11,Premium,46725.28
4782,Michael Pitts,iperez@example.org,Somalia,2019-09-15,Premium,204.15
4783,Amy Cervantes,breyes@example.com,Gibraltar,2019-12-29,Premium,6760.82
4784,Aaron Young,joshuaburton@example.net,Brazil,2022-02-11,Basic,34314.52
4785,Jennifer Cunningham,matthewhaynes@example.net,Samoa,2022-01-03,Basic,28642.66
4786,Benjamin Pierce,diazpamela@example.org,Maldives,2018-06-15,Premium,44654.70
4787,Gary Walker,walkerkimberly@example.com,Togo,2021-09-14,Premium,2043.22
4788,Taylor Valdez,vphillips@example.com,Burkina Faso,2024-07-15,Premium,49410.41
4789,Ethan Johnson,haneymichael@example.com,Luxembourg,2024-11-21,Premium,41089.35
4790,Victor Moore,barry68@example.com,Tuvalu,2020-02-27,Premium,44863.10
4791,Donna Martinez,matthewnunez@example.net,Taiwan,2023-07-02,Premium,13439.78
4792,Melissa Lawrence,sarahstewart@example.com,Nepal,2021-04-08,Basic,41858.81
4793,James Edwards,johnsondeborah@example.com,Papua New Guinea,2018-10-21,Basic,14293.80
4794,Jacob Olson,xneal@example.org,Tonga,2018-09-24,Standard,30347.77
4795,Karen Meyer,jeffery27@example.org,Ethiopia,2020-11-30,Premium,32208.85
4796,Danielle Parrish,caldwellclaudia@example.com,Jamaica,2023-10-10,Premium,24871.13
4797,Ashley Hurley,zhines@example.com,Pitcairn Islands,2020-07-05,Basic,14256.48
4798,Francisco Mays,pcarrillo@example.org,Sudan,2022-05-31,Standard,33283.93
4799,Ryan Gibbs,rwilliams@example.net,Bhutan,2023-04-21,Standard,18001.72
4800,Mrs. Debra Vazquez,brandiramos@example.net,Moldova,2023-09-16,Standard,14753.30
4801,Amanda Larsen,john48@example.net,Serbia,2022-07-01,Standard,40367.60
4802,Maria Cardenas,pachecopatricia@example.net,Bouvet Island (Bouvetoya),2020-08-21,Standard,33346.14
4803,Dr. David Luna,morrisamber@example.net,New Caledonia,2020-05-12,Premium,23118.21
4804,Erin Pena,paynejoseph@example.org,Cuba,2019-09-28,Premium,4064.71
4805,Ryan Morgan,tranjoyce@example.net,Saint Helena,2024-08-04,Premium,7469.23
4806,Gina Pollard,matthewmay@example.net,Swaziland,2023-01-13,Premium,7551.41
4807,Rita Garza,walterssuzanne@example.org,Bangladesh,2018-10-28,Standard,38541.30
4808,Michael Carroll,ijohnson@example.net,Belarus,2021-08-03,Basic,12038.78
4809,Tyler Roberts,bestes@example.com,Cambodia,2023-05-27,Standard,20553.04
4810,Brittany Jennings,ashlee36@example.org,Austria,2024-03-11,Basic,29424.77
4811,Robert Howell,brenda59@example.org,Tanzania,2020-05-09,Standard,32843.47
4812,Aaron Lane,sanchezchristian@example.com,Samoa,2022-01-31,Premium,19600.63
4813,Jason Mcdaniel,hbaldwin@example.com,India,2021-11-14,Premium,2540.72
4814,Samuel Ellison,clarkjustin@example.net,Nigeria,2020-10-29,Standard,9409.47
4815,Anthony Young,groberts@example.com,Faroe Islands,2023-08-01,Standard,32950.64
4816,Joseph Thomas,james22@example.org,Angola,2022-06-17,Basic,43142.46
4817,Charles Nelson,gcruz@example.org,Isle of Man,2023-01-16,Premium,40807.48
4818,Daniel Delacruz,lisa57@example.com,Gibraltar,2022-09-26,Basic,15807.94
4819,Barbara Reese,melissa39@example.org,Georgia,2024-05-09,Basic,9279.70
4820,Amanda Robinson,cynthia42@example.net,Northern Mariana Islands,2019-11-04,Standard,20848.47
4821,Joseph Cunningham,lawrencealexis@example.net,Hungary,2023-06-18,Standard,7493.57
4822,Louis Thompson,dpatrick@example.com,Portugal,2019-07-29,Premium,25687.94
4823,David Ryan,draketheodore@example.org,United Kingdom,2023-07-22,Standard,45374.61
4824,Joseph Austin,tammy78@example.net,Slovakia (Slovak Republic),2020-01-10,Standard,2018.61
4825,Candace Hayden,patriciasmith@example.com,Luxembourg,2018-02-07,Basic,18100.30
4826,William Fisher,michael02@example.net,Hungary,2021-11-05,Basic,18713.89
4827,Laura Adams,kimberlyestrada@example.com,Bhutan,2018-01-12,Premium,24191.64
4828,Sara Campbell MD,johnsonjay@example.org,Saint Pierre and Miquelon,2023-08-15,Premium,10631.98
4829,Samantha Reynolds,kburch@example.net,Australia,2021-09-23,Basic,32967.42
4830,Jennifer Tucker,thomas20@example.net,Vanuatu,2023-08-31,Standard,26590.37
4831,Matthew Brown,arnoldwilliam@example.org,Saint Vincent and the Grenadines,2023-12-06,Basic,30661.94
4832,Justin Long,daysergio@example.net,Lebanon,2024-11-12,Premium,21803.39
4833,Nicole Newman,michelleburgess@example.com,Cambodia,2018-06-11,Standard,48210.71
4834,Daniel Perez,dennisanderson@example.com,Lesotho,2024-08-17,Basic,14580.64
4835,Christopher Bryant,sean50@example.org,Botswana,2023-02-13,Premium,14295.83
4836,Kelly Wiley,christopherwalls@example.com,Malta,2018-03-15,Standard,29507.08
4837,Zachary Perez,olopez@example.net,Sweden,2018-09-15,Standard,41494.68
4838,Ralph Burns,gregory04@example.com,Greenland,2022-09-06,Standard,45713.85
4839,Lori Wilkerson,miguelshaw@example.net,Georgia,2024-10-29,Basic,11624.17
4840,John Gilmore,feliciathompson@example.com,Dominican Republic,2021-07-14,Basic,11222.69
4841,Mark Hernandez,lance16@example.net,Papua New Guinea,2020-12-20,Standard,44586.51
4842,Kara Clements,creese@example.net,Korea,2018-06-08,Premium,33454.77
4843,Rebecca Meyer,alewis@example.net,Uruguay,2024-07-01,Standard,19801.15
4844,Danny Andrews,kimberly59@example.org,Romania,2018-01-18,Basic,11538.12
4845,Ashley Castro,othompson@example.com,Norfolk Island,2020-06-27,Standard,12025.10
4846,Malik Murray,bfreeman@example.org,Iran,2018-01-10,Standard,2483.41
4847,Kathy Casey,wware@example.com,Seychelles,2018-11-08,Standard,26809.36
4848,Terri Humphrey,thudson@example.com,Micronesia,2024-02-17,Standard,915.54
4849,Brittany Grimes,andrewpierce@example.net,British Virgin Islands,2021-06-08,Basic,33199.38
4850,Alvin Newton,williamrussell@example.com,Nepal,2023-07-28,Basic,10749.39
4851,Clarence Miller,vmorris@example.org,El Salvador,2024-03-12,Standard,39005.77
4852,Pamela Juarez,ogriffin@example.net,Slovenia,2020-08-19,Standard,28081.66
4853,Regina Beck,smithjoseph@example.com,Malaysia,2021-09-07,Premium,27298.66
4854,Stephanie Nelson,timothynunez@example.net,French Polynesia,2020-03-31,Premium,34285.69
4855,Michelle Lawrence,thenderson@example.net,Brunei Darussalam,2018-11-23,Standard,32377.46
4856,Rose Gonzalez,dodsonmichael@example.com,British Virgin Islands,2023-05-20,Premium,5063.05
4857,Brittney Rivera,denisehancock@example.com,Costa Rica,2020-11-23,Premium,32907.11
4858,Cynthia Hall,rford@example.com,Pitcairn Islands,2020-11-19,Standard,8176.89
4859,Mr. David Bowen,paulwhitaker@example.com,Martinique,2022-10-13,Premium,36485.17
4860,Erica Clark,smithjeanne@example.net,Kazakhstan,2022-01-20,Premium,38278.13
4861,Dawn Ruiz,rjones@example.net,Cocos (Keeling) Islands,2021-03-28,Standard,49894.47
4862,Amanda Kramer,bentleyvickie@example.net,Argentina,2024-02-26,Basic,3522.63
4863,Mr. James Clay,fmunoz@example.net,Faroe Islands,2019-09-30,Premium,42666.21
4864,Riley Hurst,stevenskaren@example.org,French Guiana,2018-01-14,Premium,3392.52
4865,Isabella Henderson,kimberlymoss@example.org,Cape Verde,2021-01-11,Premium,5757.20
4866,Craig Conrad,jennifer55@example.net,Kiribati,2023-01-23,Standard,6159.81
4867,Stacy Burns,jessica78@example.org,San Marino,2023-12-30,Standard,25587.90
4868,Jonathan Mills,deniseevans@example.com,Tajikistan,2023-05-26,Basic,30756.86
4869,Travis Perry,whitenicholas@example.com,New Zealand,2018-12-08,Standard,39471.10
4870,Rachel Harris,psantiago@example.org,Sierra Leone,2021-12-17,Premium,19455.25
4871,Casey Hayden,scook@example.com,Equatorial Guinea,2020-02-15,Basic,47252.54
4872,Sean Johnson,bryce95@example.com,Tuvalu,2018-03-16,Basic,40238.33
4873,Claudia Smith DDS,peterdawson@example.org,Somalia,2018-12-20,Premium,8198.38
4874,Heather Jones MD,vdixon@example.net,Tanzania,2021-11-02,Premium,26152.13
4875,Shelby Combs,davisjoyce@example.com,Serbia,2023-12-31,Premium,23986.65
4876,Nicole Russo,qgoodman@example.net,Egypt,2021-12-10,Premium,17075.02
4877,Holly Moore,kathylarson@example.net,San Marino,2022-05-14,Standard,5268.11
4878,Jessica Harrison,cookkenneth@example.net,Myanmar,2023-09-30,Standard,10696.76
4879,Amanda Davis,heathermora@example.com,New Caledonia,2020-02-18,Basic,31910.71
4880,Tara Nguyen,terrieverett@example.org,Australia,2024-07-29,Basic,34898.00
4881,Laura Robinson,lewisdavid@example.net,Montserrat,2020-07-17,Basic,46696.43
4882,Robert Fisher,calebhamilton@example.net,Tanzania,2023-07-18,Basic,38564.87
4883,Angela Porter,steelejudy@example.org,Malta,2022-05-06,Standard,32162.12
4884,Michael Lucas,bowenmichael@example.com,Sao Tome and Principe,2020-03-26,Premium,1915.34
4885,Jeffrey Huerta,matthew92@example.org,Cyprus,2020-02-10,Premium,28589.87
4886,Heidi Anderson,angela06@example.org,Albania,2018-03-12,Basic,46702.61
4887,Brittany Hernandez,charlenewalker@example.org,Guinea-Bissau,2021-10-19,Standard,37511.66
4888,Kimberly Gonzales,ugarcia@example.org,Guernsey,2018-01-31,Standard,43114.14
4889,Linda Ortiz,aharding@example.net,Papua New Guinea,2018-12-16,Premium,42166.82
4890,Omar Adams,erica50@example.com,Poland,2024-09-01,Basic,28114.47
4891,Joseph Garcia,leblancdavid@example.net,Yemen,2019-04-23,Basic,6874.94
4892,Michael Fox,michaeltimothy@example.com,Saint Vincent and the Grenadines,2023-07-18,Basic,49807.17
4893,Timothy Bell,burgessmatthew@example.org,Pakistan,2021-10-27,Premium,31284.83
4894,Joseph Rodriguez,ftucker@example.com,El Salvador,2018-05-14,Basic,15921.64
4895,Mr. Daniel Schmidt DDS,ybennett@example.net,French Polynesia,2021-07-02,Basic,41126.01
4896,Gary Boyle,kevinwallace@example.com,Samoa,2021-04-16,Premium,42946.98
4897,Valerie Gonzalez,jray@example.org,South Africa,2018-08-13,Standard,33274.70
4898,Melissa Gillespie,waynejensen@example.org,Guatemala,2019-07-15,Basic,12988.24
4899,Daniel Roberts,usanchez@example.org,Gibraltar,2022-04-04,Premium,14105.34
4900,Ashley Roberts,rebekah04@example.com,Bulgaria,2022-08-15,Premium,48758.96
4901,Allison Mendoza,emartin@example.com,Guinea,2022-01-30,Premium,24964.52
4902,Katelyn Young,kgray@example.net,Sao Tome and Principe,2021-05-13,Standard,1234.34
4903,Emily Wilson,gonzaleskenneth@example.net,Djibouti,2021-03-13,Standard,9320.33
4904,Jacob Mendez,alexandria48@example.net,Nepal,2019-01-17,Premium,46577.37
4905,Hannah Pena,shawn31@example.net,New Zealand,2024-10-05,Basic,42593.34
4906,Tina Baker,bbrown@example.org,Tanzania,2022-01-24,Premium,4848.35
4907,Catherine Mendoza,rwoods@example.org,Kazakhstan,2020-12-18,Standard,15983.76
4908,Angela Walker,zachary75@example.com,United Kingdom,2019-05-22,Premium,28862.93
4909,Rachel Lowery,reillykatelyn@example.net,Latvia,2024-07-12,Premium,11652.82
4910,Johnathan Harrell,davidlopez@example.net,Armenia,2021-02-06,Standard,42089.21
4911,Alyssa Brown,floresmichael@example.org,Kazakhstan,2024-03-03,Basic,45657.36
4912,Frank Diaz,morrisashley@example.net,Czech Republic,2018-11-23,Basic,27491.93
4913,Timothy Roberts,michelestevenson@example.com,Bosnia and Herzegovina,2024-06-22,Basic,27348.62
4914,Mrs. Cynthia Pace,hamptonkathryn@example.com,Dominica,2024-03-12,Basic,14947.55
4915,Shawn Lee,cheyenne75@example.net,Paraguay,2022-07-12,Premium,15663.42
4916,Laura Bright,williamcross@example.org,Nepal,2022-09-18,Premium,32929.09
4917,Aaron Henry,ugallagher@example.net,Latvia,2021-01-07,Basic,2697.47
4918,Shannon Thomas,djoyce@example.com,Egypt,2018-10-09,Premium,47454.29
4919,Timothy Bryant,mikaylabruce@example.com,Anguilla,2024-08-06,Premium,5430.75
4920,Mary Forbes,sarah00@example.net,Norway,2023-05-08,Premium,23514.23
4921,Zachary Stanley,mpadilla@example.com,Cayman Islands,2022-01-19,Standard,27144.02
4922,Stephanie Daniel,parksandre@example.com,New Zealand,2020-12-18,Premium,29583.61
4923,Christopher Herring,ckelly@example.net,Cayman Islands,2024-04-17,Premium,4192.24
4924,James Smith,emily56@example.com,British Indian Ocean Territory (Chagos Archipelago),2019-11-21,Premium,32459.44
4925,Jeremy Harris,zmartin@example.net,Germany,2024-05-19,Basic,43347.94
4926,Michelle Garza,glambert@example.net,Macao,2018-03-10,Standard,10999.05
4927,Johnny Joseph,hannahdrake@example.com,Congo,2019-06-03,Premium,36919.30
4928,Gina Sims,samuelrobinson@example.net,Yemen,2023-09-19,Premium,49483.38
4929,Randy Yang,baileylauren@example.org,Ireland,2018-01-22,Basic,26196.46
4930,Joan Brown,amandastewart@example.net,Ecuador,2021-01-24,Basic,39753.58
4931,Rachael Clayton,timothyblackburn@example.com,Czech Republic,2020-02-08,Standard,27423.43
4932,Shawn Hawkins,danielgood@example.net,Montserrat,2018-09-01,Standard,10629.28
4933,Bradley Kennedy,ballen@example.net,Congo,2022-05-11,Premium,41268.77
4934,Sandra Rice,arthurhansen@example.net,Uruguay,2021-04-13,Standard,6896.90
4935,Vanessa Coleman,hendersonfernando@example.net,Indonesia,2024-08-16,Standard,45546.24
4936,Melvin Williams,xwells@example.com,Mongolia,2021-03-24,Standard,12526.63
4937,Richard Moss,kelly05@example.net,Saudi Arabia,2019-05-26,Basic,21069.19
4938,Stacy Olson,michaelsmith@example.org,Christmas Island,2024-10-15,Standard,172.49
4939,Roger Goodman,johnsonamber@example.com,Sri Lanka,2019-04-15,Standard,29577.79
4940,Jermaine Clark,wgordon@example.com,Slovenia,2020-11-02,Basic,6496.73
4941,Chase Fox,keithwilson@example.com,Belize,2020-01-26,Basic,29052.19
4942,Richard Moss,bethany16@example.com,American Samoa,2020-10-16,Premium,35582.30
4943,Barbara Miranda,millercynthia@example.net,Hong Kong,2020-08-03,Premium,37269.52
4944,Ann Wong,bushscott@example.net,Guinea-Bissau,2018-10-23,Basic,19796.47
4945,Andrew Calderon,andrea08@example.net,Burundi,2020-06-12,Standard,47974.05
4946,John Sullivan,mcintoshpatrick@example.net,Somalia,2024-06-11,Premium,32627.46
4947,David Kim,jocelyn80@example.net,Czech Republic,2019-03-30,Basic,786.62
4948,Jennifer Hart,icarter@example.org,Gabon,2019-03-15,Standard,10396.04
4949,Ray Hendricks,washingtonalexandria@example.org,Dominica,2019-08-15,Premium,36243.28
4950,Richard Mejia,jorgelucas@example.net,Norfolk Island,2019-05-20,Standard,16323.07
4951,Jennifer Park,townsendjessica@example.com,Guinea-Bissau,2022-08-11,Standard,33010.06
4952,Terry Mckinney,nelsonteresa@example.net,Mexico,2021-01-31,Standard,33189.67
4953,Kimberly Doyle,uchen@example.org,Gabon,2019-08-21,Premium,19521.63
4954,Kenneth Rodriguez,lwilliams@example.net,Western Sahara,2020-02-10,Basic,42919.87
4955,Benjamin Summers,claytara@example.net,United States Minor Outlying Islands,2020-09-21,Standard,24496.78
4956,Courtney Smith,noah12@example.net,Bhutan,2021-01-26,Standard,2541.78
4957,Brian King,sara62@example.com,Kazakhstan,2018-01-13,Standard,23232.77
4958,Christopher Bailey,crodriguez@example.com,Nauru,2018-09-09,Premium,37441.38
4959,Jennifer Townsend,kristinraymond@example.net,Guinea,2023-11-18,Standard,10271.61
4960,Rebecca Fowler,tracy50@example.net,Bahamas,2019-03-29,Standard,7120.82
4961,Maria Jensen,owilson@example.net,Cyprus,2021-02-18,Premium,21365.00
4962,George Crawford,rjohnson@example.org,Hong Kong,2018-02-26,Standard,39306.19
4963,Samantha Baker,seth65@example.org,Thailand,2023-12-10,Premium,29365.57
4964,Ralph Wood,wgreen@example.net,Palestinian Territory,2021-11-25,Standard,32248.08
4965,Mackenzie Greene,srodgers@example.net,Heard Island and McDonald Islands,2023-01-15,Premium,34452.70
4966,Matthew Combs,conleysarah@example.com,Moldova,2021-02-02,Standard,48179.06
4967,Kurt Washington,mtaylor@example.org,Sudan,2021-01-09,Premium,24069.48
4968,Cheryl Wright,vgalvan@example.org,Georgia,2022-11-30,Premium,955.57
4969,Ruth Santiago,bushtodd@example.net,Philippines,2020-08-18,Basic,24346.54
4970,Jeffrey Kirk,adam26@example.net,British Virgin Islands,2020-06-15,Basic,25533.92
4971,Corey Moore,matthew18@example.org,Cambodia,2019-08-16,Premium,13457.02
4972,Jessica Hernandez,clarkjonathan@example.org,Tokelau,2022-02-27,Basic,12815.08
4973,Haley Kirby,joshua25@example.org,Tonga,2019-02-09,Standard,43113.92
4974,Mr. James Weaver,dixonjoshua@example.net,Uzbekistan,2023-10-17,Standard,37345.51
4975,Adam Moore,hernandezjacob@example.com,Antigua and Barbuda,2018-03-25,Premium,28401.08
4976,Cathy Montgomery,gmoreno@example.net,Slovenia,2019-03-15,Premium,44948.91
4977,Jason Moore,johnjohns@example.org,Kiribati,2020-10-29,Premium,37911.07
4978,Nathan Gonzales,vmacias@example.net,South Africa,2024-03-27,Basic,28763.24
4979,Becky Walters,kathryn87@example.net,Romania,2023-12-11,Premium,31413.21
4980,Edward Parks,joseph93@example.org,Cook Islands,2023-12-05,Premium,7539.91
4981,Gregory Dyer,vanessacalderon@example.com,Ireland,2018-03-22,Standard,38447.81
4982,Michelle Munoz,browningmark@example.com,Pakistan,2024-03-18,Standard,28440.76
4983,Jeffrey Mason,anthonyjones@example.org,United Arab Emirates,2018-01-06,Standard,9751.61
4984,Paula Sawyer,acole@example.com,Ecuador,2019-03-21,Basic,15386.27
4985,Thomas Spencer,jaimegarcia@example.com,South Africa,2022-10-07,Standard,34831.74
4986,Teresa Chandler,garciarichard@example.net,Svalbard & Jan Mayen Islands,2021-01-18,Basic,10053.39
4987,David Taylor,meltonmonica@example.org,Macao,2022-07-05,Basic,42111.31
4988,Melissa Rocha,stephanie11@example.com,Falkland Islands (Malvinas),2024-09-30,Basic,28244.70
4989,Mary Allen,gstephens@example.com,Libyan Arab Jamahiriya,2019-01-29,Standard,23645.54
4990,Robert Dalton,smithnicholas@example.com,American Samoa,2020-03-14,Premium,16303.28
4991,Sarah Young,sgomez@example.com,Argentina,2021-10-08,Standard,23622.05
4992,Jennifer Zhang,lisacollins@example.com,Micronesia,2020-09-14,Basic,16738.12
4993,Bonnie Fitzpatrick,daniel82@example.com,Norway,2020-07-21,Standard,47879.34
4994,Ricky Sanchez,mosesdavid@example.org,Marshall Islands,2018-03-09,Basic,3905.79
4995,Billy Delacruz,bleblanc@example.com,Burkina Faso,2024-05-03,Premium,11642.09
4996,Stacey Brown,lday@example.com,Marshall Islands,2018-06-29,Premium,23407.44
4997,Timothy Williams,robertdavis@example.com,Moldova,2024-01-01,Basic,3722.94
4998,Megan Martin,bobby37@example.org,Austria,2024-02-25,Standard,35949.71
4999,Valerie Miller,karen90@example.org,Niger,2020-06-23,Basic,10805.23
5000,Steven Moore,petersonkrystal@example.net,India,2022-02-28,Premium,1927.13
5001,Robert Olson,traciwalls@example.com,France,2018-02-17,Basic,20516.00
5002,Erin Delgado,bryanjackson@example.org,Martinique,2021-02-22,Basic,29472.45
5003,Gary Thompson,geraldandrews@example.net,Philippines,2023-01-17,Premium,4764.80
5004,Randy Scott,phillipsemily@example.net,Egypt,2020-08-27,Basic,6027.08
5005,Tiffany Orozco,xtownsend@example.com,Dominica,2020-10-22,Basic,26890.87
5006,Katie Morales,michael47@example.net,Austria,2020-09-14,Premium,23853.02
5007,Robert Guerra,jilladams@example.com,Cuba,2021-02-08,Basic,8435.18
5008,William Houston,timothybell@example.net,Pakistan,2018-01-27,Standard,40871.56
5009,Alan Decker,amy87@example.com,Argentina,2020-06-05,Standard,44384.67
5010,Patrick Adkins,williamsonbrian@example.org,Brazil,2019-02-14,Premium,25234.65
5011,Charles Mccoy,leonkatie@example.net,Romania,2020-07-28,Basic,13955.73
5012,Diane Clark,drakenicholas@example.com,Mozambique,2022-10-16,Basic,17513.04
5013,Albert Williams,richard19@example.net,Cook Islands,2022-01-01,Standard,27858.71
5014,Tamara Murphy MD,ljackson@example.com,Austria,2019-11-04,Premium,36971.14
5015,Christine Fritz,david66@example.org,Djibouti,2024-05-30,Premium,33398.20
5016,Brandon Williams,jamessmith@example.com,Belize,2020-02-28,Premium,41133.47
5017,Barbara Bauer,leslie40@example.com,Serbia,2020-08-17,Basic,2355.69
5018,Maxwell Armstrong,spencercarly@example.net,Algeria,2020-01-05,Premium,41381.15
5019,Ronald Cervantes,zwise@example.org,Northern Mariana Islands,2020-03-20,Premium,14820.50
5020,Robert Cuevas,carly17@example.com,Dominican Republic,2018-09-08,Basic,22528.40
5021,Dennis Allen,hernandezjacob@example.net,Slovenia,2024-12-08,Premium,1671.40
5022,Karen Davis,vperry@example.com,Angola,2020-04-16,Standard,31393.82
5023,Kevin Rasmussen,nicole77@example.com,Belgium,2021-05-12,Basic,21647.94
5024,Lauren Richardson,jimenezjames@example.org,Rwanda,2018-09-17,Premium,23739.13
5025,Michael Conrad PhD,rbenson@example.com,Central African Republic,2018-02-01,Premium,18789.33
5026,Bryan Rose,moralesjessica@example.org,Bolivia,2023-12-24,Premium,34253.54
5027,Brian Glenn,davisjonathan@example.net,Estonia,2022-09-18,Premium,4332.88
5028,Edward Shaffer,virginia46@example.com,Cuba,2019-10-08,Premium,3753.33
5029,Michael Harris,leblanctheodore@example.net,Estonia,2022-08-28,Premium,21787.46
5030,Steven Smith,umorales@example.com,United Kingdom,2019-11-12,Standard,35713.48
5031,Mary Daniels,ayang@example.org,Equatorial Guinea,2024-03-23,Basic,26590.20
5032,Bryan Hooper,fitzpatrickrichard@example.org,Kyrgyz Republic,2024-08-20,Basic,49221.94
5033,Brian Santos,wilsonemily@example.com,Croatia,2023-01-30,Premium,41455.90
5034,Shannon Ortega,gibsonanthony@example.org,Ghana,2024-08-31,Basic,33059.78
5035,James Friedman,bgreen@example.org,Montenegro,2020-06-02,Standard,21301.83
5036,Raymond Santos,kelly26@example.net,Azerbaijan,2024-11-07,Standard,14030.85
5037,Shelley Tran,melissajones@example.com,Trinidad and Tobago,2020-12-01,Basic,10785.94
5038,Devon Barker,susan11@example.com,Turkey,2018-03-24,Premium,20350.23
5039,Mrs. Dorothy Foster MD,renee82@example.org,Denmark,2022-03-19,Basic,23296.93
5040,Amy Coleman,david11@example.com,Uruguay,2019-01-08,Basic,5855.84
5041,Jennifer Walker,corey59@example.org,Dominica,2019-06-04,Premium,11563.92
5042,Michael Myers,calvinmolina@example.com,Jamaica,2023-12-26,Premium,28047.24
5043,Cole Schaefer,pottskaren@example.com,Mozambique,2022-06-05,Basic,29075.05
5044,Alexandra Johnson,debbie41@example.org,Portugal,2019-07-08,Premium,25945.93
5045,Karen Kidd,velazquezdarlene@example.com,Norway,2024-01-17,Premium,39967.25
5046,Stephen Allen,shermanalexander@example.com,Mayotte,2020-09-12,Premium,25469.96
5047,Melinda Fowler,rray@example.net,Gibraltar,2024-10-21,Basic,44232.61
5048,James Rodriguez,traceyhill@example.net,Peru,2020-09-16,Basic,27658.64
5049,Scott Ramirez,tracy73@example.org,Ethiopia,2021-10-21,Basic,26924.57
5050,Jacqueline Pena,wwright@example.net,Lesotho,2020-11-29,Standard,16670.59
5051,Maurice Shaw,eric53@example.org,Papua New Guinea,2019-07-12,Premium,2296.53
5052,Michaela Robles,brandon09@example.org,Lebanon,2023-07-03,Premium,7071.65
5053,Thomas Wilson,christine89@example.net,Kiribati,2020-06-22,Basic,31848.84
5054,Albert Oliver,annettemurphy@example.net,Wallis and Futuna,2023-10-23,Premium,31279.52
5055,Kyle Webb,wayneschmidt@example.com,Saint Lucia,2018-10-20,Standard,36073.90
5056,James Williams,joyceobrien@example.net,Uganda,2024-02-18,Premium,36913.28
5057,Billy Case,davismichael@example.com,Argentina,2021-08-11,Standard,8315.27
5058,Michelle Nielsen,fthompson@example.net,Oman,2021-02-05,Standard,1595.01
5059,Lisa Dixon,longlauren@example.org,Serbia,2018-02-17,Premium,38787.68
5060,Tyler Underwood,vzuniga@example.net,Burundi,2018-04-10,Basic,1614.34
5061,Brittany Mckenzie,jasonsosa@example.org,Greenland,2021-08-13,Premium,37902.17
5062,Jonathan Reed,aprilcooper@example.com,British Virgin Islands,2024-07-27,Premium,4223.37
5063,Michael Lyons,christopher42@example.com,Palau,2020-02-19,Standard,47659.12
5064,Chelsea Harris,fhall@example.com,Cocos (Keeling) Islands,2019-02-07,Standard,39204.12
5065,Ashley Huang,alexanderking@example.org,Kazakhstan,2024-01-17,Basic,18639.82
5066,Stephanie Green,debra71@example.net,Russian Federation,2024-10-13,Premium,35989.35
5067,Briana Williams,wendy25@example.org,Zambia,2021-12-18,Standard,19014.35
5068,Margaret Meadows,michael87@example.com,New Caledonia,2019-04-17,Basic,32315.79
5069,Michelle Walker,emily27@example.org,Kuwait,2021-04-11,Standard,8047.80
5070,Jordan Walker,hendersonerin@example.org,Brunei Darussalam,2024-02-14,Premium,30057.38
5071,Angela Flores,kellerdana@example.org,Palau,2024-06-18,Basic,23891.24
5072,Brian Alvarez,nathanhubbard@example.org,Christmas Island,2023-07-05,Basic,45521.65
5073,Jennifer Ray,jennifer12@example.org,Burundi,2018-11-10,Premium,8868.68
5074,Beth Perez,rebeccagrant@example.org,Malta,2021-03-29,Basic,31120.58
5075,Stacey Dalton,xbrown@example.net,Morocco,2018-06-23,Standard,19034.32
5076,Kevin Bass,timothyriggs@example.com,Monaco,2018-06-15,Basic,21791.03
5077,Tina Harris,daviddodson@example.org,Jamaica,2018-04-18,Premium,30000.66
5078,Natalie Lopez,hbanks@example.org,Niger,2018-01-12,Basic,13138.14
5079,Linda Griffin MD,charlescole@example.net,Gabon,2020-10-03,Standard,17333.07
5080,Kyle Hansen,ambergonzalez@example.net,Fiji,2021-10-30,Premium,18137.19
5081,Mrs. Natalie Hall,davislaura@example.com,Bahamas,2023-10-15,Standard,26548.76
5082,Laura Foster,megan54@example.org,Kazakhstan,2022-07-18,Standard,28193.78
5083,Sonya Smith,robin55@example.net,Western Sahara,2020-08-23,Standard,7548.73
5084,Beverly Harris,andrea11@example.net,Antarctica (the territory South of 60 deg S),2021-01-08,Basic,11469.45
5085,Roberta Cunningham,zacharymorris@example.org,Saint Lucia,2021-08-10,Standard,33100.06
5086,Diana Olson,suzannerobertson@example.net,Guinea,2022-02-08,Standard,41096.75
5087,Benjamin Watson,craig33@example.net,Antigua and Barbuda,2024-06-20,Standard,36507.02
5088,Alan Jenkins,qbrown@example.net,Iran,2024-03-13,Basic,2064.86
5089,Taylor Davis,higginsheidi@example.org,Nauru,2023-04-09,Premium,20395.92
5090,Patrick Johnson,tracybarber@example.org,Equatorial Guinea,2020-09-11,Standard,30144.92
5091,Crystal Vasquez,kaufmanalan@example.org,Libyan Arab Jamahiriya,2024-11-20,Basic,23055.18
5092,Marissa Johnson,cochranbeverly@example.org,Ukraine,2021-12-25,Premium,38641.09
5093,William Watson,brandonthomas@example.org,India,2023-11-24,Premium,6375.76
5094,Devin Beltran,david68@example.com,Venezuela,2018-09-06,Standard,40119.49
5095,Charles Koch,bruce65@example.org,Morocco,2019-05-17,Standard,12715.47
5096,Allison Moran,patrickherman@example.com,Nigeria,2023-12-06,Premium,44521.23
5097,Beverly Olsen,rebeccaadkins@example.org,Nigeria,2023-12-08,Basic,348.09
5098,Joshua Stanley,boonelee@example.net,Gibraltar,2020-11-25,Basic,8954.51
5099,William Garcia,zryan@example.net,Estonia,2023-04-25,Standard,44034.65
5100,Jeffrey Bean,vduarte@example.net,Saint Helena,2020-10-16,Basic,9773.42
5101,Angela Daniel,kelly20@example.com,Eritrea,2020-02-08,Basic,32422.35
5102,Tyler Ward,beltransamantha@example.net,Papua New Guinea,2022-06-26,Standard,12187.14
5103,John Benitez,elliottgrant@example.org,Saint Lucia,2018-09-26,Premium,34862.56
5104,Jonathan Stewart,austinpollard@example.org,Czech Republic,2024-12-10,Basic,14828.04
5105,Sharon Miller,baileycrystal@example.org,Iceland,2019-12-01,Basic,28613.88
5106,Alicia Jones,krista46@example.com,Georgia,2021-06-13,Standard,14949.58
5107,Abigail Williams,prestonbenjamin@example.com,Rwanda,2018-03-26,Premium,43984.36
5108,Samuel King,ycruz@example.org,French Polynesia,2019-06-19,Standard,36140.25
5109,Kimberly Alexander,michaelsmith@example.net,Mozambique,2023-12-05,Standard,10772.33
5110,Shannon Foster,lesliehenderson@example.org,Congo,2021-06-22,Standard,4200.20
5111,Melissa Morrison,daviswilliam@example.org,Papua New Guinea,2018-06-17,Standard,14652.10
5112,Rebecca Cruz,erinwatson@example.net,Peru,2022-05-16,Premium,17798.34
5113,Keith Guzman,john50@example.com,Trinidad and Tobago,2022-03-11,Standard,43327.05
5114,Sarah Parsons,charles64@example.com,Zambia,2018-06-23,Premium,20223.63
5115,Shannon Arellano,xhumphrey@example.org,Niue,2020-07-27,Basic,33819.97
5116,Victor Perez,jackiemartinez@example.com,Iran,2021-10-24,Basic,34190.85
5117,Christopher Parker,ggarcia@example.com,Uruguay,2021-04-18,Premium,47965.00
5118,James Barnes,kathleen89@example.org,El Salvador,2018-04-06,Basic,4321.88
5119,Angela Beck,jacobkline@example.org,Tonga,2022-03-26,Standard,20618.46
5120,Robert Allen,rchen@example.net,Pitcairn Islands,2021-02-20,Standard,25697.71
5121,Patricia Mahoney,kimberlyellis@example.net,Greece,2023-12-13,Basic,45822.10
5122,Anna Villarreal,teresa94@example.org,Tuvalu,2018-04-03,Premium,36565.93
5123,Matthew Cruz,penny39@example.org,Norway,2022-02-17,Premium,27848.91
5124,Kristina Cameron,pcastro@example.com,Sao Tome and Principe,2023-08-14,Basic,9004.89
5125,James Little,qbarnes@example.net,Latvia,2021-02-02,Standard,36302.18
5126,Jodi Williams,joshuahernandez@example.org,Mongolia,2019-07-04,Standard,30543.75
5127,Joshua Martinez,melaniearmstrong@example.com,Kenya,2018-09-10,Basic,34444.04
5128,Jimmy Coleman,smolina@example.net,Belgium,2018-06-03,Standard,34372.69
5129,Lindsay Shannon,oscarking@example.com,Morocco,2018-08-24,Standard,12016.97
5130,Lisa Wilson,fhancock@example.org,Marshall Islands,2020-06-04,Premium,48489.62
5131,Jennifer Mathews,barbara05@example.net,Jordan,2021-12-25,Premium,41443.43
5132,Christy Vance,qwashington@example.com,Togo,2020-11-21,Basic,15822.18
5133,Jeremy Church,nelsonmichael@example.com,Tanzania,2019-05-16,Standard,36449.71
5134,Theresa Brown,wendy01@example.com,Heard Island and McDonald Islands,2019-08-03,Premium,4593.88
5135,Dawn Campbell,stephen52@example.com,Iceland,2024-09-23,Standard,26357.95
5136,Cindy Green DVM,michael57@example.com,Western Sahara,2019-05-22,Basic,2511.68
5137,Nicole Ortiz,mariavaughn@example.org,Afghanistan,2020-03-24,Premium,29706.55
5138,Victoria Johnson,stephanie07@example.org,Latvia,2020-03-21,Standard,10917.43
5139,Julie Rice,thomasarmstrong@example.net,Madagascar,2022-07-17,Basic,16218.71
5140,Kathleen Arroyo,mckenzie26@example.com,Angola,2020-07-13,Premium,44130.90
5141,Timothy Shepherd,frenchjacob@example.com,Jordan,2018-05-23,Basic,3934.35
5142,Elizabeth Weaver,james50@example.org,Liberia,2018-12-10,Basic,38091.54
5143,Jennifer Garcia,jeffrey77@example.net,Malta,2023-07-28,Standard,49571.96
5144,Donald Rodriguez,anne19@example.org,Iceland,2019-01-26,Standard,48040.92
5145,Michael Perkins,bondglenda@example.org,Guam,2022-07-26,Basic,36042.27
5146,Hailey Garcia,baileychloe@example.net,Bahamas,2023-11-19,Premium,632.53
5147,Mr. Daniel Mendoza,smithbryan@example.org,Saudi Arabia,2020-01-28,Premium,41035.41
5148,Elizabeth Mclaughlin,thomasstacey@example.com,French Southern Territories,2018-05-01,Basic,5426.61
5149,Ronald Reynolds,katherineramirez@example.com,Bolivia,2022-08-27,Premium,27532.05
5150,Ann Gray,rebecca91@example.org,Oman,2024-09-12,Basic,46223.89
5151,Laura Turner,benjamin11@example.net,Cape Verde,2020-09-28,Basic,18926.83
5152,Wendy Bullock,ryan59@example.com,Bhutan,2023-04-19,Basic,35171.65
5153,Martha Johnson,margarethart@example.net,Bahamas,2020-12-16,Basic,14254.09
5154,Lindsey Cruz MD,qlucas@example.org,Cuba,2024-09-07,Premium,48022.39
5155,Tammy Wilcox,jenniferhoward@example.net,Samoa,2022-08-29,Premium,44125.84
5156,Donna Moore,paul77@example.org,Gambia,2020-05-25,Standard,18458.45
5157,Lori Nguyen,aleczavala@example.org,Tunisia,2021-11-17,Premium,44305.61
5158,Richard Sutton,cowanbarbara@example.org,Iran,2018-11-09,Standard,30224.20
5159,Anthony Skinner,james67@example.net,New Caledonia,2019-05-20,Basic,32000.49
5160,Scott Pena,emma83@example.net,Lao People's Democratic Republic,2024-06-13,Standard,5531.92
5161,Troy Higgins,plawrence@example.net,Malawi,2021-04-12,Premium,11644.34
5162,Kelsey Collier,solismelissa@example.com,Kenya,2023-12-11,Standard,17213.22
5163,John Scott,fcalhoun@example.org,French Polynesia,2018-04-19,Basic,7050.75
5164,James Wiggins,candicecline@example.com,Germany,2022-07-27,Premium,8612.97
5165,Paul Garcia,todd18@example.org,Cambodia,2019-10-08,Premium,30367.76
5166,Alejandro Jones,stevenscurtis@example.org,Burkina Faso,2023-09-03,Premium,3767.73
5167,Regina Wright,stephenmcneil@example.org,Jamaica,2023-01-23,Standard,16826.04
5168,Joseph Garcia,wwalker@example.com,Antarctica (the territory South of 60 deg S),2022-09-10,Premium,4702.01
5169,Daniel Clark,stanleyanthony@example.org,Saint Helena,2018-05-30,Basic,37326.18
5170,Eric Foster,stephaniedavis@example.org,Lesotho,2021-04-19,Premium,26032.04
5171,Anthony Terry,benitezheather@example.com,Montenegro,2022-07-27,Basic,2238.39
5172,Taylor Hayes,zlynn@example.com,Djibouti,2022-02-11,Basic,1160.59
5173,Tony Thornton,nlewis@example.org,Syrian Arab Republic,2021-10-14,Premium,24669.54
5174,Roberta Hopkins,skinnernancy@example.org,Panama,2022-06-08,Standard,21825.03
5175,Donna Jackson,chaselindsey@example.net,Nicaragua,2018-07-09,Basic,34714.95
5176,Tamara Moore,alexis06@example.org,Cote d'Ivoire,2019-04-23,Basic,6526.44
5177,Felicia Mathis,dhouse@example.org,United States Virgin Islands,2018-03-15,Premium,47198.01
5178,Sarah Daugherty,john80@example.com,Switzerland,2018-08-15,Basic,44258.37
5179,Austin Hawkins,mcknightantonio@example.com,Guadeloupe,2022-01-19,Standard,19951.73
5180,Steven Francis,zimmermanashley@example.com,New Zealand,2024-10-24,Premium,40926.80
5181,Stephanie Mccall,jbrown@example.com,Iraq,2018-04-22,Standard,7784.19
5182,Cheryl Oneal,laura77@example.net,Jordan,2023-02-10,Premium,16086.87
5183,Ryan Scott,nicholas57@example.com,Algeria,2020-05-21,Premium,47644.06
5184,Caroline Collins,katherine69@example.com,Panama,2020-06-14,Standard,44884.93
5185,Kathryn Sherman,qmorgan@example.org,Saint Vincent and the Grenadines,2021-12-28,Premium,40888.14
5186,Kathleen Porter,evansangela@example.org,Hong Kong,2023-09-17,Basic,9251.85
5187,Vincent Smith,bradleyemily@example.com,Guinea,2024-06-01,Premium,24320.77
5188,Amanda Jackson,yrojas@example.com,Tuvalu,2023-06-11,Standard,38176.29
5189,Devin Roberts,rebecca42@example.net,Uzbekistan,2019-08-08,Basic,10621.84
5190,Charles Sullivan,morenobruce@example.com,Thailand,2023-11-19,Standard,14591.00
5191,Gary Martinez,qcaldwell@example.com,Sierra Leone,2018-06-15,Premium,12180.80
5192,Jennifer King,jwilliams@example.com,Bahrain,2024-03-21,Premium,39711.19
5193,Justin Wagner,edward07@example.com,Palestinian Territory,2023-01-07,Premium,17196.20
5194,Jessica Smith,qnichols@example.org,Japan,2020-08-30,Standard,43155.40
5195,John Powers,caitlinsantos@example.com,India,2024-03-03,Basic,44696.87
5196,Brian Williams,david71@example.com,Argentina,2019-07-14,Standard,2401.42
5197,Johnny Smith,hbailey@example.net,Samoa,2020-08-15,Basic,18777.70
5198,Abigail Nolan,lspencer@example.net,Finland,2019-05-24,Premium,5213.49
5199,Heidi Kim,emccall@example.org,Jersey,2022-02-26,Standard,34586.28
5200,Carlos Davis,laurenthompson@example.org,French Southern Territories,2018-03-15,Basic,41130.62
5201,Autumn Harris,danielmoore@example.org,Samoa,2023-09-10,Standard,49660.21
5202,John Walker,dmckay@example.com,Slovenia,2024-07-07,Basic,3335.51
5203,Stephanie Byrd,jacksonkaylee@example.com,Nauru,2021-03-31,Standard,28746.97
5204,Debra Mitchell,xburton@example.com,Nauru,2018-03-06,Basic,49768.64
5205,Kim Valencia,davisemily@example.org,Guam,2020-11-11,Basic,40385.51
5206,Rebecca Brown,robertpaul@example.net,Mauritius,2022-07-09,Basic,35337.47
5207,Hunter Colon,connermelissa@example.net,Chile,2024-12-29,Basic,21094.82
5208,Nancy Sanders,stephenperez@example.com,Vanuatu,2024-06-03,Standard,43492.04
5209,Guy Andrade,stewartpeter@example.com,Sao Tome and Principe,2021-04-29,Basic,32123.29
5210,Michael Hernandez,wliu@example.net,Tokelau,2024-09-24,Basic,36514.93
5211,Shane Lee,andersonmichael@example.com,Malaysia,2023-02-12,Premium,44468.65
5212,Timothy Pacheco DDS,markhill@example.org,Sri Lanka,2021-04-25,Premium,26809.70
5213,Theresa Smith,andrew78@example.com,Svalbard & Jan Mayen Islands,2022-02-08,Basic,19266.53
5214,Tyler Banks,ipruitt@example.org,North Macedonia,2024-05-18,Premium,7431.90
5215,Stephanie Fischer,bowmansamuel@example.com,Mauritius,2024-05-04,Premium,14790.93
5216,Dustin Choi,melissafischer@example.net,Djibouti,2023-08-12,Standard,28517.13
5217,Nicole Hill,perezlisa@example.net,Rwanda,2020-03-07,Premium,44537.93
5218,Michael Lynch,yclay@example.com,Mongolia,2019-03-20,Premium,41975.40
5219,Melinda Ruiz,mitchelltaylor@example.net,Austria,2020-07-02,Standard,39048.35
5220,Theresa Adkins,brianharrison@example.org,Liechtenstein,2022-10-27,Standard,28239.37
5221,Laura Moore,xcoleman@example.org,Comoros,2018-08-13,Standard,31148.67
5222,Tony Williams,princedavid@example.net,Mayotte,2018-04-05,Basic,23701.58
5223,Erin Henry,timothy88@example.org,Mauritius,2022-06-19,Basic,5974.06
5224,John Johnson,williammason@example.org,Kenya,2022-09-07,Premium,32132.60
5225,Ernest White,heather85@example.org,Ghana,2019-12-14,Basic,10873.75
5226,Stephanie Wilson,eric71@example.org,Spain,2024-04-19,Basic,11482.71
5227,Jordan Chambers,alexander51@example.org,Tonga,2024-10-21,Premium,16356.33
5228,Melissa Wiley,christopher05@example.net,Bermuda,2024-10-03,Standard,32544.46
5229,Ashley Johnson,vasquezcrystal@example.org,Falkland Islands (Malvinas),2023-11-01,Premium,32897.23
5230,Jacqueline Rivera,javieringram@example.com,Ireland,2024-04-17,Premium,41814.97
5231,Brianna Schroeder,shane87@example.net,Cook Islands,2021-03-12,Premium,44872.81
5232,Timothy Craig,melissamorrison@example.com,Austria,2022-07-28,Basic,5978.48
5233,Craig Shepherd,tmiller@example.org,Costa Rica,2019-08-07,Basic,28356.77
5234,Leonard Phillips,taylorlawrence@example.org,Montenegro,2022-11-14,Standard,1594.00
5235,Jeffrey Lane,ryanclark@example.com,Guernsey,2019-08-27,Standard,29566.56
5236,Chloe Barrett,heather94@example.com,Zambia,2022-01-09,Basic,33860.05
5237,Philip Richardson,victoria46@example.net,Djibouti,2022-11-14,Basic,13375.32
5238,Tanya Rodriguez,lwilliamson@example.com,Turkey,2024-03-05,Standard,28688.37
5239,Darren Daugherty,andersonalan@example.org,Sudan,2021-11-12,Standard,31554.61
5240,Cynthia Walker,dalehudson@example.org,Seychelles,2020-06-06,Premium,28133.52
5241,Alexander Barber,tylergreen@example.org,Slovakia (Slovak Republic),2022-10-11,Premium,33633.38
5242,Raymond Payne,bhickman@example.net,Gabon,2019-08-20,Premium,40380.90
5243,Robert Pearson,kwilliams@example.com,Germany,2021-07-08,Basic,16908.94
5244,Jonathan Barnes,gharris@example.org,Guinea-Bissau,2019-05-08,Standard,42181.06
5245,Zachary Lee,cameronkim@example.org,Cook Islands,2020-12-29,Standard,27119.26
5246,Scott Elliott,davislaura@example.net,Mauritius,2020-09-12,Basic,39834.55
5247,John Williams,hcox@example.net,Uzbekistan,2021-06-26,Basic,13667.88
5248,Brian Elliott,zfranco@example.com,Marshall Islands,2018-06-16,Premium,41643.25
5249,Melissa Wagner,suarezamy@example.net,Iceland,2019-11-04,Standard,37641.41
5250,James Henson,gcastaneda@example.net,United States of America,2018-01-05,Premium,33419.05
5251,Sheri Moore,collinsmichelle@example.com,Chile,2023-10-06,Standard,30059.58
5252,Deborah Morris,hendersonkimberly@example.net,Korea,2022-05-14,Premium,49922.33
5253,Brooke Mitchell,cholder@example.org,Cuba,2019-04-24,Standard,25244.58
5254,Justin Schmidt,angelica09@example.net,United States Virgin Islands,2018-11-04,Premium,33448.92
5255,Stacey Green,cpierce@example.com,Ukraine,2024-11-11,Standard,41195.67
5256,Danielle Scott,amber72@example.com,Bahamas,2018-04-15,Premium,47272.64
5257,Daniel Santiago,hendersonroberto@example.net,Israel,2022-03-17,Basic,2893.71
5258,Francisco Bowman,treid@example.org,Northern Mariana Islands,2021-02-17,Premium,14722.43
5259,Jonathan Peters,seanthompson@example.net,Singapore,2024-10-20,Premium,42906.06
5260,Thomas Allen,martinezjessica@example.net,Marshall Islands,2021-08-09,Premium,22711.53
5261,Dustin Woodard MD,tommy13@example.net,Saint Martin,2019-12-27,Basic,26138.21
5262,Miguel Campbell,teresawilson@example.com,Paraguay,2024-07-13,Standard,32139.45
5263,William Nelson,tammy43@example.org,Syrian Arab Republic,2019-08-12,Premium,36525.82
5264,William Moore,jenniferwilliams@example.net,Tonga,2020-06-22,Basic,14062.03
5265,Jennifer Taylor,mallory78@example.com,Saint Barthelemy,2018-03-10,Standard,22088.41
5266,Dawn Smith,riverashane@example.com,Hungary,2024-09-18,Standard,19597.82
5267,Kyle Wolfe,megan52@example.com,United Kingdom,2018-08-27,Basic,47152.25
5268,Scott Hernandez,anna66@example.com,China,2019-07-27,Basic,20220.64
5269,Laura Brown,tmartin@example.com,Latvia,2022-08-14,Basic,6588.44
5270,Amanda Wade,edwardskiara@example.org,Denmark,2019-07-16,Standard,1071.18
5271,Jessica Glass,angelalambert@example.net,Cuba,2019-01-13,Basic,43635.17
5272,Lisa Lara DVM,wtaylor@example.net,Turkmenistan,2023-04-27,Standard,46162.19
5273,Matthew Singh,annabarry@example.org,Bahamas,2019-10-22,Basic,34994.09
5274,James Crawford,hansenlarry@example.com,Pakistan,2024-09-30,Premium,38478.75
5275,Michelle Wall,robertcastillo@example.net,Haiti,2020-12-15,Premium,19924.22
5276,James Williams,hernandezronnie@example.com,Timor-Leste,2023-11-17,Basic,26723.45
5277,Ronald Richards,mjones@example.org,Montenegro,2018-10-03,Premium,10002.12
5278,Angela Williams,jordanmichael@example.net,Nauru,2023-02-03,Premium,4550.42
5279,Ellen Bender,benjamindavis@example.net,Trinidad and Tobago,2019-06-28,Standard,17958.16
5280,James Pena,wacosta@example.net,Portugal,2019-12-03,Premium,17302.58
5281,Rodney Pruitt,henry25@example.net,Peru,2022-07-02,Premium,23412.92
5282,Katie Orozco,brianayala@example.org,Cayman Islands,2018-11-21,Standard,631.00
5283,William Brooks,ghudson@example.org,San Marino,2019-11-04,Basic,5172.66
5284,Mark Shelton,epotter@example.org,Suriname,2024-10-05,Premium,123.18
5285,Daniel Durham Jr.,michaelsampson@example.com,Faroe Islands,2019-04-07,Premium,37541.85
5286,William Mcknight,john94@example.net,Isle of Man,2020-09-01,Basic,48979.26
5287,Thomas Nunez,bruce53@example.com,Luxembourg,2021-07-25,Premium,23439.61
5288,Megan Baker,ferrellalexis@example.net,Holy See (Vatican City State),2024-02-15,Basic,48824.01
5289,Sherry Lee,mcooper@example.net,United Arab Emirates,2022-03-21,Premium,9600.32
5290,Tammy Elliott,briancummings@example.net,Guatemala,2023-01-07,Premium,44580.89
5291,Carla Clarke,kathrynwilliams@example.org,Iran,2024-02-12,Standard,15424.20
5292,Denise Hall,courtneydavies@example.net,Lithuania,2024-08-24,Premium,36326.73
5293,Douglas Schneider,jeremy29@example.net,Georgia,2019-11-22,Basic,16218.83
5294,Jesus Patterson,usteele@example.com,Turkey,2019-07-31,Standard,14771.42
5295,Elizabeth Gates,ihahn@example.com,North Macedonia,2018-06-26,Premium,21614.87
5296,Jennifer Hill,yhernandez@example.net,Sri Lanka,2021-03-12,Premium,11901.72
5297,Mary Phillips,ortizcourtney@example.net,Trinidad and Tobago,2020-04-19,Basic,12581.28
5298,Andrew Armstrong,kelly29@example.net,Chad,2019-02-21,Standard,23572.86
5299,Danielle Gray,david28@example.org,Jamaica,2019-03-20,Premium,45261.64
5300,Gregory Munoz,poncemichelle@example.org,Finland,2023-08-09,Basic,25718.20
5301,Andrea Peterson,terrence99@example.org,Guyana,2020-02-04,Premium,799.27
5302,Sandra Paul,josephtravis@example.com,Guernsey,2019-10-24,Basic,4704.20
5303,Marie Mcknight,justinellison@example.com,Azerbaijan,2023-07-07,Basic,26858.58
5304,Julie Johnson,perrydenise@example.org,Wallis and Futuna,2020-01-18,Premium,31450.45
5305,Leslie Bishop,john78@example.net,Slovenia,2020-12-05,Basic,46536.22
5306,Debra Nguyen,newtonjason@example.net,Saint Lucia,2022-09-16,Premium,28668.74
5307,Brittney Martin,bauerian@example.com,Northern Mariana Islands,2021-10-25,Basic,41504.40
5308,William Dixon,jonathan78@example.net,Myanmar,2024-10-20,Standard,11769.84
5309,John Bonilla,freemanmitchell@example.org,Kenya,2022-10-11,Premium,43749.19
5310,Jacob Brewer,littlesarah@example.com,Paraguay,2024-01-19,Premium,43844.49
5311,Jeremy White,jennifer32@example.com,Grenada,2023-10-12,Premium,27221.24
5312,Aaron Mack,scotttravis@example.com,Malaysia,2021-07-28,Standard,1554.93
5313,Raven Abbott,scottmiddleton@example.com,Lithuania,2020-07-26,Basic,37538.53
5314,Carla Waller,christinehowell@example.org,Iceland,2018-04-04,Standard,39301.82
5315,Ashley Stone,joshua19@example.net,Peru,2024-08-07,Basic,35987.23
5316,Jonathon Cox,alisonross@example.org,Samoa,2022-10-22,Standard,34069.19
5317,Ashlee Pratt,daniel99@example.com,Chad,2019-05-03,Standard,23968.23
5318,Mr. Samuel Daniels,xrosario@example.net,Greenland,2018-09-08,Standard,43059.11
5319,Cheryl Harris,xandrews@example.org,Barbados,2023-07-27,Premium,45025.59
5320,Christy Evans,yrivera@example.org,Nicaragua,2023-10-24,Premium,43019.04
5321,Nicole Villarreal,dward@example.org,Bouvet Island (Bouvetoya),2018-03-05,Standard,38250.35
5322,Rebecca Hartman,victorcoleman@example.net,New Zealand,2022-03-21,Basic,7267.11
5323,Heather Velasquez,abrown@example.com,British Indian Ocean Territory (Chagos Archipelago),2019-12-02,Premium,11273.02
5324,Terri Perez,baxterkristen@example.org,Bhutan,2021-12-01,Standard,33726.76
5325,April Mccullough,ydavenport@example.net,Cote d'Ivoire,2018-12-20,Standard,33969.48
5326,Justin Schultz,jennaschaefer@example.com,France,2022-02-08,Premium,38886.60
5327,Rebecca Hampton,randallrobertson@example.net,Lebanon,2024-01-18,Standard,46859.23
5328,Brandon Burgess,frank43@example.net,Liechtenstein,2020-12-21,Standard,28514.65
5329,Matthew Wallace,umorrison@example.org,Georgia,2018-10-26,Basic,32599.95
5330,Elizabeth Valdez,lisa19@example.net,Mongolia,2019-12-15,Premium,49086.93
5331,Devin Costa,qthompson@example.net,Cook Islands,2019-07-23,Standard,28436.57
5332,Abigail Andrews,katiegriffin@example.net,Belarus,2023-02-14,Basic,47749.07
5333,Joanna Mclean,arice@example.net,Kenya,2024-04-02,Basic,26759.55
5334,Michael Huang,michaellucas@example.org,Somalia,2021-01-04,Premium,21555.06
5335,Corey Delgado,bchavez@example.com,Guinea,2024-10-30,Basic,14511.32
5336,Denise Poole,robert19@example.com,Sri Lanka,2024-02-18,Premium,47659.04
5337,Jimmy Bennett,schmittjennifer@example.org,Saint Barthelemy,2019-06-04,Premium,42558.54
5338,Dillon Smith,smithjacob@example.net,Holy See (Vatican City State),2018-05-19,Basic,34620.48
5339,James Torres,robert65@example.net,Kuwait,2020-07-30,Basic,42104.02
5340,Molly Matthews,tcastillo@example.org,Serbia,2022-11-10,Basic,29951.32
5341,Aaron Stone,sparkslaurie@example.org,Dominican Republic,2020-10-24,Basic,48456.37
5342,Logan Phillips,lhodges@example.org,Georgia,2019-06-17,Standard,44136.31
5343,Mallory Shields,monroestephanie@example.com,Cyprus,2021-10-15,Basic,30525.53
5344,Stephanie Robinson,morriskimberly@example.com,Chad,2024-03-17,Basic,3394.26
5345,April Henry,reidmarilyn@example.org,Mozambique,2018-12-11,Standard,17404.29
5346,Timothy Pratt,drodriguez@example.com,Bouvet Island (Bouvetoya),2024-02-14,Basic,22948.48
5347,Amber Sanders,omunoz@example.com,Tanzania,2018-05-27,Basic,32776.16
5348,Amy Johnston,david79@example.net,Timor-Leste,2019-01-11,Standard,46190.10
5349,Jessica Jordan,daltonjohnston@example.com,Isle of Man,2020-08-21,Basic,20142.50
5350,Keith Howell,dunnjoseph@example.com,Sweden,2022-05-19,Standard,9879.84
5351,Charles Jacobs,andrewcaldwell@example.com,Mauritius,2020-02-04,Premium,46701.83
5352,Michelle Chavez,jonathanrobinson@example.com,Nigeria,2023-01-26,Standard,19084.37
5353,Joseph Myers,cdavies@example.com,Uruguay,2018-11-16,Basic,3267.71
5354,Teresa Young,hudsonscott@example.com,Equatorial Guinea,2023-03-05,Standard,30560.55
5355,Gary Travis Jr.,melissapham@example.org,Hungary,2023-07-11,Standard,27144.64
5356,Christian Barrett,conleypatrick@example.net,Mali,2024-12-29,Basic,45774.38
5357,Destiny Nichols,staceygoodwin@example.com,Gambia,2023-09-03,Standard,35955.13
5358,Maria Wall,davidsonshannon@example.com,Somalia,2019-09-23,Premium,16073.80
5359,Keith Santiago,elizabethpatton@example.net,Botswana,2024-06-20,Premium,24745.97
5360,Kelly Fowler,flucero@example.org,British Indian Ocean Territory (Chagos Archipelago),2018-06-06,Basic,26653.82
5361,Sandra Brown,huntcharles@example.org,Hong Kong,2023-11-18,Premium,19989.82
5362,Regina Johnson,twheeler@example.com,Saint Martin,2020-02-02,Basic,31297.49
5363,Kyle Brown,faith81@example.com,Bolivia,2020-08-30,Standard,2688.41
5364,Courtney Scott,troycunningham@example.org,Tonga,2021-01-08,Premium,33212.15
5365,Vanessa Dean,ryanwilkinson@example.net,Austria,2022-01-16,Standard,19108.87
5366,Jonathan Holder,davidsonmargaret@example.net,Barbados,2024-12-12,Standard,34312.06
5367,Sandra Parker,pattersondanielle@example.net,Iceland,2024-05-20,Premium,1628.64
5368,John Owens,maryramirez@example.org,Ireland,2019-05-27,Premium,14051.89
5369,Julie Hawkins,petersonapril@example.com,Micronesia,2024-01-29,Premium,38941.12
5370,Zachary Smith,rwashington@example.net,Reunion,2021-11-04,Standard,13489.29
5371,John Mitchell,johnsonbrian@example.org,Haiti,2020-01-18,Basic,19719.35
5372,Richard Hancock,westbridget@example.net,Jordan,2024-08-28,Standard,9885.75
5373,Christian Collins,cynthia76@example.com,Oman,2021-12-16,Basic,14778.78
5374,Lisa Lawrence,michelle32@example.com,Belarus,2020-10-07,Basic,47586.83
5375,Amanda Smith,qhall@example.net,Syrian Arab Republic,2023-12-22,Basic,28845.05
5376,Charles Calhoun,eterry@example.org,Martinique,2021-01-07,Standard,41532.39
5377,Eric Shelton,phunter@example.net,Palestinian Territory,2020-06-29,Premium,27354.49
5378,Natalie Baker,jonathan21@example.org,Mali,2024-06-03,Premium,17075.28
5379,Autumn Edwards,thomas94@example.org,Peru,2019-11-05,Standard,4072.39
5380,Sheila Garcia,toni32@example.org,Latvia,2021-09-04,Premium,26698.71
5381,Jonathan Lewis,dallen@example.com,Ukraine,2021-10-15,Basic,49470.12
5382,Francisco Maldonado,dylanyoung@example.net,Cameroon,2023-06-03,Premium,45706.30
5383,Daniel Bailey,bmoody@example.com,Western Sahara,2021-11-07,Standard,8467.20
5384,Juan Henry,nathanielsmith@example.net,Eritrea,2024-06-15,Premium,20242.21
5385,Erika Nguyen,duartekevin@example.net,Chile,2024-08-10,Premium,43429.88
5386,Eileen Alvarez,aprillopez@example.net,Guatemala,2020-06-29,Standard,26534.07
5387,Nicole Ray,bjohnson@example.org,Norfolk Island,2022-02-24,Premium,11255.33
5388,Sheila Lynn,oscarmills@example.com,Guinea,2023-08-29,Premium,28040.68
5389,Samantha Taylor,katelyngiles@example.net,Belize,2022-05-22,Standard,18353.63
5390,Wendy Brooks,brownmitchell@example.org,North Macedonia,2023-06-29,Basic,13216.18
5391,Nicole Mcneil,marywang@example.com,Vietnam,2022-05-02,Basic,16286.38
5392,Karen Rogers,irosales@example.net,Qatar,2024-11-03,Standard,37823.80
5393,Christine Freeman,vanessahuerta@example.net,Mauritania,2021-03-22,Standard,11287.91
5394,Joseph Hensley,john28@example.net,Mexico,2020-03-06,Standard,31443.57
5395,Angela Thompson,dianafrank@example.net,Trinidad and Tobago,2019-05-07,Basic,44703.97
5396,Rebecca Rivera,megan76@example.com,Sri Lanka,2024-06-21,Premium,46323.30
5397,Brian Sims,kmoore@example.org,American Samoa,2019-04-09,Standard,29990.15
5398,Sherri Harris,kelsey44@example.org,Namibia,2019-11-07,Premium,10037.48
5399,Morgan Martinez,westangelica@example.com,Aruba,2021-09-28,Basic,11877.30
5400,Jessica Watkins,cassiebaker@example.org,Argentina,2018-06-04,Premium,41944.28
5401,Mary Moreno,christinajones@example.org,Myanmar,2020-05-10,Standard,15448.27
5402,Monica Smith,toddbrooks@example.com,South Africa,2021-08-25,Standard,22738.47
5403,Nicole Sanchez,cynthiaward@example.net,Grenada,2021-08-31,Standard,10194.63
5404,Marie Perry,lesliejohnson@example.net,Hungary,2020-06-06,Basic,8758.13
5405,Angel Lewis,amypayne@example.net,Peru,2024-12-11,Premium,40895.19
5406,April Burch,hfarmer@example.org,Bermuda,2023-05-04,Basic,42309.18
5407,April Garcia,robinharris@example.com,Anguilla,2023-11-19,Premium,11983.63
5408,William Dixon,tina84@example.com,Slovenia,2022-10-12,Standard,42592.81
5409,Christine Wall,kimberlypittman@example.org,Jersey,2018-07-07,Premium,47994.03
5410,Michelle Snyder,nnash@example.net,Slovenia,2020-12-24,Premium,34886.58
5411,Patty Jones,suttonwilliam@example.com,Djibouti,2019-03-23,Standard,47524.30
5412,Elizabeth Allen,fhudson@example.com,Sierra Leone,2018-12-23,Premium,38839.05
5413,Mike Green,petersangela@example.org,Bahrain,2019-12-28,Standard,19208.33
5414,Sarah Kennedy,fmartin@example.net,Zimbabwe,2023-12-08,Premium,34834.34
5415,Crystal Martinez,skelly@example.com,Georgia,2023-11-16,Standard,28118.13
5416,Daniel Anderson,danieljones@example.net,Brazil,2024-10-14,Basic,41762.12
5417,Paul Parker,mistysnyder@example.com,Malta,2023-05-12,Premium,13656.93
5418,Anna Miller,cheryl20@example.com,Cuba,2019-06-16,Premium,42250.64
5419,Dennis James,michellejackson@example.com,Benin,2023-11-28,Basic,42837.02
5420,Lacey Smith,jeffrey00@example.org,Kuwait,2021-11-27,Standard,8223.20
5421,Sara Todd,perezmichelle@example.org,Cape Verde,2019-07-15,Standard,27914.59
5422,Matthew Jones,lfriedman@example.org,Thailand,2022-10-20,Standard,3012.62
5423,Stacy Clay,walllarry@example.org,Tonga,2021-08-21,Basic,25371.33
5424,Destiny Jensen,grimesjoel@example.com,Argentina,2023-01-17,Basic,22165.85
5425,Kathleen Kline,barrypaul@example.com,Australia,2021-05-08,Premium,6997.13
5426,Laura Arnold,nfitzgerald@example.net,Poland,2021-10-15,Basic,16930.54
5427,Heather Allen,michaelrodriguez@example.com,Russian Federation,2021-02-19,Basic,31645.40
5428,Carlos Mccann,collinsmartha@example.com,Honduras,2024-08-06,Standard,48230.32
5429,Karina Johnson,elizabeth51@example.org,Cyprus,2021-07-23,Basic,42094.66
5430,Alyssa Foster,brianhancock@example.net,Syrian Arab Republic,2021-03-25,Premium,25151.36
5431,Rebecca Carter,woodsclarence@example.org,Guadeloupe,2021-06-01,Basic,45533.29
5432,Melanie Perry,joelwilliams@example.com,Czech Republic,2018-12-06,Basic,21462.55
5433,Kelly Cisneros,oramirez@example.net,Bolivia,2021-09-23,Premium,6892.65
5434,Shelley Smith,johnsonangela@example.org,India,2018-01-26,Premium,2239.46
5435,James Ward,reevesrussell@example.org,Oman,2021-06-10,Standard,31994.34
5436,James Smith,perezjonathan@example.net,United Kingdom,2024-07-29,Basic,43932.55
5437,Dr. Heather Moran,paul42@example.org,Bolivia,2018-10-25,Premium,6643.28
5438,Pamela Melendez,taylorgary@example.org,Honduras,2019-04-20,Standard,43437.41
5439,Ashley Boyd,sullivanalfred@example.net,Bouvet Island (Bouvetoya),2018-10-11,Premium,377.93
5440,Pamela Johnson,david92@example.com,Suriname,2021-10-24,Standard,1786.09
5441,Kara Gomez,ramirezclinton@example.com,Oman,2020-04-15,Basic,31686.96
5442,Charles Walsh,victoria96@example.com,Jamaica,2024-03-25,Basic,9189.24
5443,Natalie Fields,kmueller@example.org,Cambodia,2019-02-16,Standard,15232.80
5444,Dawn Booker,bmiller@example.org,Hungary,2023-10-31,Basic,30883.74
5445,Gina Mitchell,fgoodwin@example.com,French Guiana,2022-04-30,Basic,31036.12
5446,Miranda Page,lwilson@example.com,Wallis and Futuna,2023-07-03,Premium,25029.26
5447,Daniel Boyer,beverly50@example.net,Austria,2020-06-28,Standard,22505.32
5448,Mark Hurst,whiggins@example.com,Latvia,2022-12-12,Basic,47477.93
5449,Ethan Pruitt,derek72@example.net,Equatorial Guinea,2022-08-20,Premium,37370.32
5450,Mark Johnson,cunninghamshelby@example.com,Gibraltar,2019-06-16,Standard,42313.57
5451,Joseph Baker,cortega@example.org,Canada,2019-11-18,Standard,14466.87
5452,Jennifer Gonzales,vasquezkristen@example.org,Chad,2018-10-13,Basic,11000.09
5453,Christopher Morris,donnamiller@example.com,Samoa,2019-12-10,Basic,27213.90
5454,Jason Mcknight,solomonmichael@example.org,Liechtenstein,2019-03-10,Basic,6772.92
5455,Michael Davis,tiffanycole@example.org,Guernsey,2018-09-15,Premium,10089.04
5456,Debra Martin,griffinchristina@example.org,Saudi Arabia,2019-08-10,Basic,453.51
5457,Natalie Montgomery,johnsonsally@example.net,Central African Republic,2021-06-02,Basic,4720.94
5458,Jenny Guerrero,ryan12@example.org,Slovenia,2022-03-25,Basic,504.93
5459,Janet Hughes,ecopeland@example.com,Eritrea,2019-01-04,Basic,12312.95
5460,Robert Reyes,rachel84@example.com,Azerbaijan,2020-12-10,Standard,8091.52
5461,Angela Camacho,john99@example.net,Cape Verde,2024-03-14,Standard,17315.85
5462,Stephen Gilmore,xavierwilson@example.org,Mali,2023-12-22,Premium,38370.06
5463,George Wall,john25@example.net,Grenada,2022-07-13,Basic,35337.72
5464,David Mcmillan,krogers@example.org,Mauritania,2023-02-11,Premium,39367.46
5465,Barbara Combs,maxwelljacob@example.org,Sudan,2021-12-04,Standard,23266.65
5466,Zoe Williams,james67@example.org,Tuvalu,2020-12-02,Basic,48667.47
5467,Michael Walker,perezrachel@example.com,Andorra,2024-04-21,Basic,13354.95
5468,Jeffrey Wells,svargas@example.net,Trinidad and Tobago,2019-07-10,Standard,7822.27
5469,Sean Martinez,murphymegan@example.org,Mozambique,2024-05-28,Premium,16339.17
5470,Lance Good,teresa45@example.net,Fiji,2024-12-08,Premium,25595.32
5471,Jeffrey Acevedo,prestonjohn@example.com,South Georgia and the South Sandwich Islands,2023-02-01,Standard,44992.61
5472,Daniel Schneider,darrenholt@example.net,Ghana,2024-03-18,Premium,36504.86
5473,Jacqueline Simpson,carol79@example.org,Mongolia,2022-05-27,Premium,27513.77
5474,Norman Perez,qrobinson@example.org,Liechtenstein,2020-01-15,Basic,22032.87
5475,Cheryl Hensley,duncanvanessa@example.com,Ireland,2019-05-11,Basic,23491.75
5476,Frank Shaffer,bradshawjoseph@example.net,Djibouti,2018-09-17,Standard,34405.39
5477,Alex West,edwardray@example.net,Kenya,2020-03-23,Standard,39381.86
5478,Michael Miller,wjohnson@example.net,Niue,2020-06-08,Basic,32804.26
5479,Brian Sparks,erinlopez@example.org,Japan,2020-02-02,Premium,16358.55
5480,Jessica Daniel,stevenferguson@example.org,Cuba,2019-12-08,Premium,28874.74
5481,Kelly Baker,charles57@example.net,British Indian Ocean Territory (Chagos Archipelago),2024-05-10,Basic,10783.51
5482,Nicole Thomas,jonesjoy@example.com,Kyrgyz Republic,2022-08-15,Premium,47771.56
5483,Steven Johnson,jonathanryan@example.org,Saint Martin,2022-10-16,Standard,32896.63
5484,Bryan Summers,sarah64@example.com,United Kingdom,2024-07-24,Premium,32053.84
5485,Cheyenne Pearson,uhunt@example.net,Christmas Island,2020-08-25,Basic,27577.88
5486,David Walsh,smithmiranda@example.net,Tuvalu,2020-08-26,Premium,16322.62
5487,Courtney Lee,evanselizabeth@example.com,Madagascar,2022-01-29,Basic,48211.16
5488,Stefanie Sullivan,hsmith@example.org,Tuvalu,2024-06-23,Basic,10239.01
5489,Terry Prince,potteremily@example.com,Finland,2024-03-27,Standard,13412.24
5490,Renee Lopez,ryanmcdonald@example.com,Puerto Rico,2019-05-16,Standard,36266.82
5491,Timothy Cain,zrobinson@example.com,Syrian Arab Republic,2023-03-12,Basic,37208.63
5492,Dennis Lee,blackjames@example.org,Serbia,2023-07-13,Premium,8161.93
5493,Oscar Meyer,torresadam@example.org,Afghanistan,2022-05-30,Standard,12432.05
5494,Maria Cobb,joshuarodriguez@example.org,Iran,2018-03-22,Basic,16697.95
5495,Jason Carpenter,sgonzalez@example.com,Moldova,2020-11-05,Basic,40557.10
5496,Christina Hall,sbanks@example.org,North Macedonia,2023-08-03,Basic,35803.00
5497,Mr. Justin Grant,michael39@example.org,Haiti,2019-04-23,Premium,44674.27
5498,Kimberly Johnson,christophersanders@example.org,Ireland,2024-10-08,Basic,21995.92
5499,David Gordon,sloanthomas@example.net,Korea,2020-02-05,Basic,8799.10
5500,Christopher Snyder,kennedyrobert@example.net,Poland,2018-10-14,Premium,2866.33
5501,Jordan Smith,wrightchristopher@example.com,Mauritania,2020-10-06,Basic,45063.52
5502,Joseph Caldwell,olynch@example.net,Oman,2023-04-04,Basic,45542.11
5503,Susan Bradley,waterspatricia@example.org,Solomon Islands,2019-04-06,Premium,24567.34
5504,Troy Davis,parmstrong@example.net,Ghana,2021-08-31,Premium,29020.97
5505,Raymond Lawrence,johnlevy@example.org,Armenia,2024-04-05,Basic,12227.06
5506,Mark Olsen,rgarcia@example.org,Guam,2019-09-04,Premium,40634.81
5507,Steve Decker,jerrywilliams@example.net,Iceland,2019-02-08,Premium,39682.36
5508,Mr. Michael Ramirez MD,hilltonya@example.org,Monaco,2022-06-15,Basic,39550.23
5509,April Phillips,braunolivia@example.org,Argentina,2018-08-11,Basic,9503.18
5510,Mrs. Jennifer Mitchell,vparker@example.com,Colombia,2018-06-04,Premium,13339.05
5511,Jerry Lucas,epark@example.org,Spain,2024-03-20,Standard,30368.34
5512,Rebecca Stevens,ajohnson@example.org,New Zealand,2023-03-23,Basic,25222.69
5513,Melissa Davidson,rickeycarroll@example.net,Australia,2024-05-19,Standard,17530.71
5514,Raymond Carter,qwheeler@example.net,Cyprus,2020-05-12,Basic,37025.06
5515,Jennifer Huynh,emmaalvarez@example.com,Israel,2022-03-05,Basic,25765.29
5516,Susan Hunter,jeffrey77@example.com,Rwanda,2020-01-27,Premium,31907.61
5517,Joseph Hart DDS,tamara83@example.com,Barbados,2022-06-04,Premium,39954.73
5518,Melanie Ballard,scottcollins@example.net,United Kingdom,2018-06-15,Premium,965.12
5519,Peter Tanner,ijohnson@example.com,Ethiopia,2021-05-22,Premium,46134.98
5520,Clarence Wall,dcrawford@example.org,British Indian Ocean Territory (Chagos Archipelago),2018-12-02,Basic,42773.76
5521,Dr. Carrie Cook,gentrykatherine@example.net,Afghanistan,2024-06-08,Standard,5563.09
5522,Jessica Jenkins,briannasmith@example.net,Svalbard & Jan Mayen Islands,2018-09-30,Standard,41775.69
5523,Amanda Lewis,christopher26@example.net,Uganda,2019-10-30,Premium,43613.13
5524,Teresa Hunt,hflores@example.org,Malta,2024-05-25,Premium,1239.74
5525,Samuel Mendez,ahardin@example.com,Thailand,2019-09-04,Basic,28901.70
5526,Kathryn Weber,erikayoung@example.net,Gabon,2024-07-31,Basic,17477.55
5527,Michael Bauer,hunter01@example.com,Holy See (Vatican City State),2018-04-09,Premium,15209.25
5528,Jacob Wells,jlewis@example.net,Barbados,2023-05-12,Standard,32722.36
5529,Melissa Estrada,muellerphillip@example.com,Germany,2023-09-26,Premium,2928.76
5530,Joseph Garrett,darrell96@example.org,Slovakia (Slovak Republic),2020-03-15,Premium,28869.80
5531,Jeffrey Gray,russellterri@example.net,Tokelau,2023-04-10,Premium,10599.81
5532,Grant Lucero,bgray@example.net,Chad,2024-08-27,Standard,4737.17
5533,Michael Bennett,fpark@example.net,Belize,2019-04-17,Premium,19951.19
5534,David Vaughn,cdelacruz@example.com,Kuwait,2019-09-11,Basic,7674.19
5535,Ricky Baker,cruzjames@example.org,Israel,2020-04-28,Premium,5992.15
5536,Cory Pitts,lisacollins@example.net,Namibia,2023-03-01,Standard,23380.99
5537,Leah Bennett,paynekimberly@example.net,Suriname,2019-07-26,Premium,5846.78
5538,Kayla Todd,robertskeith@example.org,Congo,2019-01-01,Premium,5724.21
5539,Daniel Torres,ggreen@example.org,Spain,2022-07-08,Premium,6562.17
5540,Barbara Elliott,michellesalazar@example.org,Cayman Islands,2020-01-11,Premium,6135.74
5541,Stephanie Clark,burkegwendolyn@example.com,Cuba,2018-05-11,Standard,6885.74
5542,Andrea Martin,joshuahorn@example.com,Greenland,2021-11-05,Basic,37154.73
5543,Lisa Carlson,alvarezmatthew@example.com,Slovenia,2023-12-08,Standard,46626.88
5544,Nicole Washington,briandavidson@example.com,Guernsey,2020-03-21,Basic,37363.98
5545,Joseph Gonzalez,hollandmitchell@example.org,Finland,2020-05-26,Premium,14751.25
5546,James Gibson,mbarajas@example.com,Spain,2020-02-28,Standard,19076.15
5547,Melissa Harris,jenniferanderson@example.net,Hungary,2020-05-03,Basic,769.11
5548,John Lawrence,xedwards@example.com,Myanmar,2020-01-03,Standard,32566.26
5549,Dr. Amanda Jacobs,joseph02@example.net,Romania,2021-05-19,Basic,5271.12
5550,Melissa Barrera,anitadoyle@example.org,Honduras,2021-03-01,Premium,5112.89
5551,Jillian Duncan,youngpaul@example.com,Faroe Islands,2021-03-11,Premium,39512.87
5552,Kelly Randall,amorrison@example.net,Seychelles,2022-06-06,Basic,26288.34
5553,Jeff Cunningham,hatfieldkenneth@example.net,Puerto Rico,2021-10-12,Premium,28863.83
5554,Kevin Reese,chelsea44@example.com,Lao People's Democratic Republic,2021-08-30,Premium,7591.39
5555,Jimmy Chavez,kevin52@example.com,Monaco,2021-03-20,Standard,6527.49
5556,Antonio Cook,kwilcox@example.net,Lebanon,2024-08-19,Premium,35061.22
5557,Anthony Stewart,wigginsjohn@example.org,Venezuela,2022-02-11,Standard,36106.55
5558,Robert Allen,tinashepard@example.org,Denmark,2018-09-28,Basic,36825.56
5559,Joseph George,loweandrew@example.net,Oman,2018-01-06,Premium,35812.10
5560,Johnny Stevens,ghoward@example.org,Morocco,2024-05-19,Basic,17327.41
5561,Lori Massey,tracielong@example.com,Taiwan,2024-07-17,Standard,41192.33
5562,Whitney Riddle,kerri63@example.org,Serbia,2019-02-03,Premium,48447.39
5563,Dr. Andrea Powell,crussell@example.net,Serbia,2019-05-01,Premium,13845.55
5564,Jennifer Powell,lauracannon@example.com,Cote d'Ivoire,2022-10-03,Standard,27529.78
5565,Barbara Smith,douglaslloyd@example.org,Gabon,2024-01-20,Standard,19429.70
5566,Lisa Fisher,bishoprichard@example.com,Sudan,2019-06-18,Premium,42332.47
5567,Latasha Chavez,jeffrey44@example.org,Svalbard & Jan Mayen Islands,2020-11-28,Premium,44416.30
5568,Justin Rogers,andersondenise@example.com,Chile,2019-10-02,Premium,7128.21
5569,Joshua Johnson,haynesmichelle@example.net,Egypt,2023-05-28,Premium,21180.74
5570,Tabitha Martin,starkkristy@example.net,Central African Republic,2022-01-22,Basic,8181.50
5571,Heather Garrison,anthony56@example.net,Japan,2020-08-03,Basic,24793.37
5572,Linda Johnson,burkenancy@example.org,Benin,2018-09-05,Premium,29993.43
5573,Emily Drake,herringpatricia@example.org,Vanuatu,2018-09-09,Standard,35970.17
5574,Jesus Palmer,heather27@example.com,Maldives,2018-12-16,Standard,21367.32
5575,Ryan Pearson,timothyolsen@example.net,Zimbabwe,2024-08-16,Premium,20675.82
5576,Natalie Gonzalez,jeremycalderon@example.com,Wallis and Futuna,2019-06-17,Premium,43014.54
5577,Emily Moore,arnoldjonathan@example.com,Kiribati,2023-12-16,Basic,47263.11
5578,James Perry,nicolerandall@example.net,Sierra Leone,2019-03-15,Standard,16039.81
5579,Nicholas Campbell,lewisamanda@example.org,North Macedonia,2019-10-12,Basic,31623.56
5580,Sherry Tucker,elizabethlittle@example.com,Sweden,2018-02-01,Premium,35089.93
5581,David Kidd,jacqueline54@example.com,San Marino,2021-03-15,Premium,12559.90
5582,Robert Mcbride,kathleenweaver@example.net,Isle of Man,2019-05-26,Premium,30845.25
5583,Christopher Green,jonescarolyn@example.net,Niger,2022-07-20,Standard,28264.97
5584,William Villanueva,stafforderin@example.com,Croatia,2023-01-24,Standard,21217.14
5585,Robert Baker,matthewespinoza@example.com,Brunei Darussalam,2021-06-16,Basic,3337.63
5586,Kim Boyer,crawfordveronica@example.org,Syrian Arab Republic,2022-12-19,Basic,33885.72
5587,Rachael Duarte,tanya75@example.org,Ecuador,2021-11-26,Standard,14323.68
5588,Dawn Williams,christine85@example.org,Holy See (Vatican City State),2019-12-08,Premium,12638.93
5589,Kimberly Novak,brett55@example.com,Israel,2019-03-12,Premium,41854.83
5590,Angela Brown,stanleydeanna@example.org,Bhutan,2020-10-25,Standard,21765.83
5591,Rachael Bailey,crobinson@example.org,Greenland,2019-03-29,Premium,27791.58
5592,Aaron Wilson,nicholas39@example.com,Faroe Islands,2019-05-01,Basic,6219.58
5593,Olivia Payne,jonathan00@example.net,Chad,2020-04-28,Premium,40324.23
5594,Monique Clark,sarah07@example.net,Luxembourg,2022-08-17,Basic,11569.56
5595,Spencer Peterson,bonniesweeney@example.org,Senegal,2023-01-15,Standard,13880.88
5596,Nicholas Chen,juliemoore@example.com,Cambodia,2019-01-04,Standard,8177.53
5597,Gary Diaz,jasmine62@example.net,Gabon,2023-10-16,Premium,27264.19
5598,Jacqueline Hogan,opayne@example.org,Nepal,2023-10-19,Premium,40635.57
5599,Kevin Roberts,johnsonevelyn@example.org,Mauritius,2022-02-09,Standard,5459.37
5600,Heather Wallace,lschmidt@example.net,Wallis and Futuna,2024-08-24,Premium,43434.79
5601,Meghan Knight,gwhite@example.org,Netherlands,2019-03-20,Standard,35244.76
5602,Craig Fleming,hoffmananna@example.com,Norfolk Island,2023-03-14,Premium,9854.74
5603,Shannon Becker,richard07@example.com,Guam,2018-06-23,Standard,22702.86
5604,Brooke Flores,abowman@example.org,United States Minor Outlying Islands,2020-10-06,Premium,23151.11
5605,Brett Ferguson,ckelly@example.com,Austria,2020-07-27,Standard,4077.41
5606,Kristen Johnson,austinpeterson@example.net,United States of America,2018-07-15,Standard,18119.94
5607,David Mcguire,tannertina@example.org,Mozambique,2023-12-14,Standard,24652.45
5608,James Green,timothy73@example.net,Chad,2020-03-28,Standard,8831.53
5609,Edward Bauer,alexander73@example.net,Bolivia,2020-03-16,Premium,969.74
5610,Angela Weaver,martinezhenry@example.org,Saudi Arabia,2022-11-18,Premium,17511.78
5611,Theodore Bishop,mosschristine@example.net,El Salvador,2023-12-04,Basic,17831.14
5612,Stephanie Miller,aperry@example.com,Liberia,2022-10-11,Basic,21531.30
5613,Allen Benson,michaelramos@example.com,Haiti,2020-11-05,Standard,1581.23
5614,Michael Johnson,danielcohen@example.org,Algeria,2019-05-09,Basic,372.79
5615,Angela Hughes,gregoryrivera@example.net,Vietnam,2020-03-25,Basic,40202.31
5616,Ryan Vasquez,aguirrepatrick@example.com,Rwanda,2020-03-31,Basic,20188.73
5617,Christine Johnson,sjohnson@example.org,Moldova,2022-12-06,Standard,41932.70
5618,Cynthia Sanders,jasonyork@example.com,Hong Kong,2022-06-01,Standard,41177.33
5619,Darlene Campbell,johnsonbrandon@example.com,Bahamas,2018-11-20,Standard,29298.84
5620,Tyler Young,nrice@example.org,Barbados,2023-11-19,Premium,41551.58
5621,Joshua Williams,mmartin@example.org,Macao,2023-04-30,Premium,1701.02
5622,Kaitlin Patrick,barberdiana@example.com,Bahamas,2020-12-25,Standard,20798.72
5623,Pamela Nelson,isingh@example.net,Heard Island and McDonald Islands,2019-02-15,Standard,48257.54
5624,Jacob Watkins,lindawalker@example.net,Kyrgyz Republic,2024-08-10,Premium,37779.29
5625,Erica Chapman,kayla91@example.org,Svalbard & Jan Mayen Islands,2019-04-23,Premium,22401.88
5626,Lisa Montgomery,juliadavid@example.net,Finland,2023-06-13,Basic,23421.20
5627,Sarah Edwards,kellimedina@example.com,Germany,2020-10-30,Premium,1080.43
5628,Cheryl Wiley,bakerlisa@example.org,Anguilla,2020-12-11,Basic,11874.00
5629,Sarah Smith,philiphammond@example.com,Guadeloupe,2024-03-11,Premium,41045.32
5630,Gregory Burnett,yballard@example.net,Benin,2024-04-24,Basic,42910.22
5631,Christine Taylor,garciamelissa@example.org,Svalbard & Jan Mayen Islands,2021-01-09,Basic,251.04
5632,Mrs. Cheryl Lamb,christophersolis@example.org,Iceland,2020-10-18,Basic,49874.50
5633,Melinda Glenn,pattonkaitlyn@example.com,Micronesia,2018-09-27,Standard,39244.44
5634,Sarah Walsh,nicholsheather@example.net,Japan,2018-06-23,Standard,30566.86
5635,Angela Martin,wayne44@example.net,Turkmenistan,2023-08-18,Premium,40410.81
5636,James Flores,ilivingston@example.org,Bolivia,2021-05-04,Basic,41523.53
5637,Brian Sullivan,smithalyssa@example.org,Thailand,2023-07-29,Standard,39187.96
5638,Jordan Perry,xmccann@example.org,Belize,2023-12-08,Standard,31980.19
5639,Timothy Webb,awilson@example.com,Serbia,2018-09-24,Premium,23216.06
5640,James Jenkins,vhill@example.com,Bolivia,2022-12-04,Basic,6101.87
5641,Stephen Bell,ronald95@example.org,North Macedonia,2022-08-26,Standard,30189.05
5642,William Cooper,stephen68@example.net,Syrian Arab Republic,2021-04-13,Premium,20603.27
5643,Melissa Love,erinarmstrong@example.org,Iceland,2022-04-14,Premium,7507.15
5644,Janice Walker,terricurtis@example.net,Lesotho,2023-06-10,Standard,47632.06
5645,Amanda Baker,maciasmichael@example.net,Bahamas,2023-06-10,Standard,28593.79
5646,Rebecca Cochran,dawn19@example.net,Yemen,2020-10-13,Premium,41562.73
5647,Michael Mclaughlin,jeffreysantos@example.com,United States Minor Outlying Islands,2021-08-13,Standard,9232.47
5648,George Garza Jr.,wardtamara@example.net,Romania,2023-10-13,Basic,29589.66
5649,Michael Garrison,lindawagner@example.com,Bermuda,2021-03-30,Basic,28466.28
5650,Thomas Travis,hamiltonamy@example.net,Benin,2019-04-12,Basic,22358.79
5651,Michael Ortiz,stanleylatasha@example.org,Anguilla,2018-03-02,Premium,35603.20
5652,Laura Brown,fowlerjason@example.org,Falkland Islands (Malvinas),2020-12-17,Premium,44182.91
5653,Christine Wright,srose@example.net,Luxembourg,2019-07-26,Premium,10795.68
5654,Mark Todd,justinthomas@example.net,Eritrea,2018-07-28,Basic,23091.02
5655,Jeff Hughes,owentravis@example.com,Dominican Republic,2024-01-24,Premium,5373.99
5656,Jason Porter,carrieharris@example.com,Marshall Islands,2022-08-10,Premium,42067.27
5657,Eric Webb,brandyrogers@example.com,Peru,2018-04-23,Basic,40182.15
5658,Michael Williams,michael82@example.com,Burundi,2020-11-28,Premium,42496.01
5659,Taylor Walker,matthewdavis@example.net,Seychelles,2024-02-14,Premium,11837.02
5660,Kristina Marshall,awalker@example.com,South Georgia and the South Sandwich Islands,2024-11-24,Basic,25696.47
5661,Jeremy Camacho,jose76@example.com,Saint Barthelemy,2023-08-29,Basic,22484.16
5662,Randy Turner,vblack@example.org,Isle of Man,2019-08-24,Premium,4266.69
5663,Andrea Wood,xgarcia@example.net,Palestinian Territory,2022-12-26,Premium,36574.74
5664,Juan Murphy,ojohnson@example.com,Albania,2024-01-11,Basic,31335.44
5665,Heather Wilkerson,felicia80@example.com,Israel,2021-04-01,Basic,25460.05
5666,Joseph Holmes,perezelizabeth@example.org,Christmas Island,2018-10-17,Basic,46410.98
5667,Anthony Nichols,jamesobrien@example.net,Christmas Island,2020-12-01,Standard,26801.69
5668,Shelly Anderson,michael48@example.net,British Indian Ocean Territory (Chagos Archipelago),2019-10-21,Premium,22619.44
5669,Alan Lopez,lindsay41@example.com,Jamaica,2021-12-29,Basic,25705.95
5670,Heather Russell,corey91@example.org,Palau,2020-08-12,Basic,49144.51
5671,Michael Ford,ashleyguerrero@example.org,Norfolk Island,2023-09-08,Standard,21939.63
5672,Kenneth Weiss,sheliaedwards@example.com,Finland,2018-02-17,Basic,8711.49
5673,Stephanie Smith,taylorthomas@example.org,Turks and Caicos Islands,2018-04-16,Standard,27050.74
5674,John Garcia,paul85@example.org,Sweden,2022-09-12,Standard,16077.89
5675,April Garza,fcampbell@example.net,United States of America,2019-01-19,Premium,42121.73
5676,Alexis Fox,anthonypham@example.net,Nepal,2022-04-07,Basic,4347.89
5677,Carol Reid,ggreen@example.net,Niger,2024-09-05,Standard,4666.04
5678,Erika Curry,mooreannette@example.com,Italy,2018-12-11,Premium,25593.82
5679,Cameron Perry,angela28@example.org,Vanuatu,2023-08-09,Basic,40875.39
5680,Joshua Cruz,awhite@example.org,American Samoa,2021-01-12,Premium,30035.10
5681,Holly Stephens,roykayla@example.net,American Samoa,2022-10-01,Basic,45200.20
5682,David Smith,stephenhernandez@example.com,Tonga,2019-09-09,Standard,36337.65
5683,Karen Martin,brentcampos@example.org,Algeria,2022-05-26,Basic,47169.18
5684,Antonio Trevino,lamroger@example.net,Chile,2023-05-09,Basic,31805.89
5685,Christine Zimmerman,pgray@example.com,Chad,2020-12-30,Premium,29483.20
5686,Derrick Bailey,cantrellvictoria@example.org,Kiribati,2020-07-28,Basic,5983.91
5687,Richard Jacobson,ngross@example.net,Chad,2018-12-29,Basic,21233.79
5688,Melissa Parker,eileenortiz@example.com,Mauritania,2021-12-23,Standard,2296.66
5689,Cynthia Silva,lgonzalez@example.net,Svalbard & Jan Mayen Islands,2024-03-10,Basic,12480.76
5690,Maria Adams,michael10@example.net,Cambodia,2023-06-20,Standard,33742.20
5691,Nicole Bentley,michael88@example.com,Korea,2024-03-15,Basic,11284.12
5692,Brittany Robertson,josepena@example.net,Maldives,2022-03-26,Standard,5439.74
5693,Anne Hamilton,bellsusan@example.net,Libyan Arab Jamahiriya,2023-03-01,Basic,39913.42
5694,Albert Fields,umiller@example.net,Netherlands Antilles,2022-06-19,Premium,14713.21
5695,Amy Clarke,caleb79@example.com,Niue,2018-07-05,Basic,46318.73
5696,Marissa Lopez,hillmelissa@example.net,Belgium,2021-03-05,Basic,18878.10
5697,Kristina Gilbert,kennedyevan@example.com,Guadeloupe,2024-02-18,Premium,36045.71
5698,Elizabeth Rodgers,brenda00@example.net,Trinidad and Tobago,2024-11-10,Standard,1378.49
5699,Clinton Pruitt,ireed@example.org,Turks and Caicos Islands,2023-01-30,Basic,15688.44
5700,Cody Smith Jr.,kellyleah@example.org,Montenegro,2018-09-23,Standard,679.60
5701,Dominique Clark,sean29@example.org,Greenland,2024-04-16,Standard,5200.26
5702,Robert Terry,morgan68@example.org,Reunion,2019-08-07,Premium,49063.19
5703,Debra Meyers,smithmatthew@example.net,Monaco,2021-12-27,Basic,38026.46
5704,Richard James,joshualopez@example.net,Oman,2022-07-24,Standard,27176.72
5705,Mrs. Karen Johnson,teresacooper@example.net,Puerto Rico,2019-05-28,Premium,25176.39
5706,Steven West,kyleadams@example.com,Australia,2024-06-08,Premium,13369.32
5707,Heather Nixon,smerritt@example.net,Lesotho,2022-06-27,Basic,34864.72
5708,Mr. David Hurst,raymondamanda@example.com,Kazakhstan,2020-07-22,Basic,2150.29
5709,Joshua Johnson,trevinoemily@example.org,Saint Barthelemy,2022-11-21,Premium,49252.12
5710,Jennifer Adams,xparker@example.net,Belgium,2022-06-07,Standard,7651.80
5711,Sally Preston,brandonmoore@example.org,American Samoa,2023-11-30,Standard,30136.93
5712,Sean Woods,stephen36@example.net,Singapore,2018-10-07,Standard,1200.54
5713,Chelsea Mason,cgray@example.com,Saint Lucia,2018-09-17,Premium,15064.99
5714,Charles Hicks,shelley85@example.org,Saint Kitts and Nevis,2020-05-28,Premium,29366.25
5715,Pamela Adams,qwarren@example.com,Georgia,2020-10-13,Standard,33092.94
5716,Katrina Rodriguez,williamsgregory@example.com,Eritrea,2024-09-22,Basic,40761.68
5717,Derek Allison,justinhowell@example.com,Burkina Faso,2020-04-17,Basic,20428.24
5718,Madison Daugherty,keith04@example.org,Portugal,2020-08-10,Premium,23808.01
5719,Jacqueline Murphy,mlewis@example.com,Armenia,2022-07-28,Premium,17152.28
5720,Theodore Banks,millsbrittany@example.net,British Indian Ocean Territory (Chagos Archipelago),2020-10-15,Premium,45925.70
5721,Matthew Foley,diana55@example.net,Fiji,2021-08-08,Basic,25601.07
5722,Kenneth Crosby,johngalvan@example.org,France,2022-06-29,Standard,39009.97
5723,Michael Stevens,fhiggins@example.net,Albania,2018-03-31,Premium,18079.78
5724,Michelle Bennett,mphillips@example.com,Austria,2021-02-14,Standard,24830.04
5725,Kimberly Stanton,cassandra71@example.com,Czech Republic,2020-12-09,Premium,30852.35
5726,Laura Nelson,yolanda34@example.com,Iceland,2022-10-23,Standard,32549.26
5727,Kellie Aguilar,omiller@example.net,Bermuda,2020-03-02,Basic,14528.69
5728,Kelsey Castillo,ureyes@example.com,Malta,2018-04-26,Basic,20877.90
5729,Kimberly Lopez,kwalters@example.net,Bangladesh,2018-09-16,Standard,37804.71
5730,Jillian Elliott,bowmananthony@example.com,Congo,2023-06-07,Basic,3360.15
5731,Brandi Barnes,lucas74@example.org,Burundi,2023-10-14,Premium,35039.71
5732,Whitney Schmidt,sara95@example.net,Serbia,2024-09-01,Basic,28704.41
5733,Jessica Berry,annette12@example.com,Maldives,2024-02-17,Basic,2187.36
5734,Andrew Stone,gcamacho@example.net,Puerto Rico,2024-01-26,Basic,242.29
5735,Hannah Sellers,jacksonjoel@example.net,Eritrea,2022-06-30,Standard,41683.06
5736,Mitchell Harris,heather02@example.com,Guatemala,2019-08-19,Premium,13647.78
5737,Jonathan Stark,zchaney@example.net,Lao People's Democratic Republic,2022-12-19,Standard,20743.60
5738,Daniel Garcia,candice86@example.org,Burkina Faso,2019-03-05,Premium,42002.76
5739,Anthony Harris MD,andersonjulia@example.org,Hong Kong,2024-12-24,Premium,45963.92
5740,Mark Washington,mariahill@example.org,Fiji,2022-03-23,Standard,27341.16
5741,April Banks,nwaller@example.org,Saint Kitts and Nevis,2024-11-30,Basic,26966.35
5742,Donald Page,brittanykelley@example.com,Argentina,2020-10-16,Basic,48765.27
5743,Erin Davis,,Denmark,2022-06-10,Basic,30965.40
5744,Sarah Davis,debrabarnett@example.net,Haiti,2022-12-09,Standard,46522.46
5745,Nicholas Bauer,amanda26@example.org,North Macedonia,2022-04-11,Basic,15686.28
5746,Brenda Bowen,matthewrios@example.org,Turkey,2019-01-05,Standard,17080.22
5747,Andrew Flores,leah30@example.com,Ukraine,2020-12-05,Standard,40198.61
5748,Brian Perez,smithmichael@example.net,United States Minor Outlying Islands,2018-07-21,Premium,6293.43
5749,Kara Singleton,jameswilliams@example.com,Argentina,2019-07-07,Basic,29995.50
5750,Jennifer Norton,jefferydiaz@example.com,Iran,2020-01-10,Premium,42256.44
5751,Jacob Peters,angelaandrade@example.net,Mongolia,2023-05-11,Standard,12395.19
5752,Elizabeth Tyler,williamsmichael@example.com,Liechtenstein,2022-04-12,Basic,2319.97
5753,Christine Boyer,rebeccasmith@example.net,Saint Pierre and Miquelon,2019-04-10,Premium,23776.59
5754,Jennifer Price,alejandro47@example.com,Anguilla,2022-09-27,Basic,36437.06
5755,Robert Smith,zshelton@example.com,Slovenia,2020-07-19,Basic,26937.09
5756,Kurt Salazar,brewermarcus@example.com,Trinidad and Tobago,2024-03-24,Standard,10436.36
5757,Sharon Goodman,frankjackson@example.org,Armenia,2021-07-11,Premium,20598.40
5758,Albert Ross,andrewsmichelle@example.com,Timor-Leste,2019-05-31,Premium,25781.92
5759,Sara Garcia,patrickallen@example.net,Belgium,2020-11-30,Standard,18682.18
5760,Rebecca Davis,tina20@example.org,Mexico,2018-08-17,Standard,24326.86
5761,Casey Thomas,angelashelton@example.org,Faroe Islands,2018-07-21,Premium,29746.46
5762,Raymond Fields,kenneth24@example.net,Nepal,2024-06-02,Standard,40368.98
5763,Dustin Johnson,heatherschroeder@example.org,American Samoa,2021-05-08,Basic,48566.61
5764,Connor West,amypowers@example.com,Panama,2020-10-21,Premium,2443.22
5765,Antonio Willis,tbradley@example.org,Grenada,2022-03-22,Standard,34152.18
5766,Christopher Morris,fwilson@example.com,Colombia,2021-01-27,Basic,43092.06
5767,Stephanie Horton,ricky76@example.com,Azerbaijan,2024-11-17,Standard,21623.87
5768,Kimberly Levy,xellis@example.org,Honduras,2022-08-09,Premium,16411.04
5769,Donald Arnold,maybernard@example.org,India,2022-11-21,Standard,8175.28
5770,Timothy Bennett,toddlopez@example.org,Saint Helena,2021-06-26,Standard,21237.18
5771,Jenny Franco,robertburns@example.org,Japan,2022-01-31,Standard,37837.69
5772,Charles Morris,dzimmerman@example.org,Mayotte,2021-10-24,Basic,44633.93
5773,Catherine Turner,,Cayman Islands,2024-05-28,Standard,39147.59
5774,William Shah,jamesle@example.org,Congo,2021-06-17,Standard,48241.42
5775,Tanya Thompson,jeffguzman@example.org,Hungary,2020-02-27,Basic,40282.70
5776,Michael Wise,samantha01@example.com,French Southern Territories,2018-04-29,Standard,6629.71
5777,Eric Middleton,brittanymoore@example.com,Iceland,2022-02-22,Standard,39966.61
5778,Alexander Ortega,barbaraperez@example.net,Norway,2022-04-11,Premium,42728.98
5779,Douglas Stout,jamesbest@example.com,Bouvet Island (Bouvetoya),2020-01-25,Standard,16891.72
5780,Craig Peterson,jaredboyd@example.net,Norway,2021-03-30,Premium,5509.09
5781,Holly Weber,petersonkathryn@example.net,Northern Mariana Islands,2021-09-30,Basic,30451.18
5782,Gina Olson,brian25@example.com,Bulgaria,2020-07-26,Premium,556.89
5783,Patrick Becker,smithadam@example.com,Tunisia,2022-10-09,Premium,42793.22
5784,Kristin Morrison,wesley46@example.net,Korea,2019-05-01,Premium,7692.58
5785,Nathan Mullins,juliagarcia@example.net,Egypt,2020-01-12,Standard,21466.28
5786,Tiffany James,blake69@example.org,Papua New Guinea,2023-05-14,Basic,32866.54
5787,Judith Mcmillan,francismason@example.org,Philippines,2021-06-26,Standard,6803.39
5788,Rebekah Reid,,Papua New Guinea,2021-07-18,Basic,3459.88
5789,Paul Richardson,tthompson@example.org,Cambodia,2018-04-24,Premium,4045.35
5790,Jason Fisher,hartmansarah@example.com,Zambia,2021-02-24,Basic,49176.35
5791,Erik Morales,mjohnson@example.com,Swaziland,2019-01-14,Standard,45544.87
5792,Ryan Kirby,kathleen20@example.com,Ghana,2023-08-24,Standard,26717.10
5793,Nicholas Walker,swalters@example.org,French Southern Territories,2023-10-19,Basic,19473.42
5794,Melissa Bullock,timothyreed@example.net,Ethiopia,2018-09-03,Premium,38048.60
5795,Bryan Franklin,emma68@example.org,Pakistan,2024-01-08,Premium,5506.56
5796,Lisa Barry,john12@example.org,Haiti,2024-08-08,Basic,49100.73
5797,Scott Morales,jcampbell@example.com,Bahamas,2023-05-25,Basic,24777.26
5798,Matthew Contreras,juan86@example.net,Vietnam,2024-04-07,Premium,9874.60
5799,Amanda Mcgrath,stevenschristopher@example.org,Saint Martin,2018-11-21,Premium,28934.19
5800,Andrew Taylor,alexandra05@example.com,New Caledonia,2022-01-07,Standard,46543.19
5801,Terri Garcia,lparker@example.net,Angola,2018-02-25,Standard,22361.16
5802,David Jones,barrettkimberly@example.org,Kazakhstan,2022-08-01,Standard,42651.82
5803,Corey Jones,samantha20@example.com,Montenegro,2022-10-07,Premium,7449.01
5804,Alexis Rosario,brian41@example.org,Barbados,2019-03-31,Premium,2768.21
5805,Andrew Boone,charlesowen@example.com,Solomon Islands,2023-12-06,Standard,11517.50
5806,Brandon Luna,cdunn@example.com,Israel,2023-05-15,Standard,11476.00
5807,Jeffrey Levy,deborah41@example.com,Mali,2021-11-17,Basic,29478.24
5808,Timothy Cook,knightdavid@example.net,Bulgaria,2022-04-30,Basic,2499.88
5809,Kara Jennings,cooperjerry@example.com,Brazil,2024-03-19,Standard,48687.78
5810,George Wilson,uthompson@example.com,Tanzania,2019-11-23,Standard,49171.71
5811,Daniel Wood,josejohnson@example.org,Oman,2023-10-07,Premium,15557.17
5812,Tracey Smith,stephanie72@example.com,Guernsey,2019-05-21,Basic,27918.85
5813,Samuel Johnson,victorjones@example.org,Albania,2020-08-10,Basic,16282.51
5814,Frank Johnson,manuel24@example.org,Mexico,2020-11-03,Standard,39866.10
5815,Michelle Johnson,icraig@example.com,Seychelles,2021-01-04,Premium,1668.63
5816,Robin Russell,powerssandra@example.net,Saint Pierre and Miquelon,2022-10-25,Standard,15344.60
5817,Laura Casey,raymondjanet@example.com,Sierra Leone,2022-02-13,Standard,32645.13
5818,Robert Carr,martinjennifer@example.net,Korea,2021-10-18,Basic,7367.54
5819,Ashley Moody,dorothybruce@example.net,Colombia,2020-03-17,Premium,5659.04
5820,Jillian Roach,rogersbrittany@example.com,Nigeria,2020-03-03,Premium,46739.27
5821,Henry Fields,jasmine02@example.com,Japan,2023-01-07,Standard,38510.57
5822,Christopher Sanchez,zgarrett@example.com,Uganda,2024-11-23,Basic,36575.51
5823,Arthur Miller,chad29@example.net,Saint Lucia,2023-07-06,Basic,47010.24
5824,Shawn Hernandez,jacob67@example.com,Luxembourg,2018-12-14,Standard,21975.58
5825,Cynthia Cruz,aromero@example.com,Afghanistan,2022-06-19,Premium,12220.52
5826,Stephanie King,gordonlaura@example.net,Guinea-Bissau,2021-04-17,Basic,32111.63
5827,Michael Tanner,juliadavis@example.com,Korea,2019-11-13,Standard,8569.08
5828,Amy White,laceycruz@example.net,Iceland,2020-02-24,Basic,26990.91
5829,Alexis Griffin,brittanycoffey@example.net,Brazil,2019-11-27,Premium,44897.19
5830,Jane Kirby,rbrown@example.net,United States Virgin Islands,2021-12-19,Basic,729.52
5831,Tiffany Henderson,maddenmelissa@example.org,Micronesia,2024-02-02,Premium,40079.69
5832,Michael Weber,dominiquepowers@example.com,India,2018-10-03,Basic,39223.50
5833,Cindy Jenkins,zperez@example.org,Cuba,2020-10-08,Premium,12821.00
5834,Linda Cordova,myersjacqueline@example.net,Lithuania,2020-03-07,Premium,19391.99
5835,Ricky Peterson,foxanthony@example.org,Guadeloupe,2020-07-29,Standard,35987.41
5836,Amber Franklin,bradleygarrett@example.org,Guyana,2023-08-23,Premium,13411.59
5837,Michael Gill,belltheresa@example.com,Uganda,2020-07-28,Standard,42403.75
5838,Edward Marsh,kimberly24@example.org,Israel,2021-06-05,Premium,1884.62
5839,Anthony Smith,caitlynwalton@example.net,New Zealand,2019-03-02,Basic,3549.27
5840,Jessica Davis,farmerwilliam@example.net,Ukraine,2022-06-12,Standard,23761.11
5841,Lisa Herrera,qsnyder@example.net,American Samoa,2021-03-19,Basic,45259.65
5842,Ryan Davis,sramirez@example.org,British Indian Ocean Territory (Chagos Archipelago),2022-10-07,Standard,49446.04
5843,Jessica Cook,costawendy@example.org,Fiji,2021-02-16,Standard,12794.23
5844,Johnny May,joangarcia@example.com,Guinea,2022-01-12,Standard,13168.19
5845,Mary Anderson,christinewilliams@example.net,Egypt,2018-08-08,Basic,10592.27
5846,Jennifer Meadows,lewistyler@example.net,Japan,2024-01-01,Standard,34452.86
5847,Ian Foster,melissa51@example.com,Egypt,2023-05-01,Basic,31015.10
5848,Michael Irwin,james27@example.org,Maldives,2023-01-19,Basic,39235.48
5849,Anthony Gardner,clarkamber@example.org,Brazil,2019-03-15,Premium,32125.17
5850,Mark Pham,shawmelanie@example.com,United States of America,2021-08-05,Premium,32218.10
5851,Randy Smith,raymichael@example.net,Mali,2019-05-21,Premium,26877.88
5852,Rebecca Wilson,kross@example.org,Luxembourg,2023-08-20,Basic,33087.42
5853,Debbie Adams,campbellkristen@example.com,Samoa,2024-01-17,Basic,19361.23
5854,Stephanie Ross,hamiltondeborah@example.org,Portugal,2024-12-23,Basic,29006.06
5855,John Larsen,ganderson@example.org,Guam,2024-07-29,Basic,25773.17
5856,Matthew Vincent,jacksonpatrick@example.net,Thailand,2019-09-27,Basic,29982.64
5857,Matthew York,vkelly@example.net,Cambodia,2021-06-07,Standard,24113.92
5858,Michelle Matthews,zweaver@example.com,United Kingdom,2019-06-29,Standard,5322.24
5859,William Johnston,melissabarnett@example.com,Falkland Islands (Malvinas),2023-01-15,Basic,6962.76
5860,Shawn Richmond,thompsonamber@example.net,Kazakhstan,2022-03-24,Premium,1917.82
5861,Richard Torres,jeffrey37@example.org,Honduras,2019-01-02,Basic,49326.13
5862,Maria Oliver,huntsamuel@example.org,Slovakia (Slovak Republic),2024-01-23,Basic,48178.99
5863,Lindsey Ramos,danielespinoza@example.net,Equatorial Guinea,2020-10-31,Premium,13463.20
5864,Kenneth Smith,sarah27@example.net,Vietnam,2020-04-14,Basic,32470.00
5865,Brooke Harris,qramsey@example.org,Ghana,2024-08-23,Standard,8220.43
5866,William Moyer,camposronald@example.com,Saint Pierre and Miquelon,2020-08-22,Premium,28443.86
5867,Joseph Franklin,davisnicholas@example.com,Tunisia,2019-02-27,Premium,48791.72
5868,Stephen Griffin,janiceanderson@example.com,Tanzania,2024-03-01,Standard,1601.17
5869,Juan Campos,angelarivera@example.net,Northern Mariana Islands,2019-10-06,Basic,10583.50
5870,Lori Turner,connie03@example.net,Mexico,2019-12-08,Basic,43360.01
5871,Joseph Stein,nicholas69@example.org,Mali,2018-07-22,Basic,28945.90
5872,David Lawson,idavies@example.net,Rwanda,2020-05-18,Premium,7370.71
5873,Gary Perez,michellecooper@example.org,Angola,2018-07-03,Premium,843.65
5874,John Burke,williamsonlaura@example.net,Malta,2020-07-31,Premium,44459.29
5875,Kelli Acevedo,howardzachary@example.net,Spain,2018-03-08,Premium,34614.08
5876,Tyrone Spears,lisa12@example.net,Marshall Islands,2022-04-30,Standard,21755.13
5877,William Manning,joshua18@example.org,Cook Islands,2019-04-15,Premium,45511.03
5878,Kristin Rodriguez,tmullins@example.com,Cameroon,2023-09-12,Basic,29883.64
5879,Allison Lang,jeffrey20@example.org,Nepal,2024-04-05,Basic,24094.24
5880,Michael Santos,ramosronald@example.com,Tonga,2022-05-02,Premium,659.08
5881,Aaron Waters,teresaflores@example.net,Norfolk Island,2018-12-09,Standard,9548.61
5882,Janet Brown,philipchavez@example.org,Iceland,2022-04-21,Premium,14509.32
5883,Christopher King,christopher51@example.com,Saint Pierre and Miquelon,2020-08-21,Basic,14539.21
5884,Luis Kim,davidsonwilliam@example.net,Cayman Islands,2021-07-31,Basic,12274.03
5885,Deborah Allen,amy17@example.net,Central African Republic,2018-12-15,Basic,25565.70
5886,Melanie Garner,wharris@example.com,Bangladesh,2018-07-14,Standard,13890.54
5887,Thomas Johnson,xsantiago@example.org,Nepal,2024-03-04,Basic,6998.81
5888,Alexander Swanson,bryanbrianna@example.com,Isle of Man,2021-07-13,Standard,20492.54
5889,Rachel Stein,sara62@example.com,Mali,2024-08-08,Standard,41619.67
5890,Robert Hawkins,vmendoza@example.com,Afghanistan,2019-02-05,Premium,282.13
5891,Edward Bright,campbelldanny@example.org,Korea,2018-03-11,Standard,41781.52
5892,Shawn Chan,robertkelly@example.net,Sierra Leone,2022-07-14,Premium,275.06
5893,Glenn Hudson,ymendoza@example.org,Korea,2021-02-16,Standard,47629.59
5894,David Craig,alexander49@example.net,Malawi,2024-08-06,Standard,21932.99
5895,Tracy Wright,wward@example.com,Dominica,2018-11-02,Standard,1075.30
5896,Edwin Crosby,ginachase@example.com,Kazakhstan,2018-07-08,Standard,21699.26
5897,David Green,thoward@example.net,Cook Islands,2022-05-17,Standard,13506.76
5898,Veronica Zimmerman,jonesanna@example.net,Lao People's Democratic Republic,2018-10-30,Premium,45258.86
5899,Michael Lawson,pbrown@example.net,Mauritius,2022-05-29,Standard,15024.63
5900,Nathan Cline,wbrown@example.net,Maldives,2018-12-21,Basic,4605.78
5901,Matthew Wong,jeffrey29@example.net,Portugal,2020-07-09,Standard,179.12
5902,Stephanie Allen,lance24@example.org,Cape Verde,2023-01-05,Basic,16264.16
5903,Whitney Green,turnerroger@example.net,Hungary,2022-06-22,Basic,40915.45
5904,Stacy Harvey,ryanshannon@example.org,Tuvalu,2024-08-19,Standard,38644.05
5905,Dawn Sandoval,cmartin@example.com,Bosnia and Herzegovina,2023-04-07,Premium,26187.36
5906,Jeremy Bryant,icasey@example.org,Guam,2018-03-03,Standard,38672.98
5907,Barbara Ware,calvinburns@example.com,Venezuela,2020-03-08,Standard,21042.55
5908,Brady Harmon,sgonzalez@example.org,Qatar,2020-04-08,Standard,27742.66
5909,Cindy Jones,sandersrobert@example.net,British Indian Ocean Territory (Chagos Archipelago),2022-03-28,Basic,36308.22
5910,Eric Craig,iwilliamson@example.net,Saint Kitts and Nevis,2024-05-01,Basic,20322.30
5911,Morgan Mendoza,vjackson@example.org,Macao,2022-05-10,Basic,23009.76
5912,Eric Hudson,davidsnyder@example.net,Tuvalu,2018-03-05,Basic,11780.58
5913,Jessica Williams,cgarcia@example.org,Northern Mariana Islands,2022-11-11,Basic,27815.50
5914,Max Howard,matthewherrera@example.net,China,2024-05-06,Premium,23676.67
5915,Ethan Hernandez,zavalaanthony@example.net,Comoros,2023-06-11,Basic,3725.13
5916,Benjamin Waters,johnadams@example.com,Lesotho,2018-05-06,Standard,40162.25
5917,Sabrina Davis,reedleroy@example.org,Togo,2022-10-23,Premium,18214.77
5918,Austin Wilson,christopher19@example.org,Korea,2018-11-14,Basic,22778.09
5919,Jessica Kennedy,mhester@example.org,Sweden,2022-03-25,Premium,34691.35
5920,Christine Leon,twinters@example.com,Ecuador,2020-08-27,Premium,1211.62
5921,Cheryl Preston,michaelhuerta@example.org,Guyana,2018-12-23,Premium,21637.49
5922,Michael Rojas,lisadavis@example.org,Central African Republic,2022-01-08,Standard,42478.58
5923,Elijah Powell,kayla91@example.com,Mozambique,2023-11-09,Basic,27997.48
5924,Lisa Sweeney,oruiz@example.org,Reunion,2020-02-05,Standard,833.16
5925,April Patterson,mikegonzalez@example.org,Bangladesh,2018-11-19,Basic,42753.55
5926,Rebecca Robinson,nathan36@example.com,Nicaragua,2024-05-30,Standard,46732.76
5927,Melissa Lucero,samuelhamilton@example.com,Norfolk Island,2018-10-26,Standard,18124.23
5928,Elizabeth Caldwell,rachael81@example.org,Panama,2023-09-22,Standard,48578.62
5929,Troy Walton,wvillarreal@example.org,Mongolia,2019-04-28,Standard,24384.23
5930,Alexander Hoover,hillmikayla@example.net,French Polynesia,2021-04-06,Basic,4601.60
5931,Leonard Taylor,davismaria@example.com,Kiribati,2019-07-20,Standard,14910.21
5932,Daniel Juarez,brendan97@example.net,United Arab Emirates,2024-10-02,Premium,39224.51
5933,Kenneth Rojas,htaylor@example.org,Burundi,2019-01-31,Basic,33681.42
5934,Cindy Hernandez,brianahoover@example.net,Turkmenistan,2024-03-08,Premium,14088.51
5935,Amanda Wood,normanstephanie@example.net,Heard Island and McDonald Islands,2024-10-28,Basic,29651.81
5936,Teresa Henry,jmiller@example.org,Saint Kitts and Nevis,2019-07-19,Standard,13386.93
5937,Jasmine Johnson,benjaminluna@example.org,Albania,2019-10-29,Premium,30197.61
5938,Erin Bird,molly80@example.org,Spain,2023-05-10,Standard,25660.12
5939,Christina Wilkins,jason36@example.org,United States Virgin Islands,2018-11-01,Standard,2764.39
5940,Dennis Lopez,wilsonvalerie@example.com,Morocco,2020-12-18,Basic,36597.42
5941,Mark Rios,beckyblake@example.com,Nepal,2020-12-27,Premium,5351.27
5942,Ashley Gray,guzmancarl@example.com,French Guiana,2024-03-17,Standard,34082.66
5943,Mason Stewart,andrewrandall@example.com,Montserrat,2022-03-08,Standard,41688.60
5944,Mark Hartman,santanaveronica@example.org,Italy,2018-07-05,Standard,21812.37
5945,Alexis Avila,patricia36@example.org,Nigeria,2023-09-03,Premium,244.02
5946,Daniel Evans,dianajacobson@example.com,Cote d'Ivoire,2024-06-25,Premium,6403.79
5947,Aaron Silva,bautistanathan@example.com,Cook Islands,2022-02-12,Standard,41542.18
5948,Victoria Gibbs,jeffrey56@example.net,China,2024-06-11,Premium,46911.04
5949,Megan Bright,linkevin@example.net,Lithuania,2018-07-23,Premium,31642.70
5950,Jason Arnold,marcus16@example.net,Saint Martin,2020-06-18,Basic,44933.97
5951,Mitchell Johnson,patricia74@example.org,Belgium,2022-08-07,Standard,47536.89
5952,Krystal Wood,simsjimmy@example.net,Singapore,2023-02-25,Premium,10642.48
5953,Melissa Olsen,rjimenez@example.org,Nigeria,2019-07-12,Standard,42396.15
5954,Victoria Moore,erica68@example.net,Armenia,2023-04-10,Premium,25204.62
5955,Zachary Obrien,brittanyjohnson@example.net,Philippines,2024-04-12,Basic,16472.11
5956,Laurie Thomas,timothy39@example.net,Svalbard & Jan Mayen Islands,2021-02-20,Premium,3014.70
5957,Amanda Mendoza,shannonharris@example.org,Cape Verde,2023-06-12,Basic,32632.29
5958,Walter Tyler,sbradley@example.com,Maldives,2023-10-18,Premium,8129.80
5959,Michael Bryant,evalentine@example.org,Equatorial Guinea,2020-12-08,Basic,22685.94
5960,Miranda Bailey,glassalexis@example.org,Samoa,2019-01-05,Premium,49684.92
5961,Brian Page,cjones@example.org,Argentina,2018-10-24,Standard,47085.72
5962,Kayla Howard,cummingskelli@example.net,Burkina Faso,2024-01-31,Standard,411.73
5963,Mary Hunter,smithjessica@example.com,Philippines,2018-09-27,Premium,39336.43
5964,Fernando Henson,xthomas@example.com,Belgium,2024-04-22,Basic,34930.95
5965,Brian Moore,dbrown@example.net,Comoros,2018-08-30,Premium,5896.82
5966,Barbara Thomas,daniel61@example.org,Bhutan,2022-03-03,Premium,30559.88
5967,Elizabeth Montes,johnwarner@example.net,Iraq,2023-03-15,Premium,49054.64
5968,Tanya Taylor,ili@example.org,Iceland,2018-12-19,Standard,9377.90
5969,Jennifer Klein,zachary00@example.org,Bahrain,2018-11-28,Basic,44017.59
5970,Daniel Rowland,martinezshawn@example.com,Guadeloupe,2022-01-25,Premium,47355.51
5971,Miss Jeanette Marshall,jacobkelley@example.net,South Georgia and the South Sandwich Islands,2022-12-10,Premium,41058.69
5972,Mrs. Kathy Garcia,kylelong@example.org,China,2019-07-12,Premium,2288.12
5973,Alison Tucker,edwardsjames@example.net,Tokelau,2023-03-09,Premium,40502.13
5974,Peggy Smith,adrian42@example.net,Norway,2024-08-28,Standard,34056.22
5975,Joshua Sanders,stephanie72@example.org,Anguilla,2018-01-19,Standard,12895.64
5976,Katherine Owens,ashleymarissa@example.com,Myanmar,2018-12-21,Basic,28742.72
5977,Tyler Bailey,kstein@example.net,San Marino,2021-07-03,Basic,35597.69
5978,Sheri Brooks,christopher49@example.com,Saint Barthelemy,2021-04-15,Premium,40555.34
5979,Isabel Dean,john52@example.org,Bhutan,2019-07-31,Basic,26142.96
5980,Mr. Eric Baker,qhowe@example.org,Montenegro,2022-08-20,Basic,27811.11
5981,Mary Johnson,christinaschneider@example.com,China,2020-05-23,Standard,17296.23
5982,Reginald Valdez,jenniferthomas@example.com,Niue,2024-09-03,Standard,14023.52
5983,John Molina,danielcox@example.com,Burundi,2023-04-19,Premium,20729.64
5984,Crystal Robinson,juanjones@example.org,American Samoa,2018-12-27,Basic,39672.27
5985,Daniel Campbell,marissa21@example.com,Egypt,2023-10-10,Premium,48872.47
5986,John Gregory,oconnellnathan@example.net,United States of America,2020-04-08,Standard,40565.75
5987,Nancy Snow,qjohnson@example.org,Japan,2018-12-05,Premium,45094.66
5988,Eric Owens,vsalazar@example.net,Vietnam,2018-10-17,Premium,12965.06
5989,Clinton Powell,twong@example.org,Bahrain,2018-07-05,Premium,17654.57
5990,Alan West,nhartman@example.net,Hong Kong,2024-04-18,Basic,30577.62
5991,Michael Mann,jeffjenkins@example.org,Yemen,2020-06-27,Basic,9240.48
5992,Brian Rodriguez,victor05@example.net,Colombia,2023-04-03,Standard,10745.45
5993,Brandon Thomas,aolsen@example.net,Finland,2022-01-14,Standard,12876.08
5994,Tyler Wood,joerobbins@example.org,Cote d'Ivoire,2020-09-18,Standard,43580.72
5995,Angelica Torres,danieljacobson@example.org,Jersey,2019-09-13,Standard,26543.99
5996,Dr. Lisa Beck,erika69@example.com,Armenia,2022-07-20,Standard,48952.78
5997,Brian Ferrell PhD,priscilla11@example.com,Lithuania,2022-11-19,Premium,37292.06
5998,Jody Allen,mcintyretroy@example.com,Oman,2023-01-09,Premium,29455.47
5999,Thomas Morales,richardanderson@example.com,Trinidad and Tobago,2020-06-16,Basic,49823.15
6000,Ryan Morgan,jennifer93@example.com,Bangladesh,2021-05-12,Basic,25218.65
6001,Julia Arnold,michelle80@example.com,Oman,2024-02-20,Standard,48386.88
6002,Lori Jones,orice@example.com,Fiji,2021-07-26,Premium,19192.99
6003,Christopher Freeman,kim94@example.org,Falkland Islands (Malvinas),2021-05-05,Standard,45758.72
6004,David Lawson,richardpatterson@example.org,France,2024-01-22,Premium,16609.33
6005,Peter Floyd,iwilson@example.net,Belarus,2018-08-06,Standard,40833.59
6006,Joseph Singh,snewman@example.com,Kyrgyz Republic,2021-02-07,Basic,2601.04
6007,Jason Compton,nicholas27@example.org,Puerto Rico,2022-01-14,Standard,31031.74
6008,Maria Bowman DDS,stewarttyler@example.com,British Indian Ocean Territory (Chagos Archipelago),2021-12-14,Premium,18274.68
6009,Raven Ramirez,matthew79@example.com,Northern Mariana Islands,2022-06-15,Premium,10378.90
6010,Misty Burke,alvarezscott@example.org,Syrian Arab Republic,2020-01-19,Basic,41250.13
6011,Mark Rogers,anthonysmith@example.com,Congo,2024-08-30,Premium,27088.02
6012,Timothy Garcia,wjackson@example.net,China,2021-09-27,Standard,5446.29
6013,Clifford Sims,patrick24@example.org,Haiti,2023-07-14,Basic,35021.87
6014,Richard Herman,markmassey@example.com,Latvia,2018-04-23,Basic,49506.63
6015,Joseph Jordan,sandrapowell@example.org,Senegal,2019-02-21,Premium,5076.52
6016,Debra Kim,williamtaylor@example.org,Anguilla,2018-12-08,Premium,23188.72
6017,Anthony Jones,kcarter@example.com,Armenia,2023-09-10,Standard,4828.26
6018,James Moore,finleynancy@example.org,Saint Kitts and Nevis,2018-03-20,Premium,16493.84
6019,Joel Williams,ohayes@example.com,Chile,2021-04-23,Basic,47127.23
6020,Anthony Allen,terrinavarro@example.com,Iceland,2022-05-13,Premium,34368.21
6021,Wanda Lee,brianoconnor@example.com,Saint Lucia,2019-12-27,Premium,31728.91
6022,James Carroll,nunezkayla@example.com,United States Virgin Islands,2022-07-22,Basic,31087.03
6023,Dawn Caldwell,jeffwright@example.com,Barbados,2020-08-15,Standard,40896.87
6024,Patrick Mcbride,antoniohudson@example.com,Iraq,2021-01-02,Basic,47030.79
6025,Elizabeth Meza,lthomas@example.org,Taiwan,2019-12-27,Premium,44659.14
6026,Michael Greer,david67@example.net,Somalia,2019-07-08,Premium,21943.10
6027,Kenneth Johnson,fgomez@example.com,Philippines,2021-07-09,Basic,17931.49
6028,Debra Thompson,simpsonbrandon@example.com,Cuba,2018-09-01,Premium,7979.64
6029,Michael Huynh,jjackson@example.net,Lao People's Democratic Republic,2022-09-07,Basic,45956.75
6030,Timothy Harper,rita93@example.net,Iran,2018-11-20,Standard,5638.59
6031,Mr. Joshua Sanders,tuckerphilip@example.net,Norway,2020-05-28,Basic,46532.02
6032,Sean Cole,rebeccahines@example.net,Azerbaijan,2021-11-22,Basic,34350.63
6033,Arthur Clark,george92@example.org,Marshall Islands,2024-08-06,Standard,22063.71
6034,Thomas Martin,stevenrogers@example.com,France,2024-12-04,Standard,1696.33
6035,Rebecca Sanders,crystalbaker@example.net,Pitcairn Islands,2021-03-03,Premium,47797.50
6036,Kimberly Ortiz,megan26@example.org,Indonesia,2023-07-10,Premium,38272.75
6037,Holly Welch,stuartwright@example.net,Namibia,2020-02-23,Premium,23238.41
6038,Amy Martinez,ellen16@example.net,Switzerland,2024-03-05,Premium,46544.44
6039,Amanda Wells,jjones@example.net,Togo,2024-08-13,Basic,18371.26
6040,Peter Banks,joseph19@example.net,Aruba,2018-04-25,Premium,33354.71
6041,Deborah Burns,jacksondonna@example.com,Uzbekistan,2018-09-27,Premium,585.17
6042,Erin Harris,kosborne@example.org,Zambia,2022-05-28,Standard,47873.89
6043,Cody Mullins,xcontreras@example.com,Sri Lanka,2024-12-22,Premium,48494.75
6044,Edward Wolf,monica19@example.net,Antigua and Barbuda,2018-02-19,Premium,34532.47
6045,Erica Long,gregorylopez@example.com,Libyan Arab Jamahiriya,2024-06-29,Premium,249.91
6046,Paige Jones,hromero@example.org,Guatemala,2021-11-27,Premium,46890.62
6047,Carolyn Gibson,sullivankelly@example.org,Serbia,2020-05-28,Standard,2375.80
6048,Spencer Lawson,john41@example.net,Kenya,2024-11-10,Basic,48617.97
6049,Scott Levy,zmiller@example.com,Philippines,2021-03-10,Premium,3693.23
6050,Mr. David Mcintyre,mary83@example.com,Jersey,2021-05-13,Basic,30710.20
6051,Kevin Robinson,brandon33@example.com,Malawi,2019-01-20,Premium,49525.23
6052,Samuel Rodriguez,melissaperry@example.com,Hong Kong,2021-10-11,Basic,30868.31
6053,Allison Blackburn,achapman@example.com,Dominican Republic,2019-12-15,Basic,18022.79
6054,Anthony Cain,alutz@example.net,Cook Islands,2020-09-24,Standard,34332.63
6055,Mary Smith,nrusso@example.org,Monaco,2021-10-26,Premium,2380.66
6056,Steven Chavez,bakerevelyn@example.org,Spain,2022-05-08,Premium,1759.56
6057,Jerry Thompson,bethmccoy@example.net,Ireland,2022-07-28,Standard,28512.78
6058,Michele Howell DVM,jordan76@example.net,Turkey,2024-06-23,Premium,32241.85
6059,David Daniel,shelbysimon@example.net,Croatia,2022-06-18,Basic,21480.81
6060,Eric Shelton,laurenrobertson@example.net,Switzerland,2024-02-21,Premium,3777.02
6061,Jonathan Mccoy,qmora@example.net,Anguilla,2022-05-04,Basic,22017.69
6062,Katie Potter,bakercolleen@example.org,India,2020-12-12,Premium,38936.87
6063,Jessica Carney,mark22@example.com,Guyana,2020-09-16,Standard,25097.60
6064,Brandy Freeman,hannahpage@example.com,Christmas Island,2019-05-29,Basic,44499.20
6065,Charles Mcbride,john50@example.org,India,2020-06-11,Basic,9772.89
6066,Laura Waters,ashleyvelez@example.com,Guyana,2021-03-29,Standard,29094.55
6067,Michael Foster,hendersonamy@example.org,Singapore,2022-03-16,Premium,1123.51
6068,Sandra Logan,walkerbianca@example.com,Suriname,2022-05-28,Standard,22977.97
6069,Tiffany Clements,jmorris@example.net,Morocco,2019-10-06,Standard,16471.78
6070,Patrick Knox,rjones@example.org,Malaysia,2020-06-11,Premium,31680.87
6071,Thomas Taylor,chavezjames@example.net,British Indian Ocean Territory (Chagos Archipelago),2018-02-15,Premium,24712.19
6072,Anita Baker,xrivera@example.org,Singapore,2022-04-04,Standard,12829.68
6073,Daniel Carpenter,wendy16@example.com,Turkmenistan,2022-05-22,Premium,14364.87
6074,Jennifer Sawyer,christine91@example.net,Hong Kong,2023-02-25,Basic,12813.08
6075,Mrs. Jessica Brown MD,nicholaslucero@example.net,Russian Federation,2024-07-12,Premium,31424.04
6076,Rebecca Parks,jimmy04@example.org,Tuvalu,2024-06-03,Basic,38977.01
6077,Valerie Phillips,yorkeric@example.org,British Indian Ocean Territory (Chagos Archipelago),2020-06-15,Premium,15454.99
6078,John Nelson DVM,herbertgarcia@example.org,Pitcairn Islands,2019-01-26,Premium,860.14
6079,Walter Rodriguez,glee@example.org,Paraguay,2018-05-11,Basic,2087.71
6080,Rebekah Johnston,jonathanharris@example.com,Greece,2022-09-24,Basic,2415.10
6081,Matthew Garza,amber85@example.org,Madagascar,2020-09-27,Premium,31896.62
6082,Cynthia Wells,evansjared@example.com,Benin,2024-01-25,Basic,45684.87
6083,Emily Simmons,tracifletcher@example.org,Bahrain,2023-09-22,Standard,12224.49
6084,Tonya Jacobs,englishoscar@example.org,Senegal,2019-09-13,Premium,4510.47
6085,Jeremy Miller,monica33@example.net,North Macedonia,2022-05-28,Standard,11075.21
6086,Stephanie Morris,washingtonrobert@example.net,Cambodia,2019-07-12,Basic,46383.17
6087,Bridget Sanders,ashleynewman@example.net,Equatorial Guinea,2021-02-27,Basic,16792.14
6088,Juan Williams,michael18@example.com,Montserrat,2023-02-13,Standard,37736.43
6089,Veronica Avila,simmonsgregory@example.com,Nepal,2024-04-23,Basic,39518.72
6090,Ashley Turner,jessicamorgan@example.org,Cuba,2024-02-03,Standard,16231.55
6091,Tracy Rodriguez,robertschwartz@example.com,Belgium,2024-05-05,Premium,4477.57
6092,Jeffrey Smith,john70@example.com,Sao Tome and Principe,2024-08-27,Basic,29720.48
6093,Melissa Young,fmiller@example.net,Eritrea,2022-10-01,Standard,8457.61
6094,Mr. Paul Dickerson,lindathompson@example.com,Somalia,2018-07-10,Premium,47667.24
6095,Pamela Turner,alvaradopaul@example.com,Burundi,2020-09-11,Standard,33584.72
6096,Mrs. Victoria Dickerson,christopher62@example.net,Congo,2020-01-04,Premium,44248.74
6097,Peter Rodriguez,joneal@example.net,Korea,2019-08-03,Standard,18565.20
6098,Michael Grant,travis40@example.org,New Caledonia,2023-11-03,Premium,3979.11
6099,Margaret Cooper,chavezmatthew@example.org,Eritrea,2023-03-08,Standard,44507.41
6100,Brian Rodriguez,amberquinn@example.com,Australia,2024-09-06,Premium,154.76
6101,Shane Martinez,swoods@example.com,Kazakhstan,2022-12-28,Premium,4632.62
6102,Kevin Brown,christopher25@example.net,Sao Tome and Principe,2021-11-11,Premium,11359.92
6103,Harold Gonzalez,robinsonmark@example.com,Central African Republic,2024-03-05,Premium,9128.53
6104,Kelly Lee,edgarharvey@example.com,Libyan Arab Jamahiriya,2022-11-03,Basic,47876.02
6105,Stephanie Heath,sarahnichols@example.net,Paraguay,2019-02-10,Basic,39783.56
6106,Kent Savage,dmacias@example.com,Egypt,2019-12-02,Premium,17693.32
6107,Kayla Myers,donaldmarquez@example.net,Faroe Islands,2023-11-19,Premium,26160.47
6108,Michael Gonzalez,fthompson@example.org,Belarus,2023-06-26,Basic,313.37
6109,Brian Aguirre,michelle59@example.com,Guatemala,2022-02-08,Basic,4813.72
6110,Lisa Schaefer,colemanashley@example.net,Guadeloupe,2019-03-12,Premium,25206.33
6111,Mary Lawson,zyoung@example.org,New Caledonia,2020-05-16,Basic,18634.28
6112,Julia Hernandez,mark41@example.com,Mozambique,2024-03-03,Basic,4169.50
6113,Ross Jensen,christopherprince@example.net,British Indian Ocean Territory (Chagos Archipelago),2024-08-07,Standard,28491.86
6114,Thomas Kelly,jennifer09@example.com,Kyrgyz Republic,2023-03-15,Basic,48643.32
6115,Bridget Browning,troy04@example.org,Yemen,2019-11-17,Basic,34567.52
6116,Caitlin Santiago,dfields@example.org,Cook Islands,2022-04-13,Basic,25886.53
6117,Thomas Jordan,brendanchavez@example.net,Turkmenistan,2018-07-26,Standard,45866.68
6118,Robert Freeman,estradaaaron@example.org,Indonesia,2023-05-15,Basic,38302.84
6119,Heather Montoya,howelljustin@example.com,Chile,2024-10-09,Premium,3451.72
6120,Tracy Ramirez,ugarcia@example.org,Faroe Islands,2022-03-18,Basic,47135.98
6121,Patrick Porter,annataylor@example.net,Cambodia,2023-09-14,Basic,24031.63
6122,Anita Graves,smithbrenda@example.com,Aruba,2019-12-08,Basic,13877.94
6123,Noah Torres,rebecca72@example.net,Montserrat,2021-06-27,Premium,32902.09
6124,Gregory Wood,johngordon@example.net,Niger,2023-10-06,Premium,8489.26
6125,Louis Herman,timothy45@example.com,Vanuatu,2023-05-07,Premium,160.84
6126,Diane Summers,jamesmorrow@example.org,Singapore,2019-12-29,Basic,10766.20
6127,Madison Stephens,nicole65@example.org,Montserrat,2021-04-21,Basic,6460.30
6128,Christine Carter,latoyahansen@example.com,Benin,2020-07-25,Premium,33158.02
6129,Bruce Norton,ystanley@example.com,Panama,2019-09-29,Premium,12672.90
6130,Deborah Perkins,michaelgarner@example.org,Tunisia,2021-02-10,Standard,24415.01
6131,Tammy Wilson DDS,ostevenson@example.org,Costa Rica,2021-02-15,Basic,10649.98
6132,Michael Hall,kruegerjade@example.com,Bouvet Island (Bouvetoya),2019-06-24,Basic,43026.69
6133,Sabrina Collier,garrettamanda@example.org,Spain,2019-03-26,Premium,21130.86
6134,Alan Hamilton,ashleynixon@example.org,Marshall Islands,2022-01-14,Basic,30161.93
6135,Julia Walters,leonarddoris@example.org,Mayotte,2020-03-14,Basic,609.37
6136,Tanya Moore,samanthahawkins@example.com,Morocco,2019-06-03,Basic,31402.41
6137,Susan Townsend,laurensantiago@example.com,Korea,2018-02-23,Premium,1902.17
6138,Emily Patton,qcollins@example.org,United Kingdom,2020-05-01,Premium,13922.21
6139,Matthew Lopez,renee72@example.net,India,2019-09-04,Premium,42633.53
6140,William Miles,kevinsmith@example.org,Djibouti,2019-06-19,Basic,22001.44
6141,Deborah Dean,perezthomas@example.com,Nigeria,2022-01-11,Premium,34803.08
6142,Frank Lawson,penachristy@example.com,Seychelles,2019-02-27,Premium,18709.24
6143,Joseph Bennett,christinayoung@example.net,Slovenia,2020-03-05,Premium,44935.71
6144,Sandra Johnson,nperez@example.net,Colombia,2019-06-20,Basic,4767.50
6145,Wayne Flores,stacyphillips@example.net,Austria,2021-10-06,Premium,20417.18
6146,Melissa Ray,kboyd@example.net,Chile,2022-06-10,Premium,244.00
6147,Justin Kelley,jocelyn01@example.org,Pitcairn Islands,2018-08-24,Standard,35790.84
6148,Vicki Lyons,erika44@example.net,Thailand,2024-09-02,Premium,46751.65
6149,Kristopher Smith,brian18@example.com,American Samoa,2022-12-08,Standard,23033.98
6150,Meghan Jackson,nbryant@example.net,Austria,2022-06-18,Basic,4888.09
6151,Richard Goodman,audreyjohnson@example.org,Christmas Island,2024-01-10,Premium,6687.76
6152,Donald Sharp,danielleanderson@example.org,Azerbaijan,2018-10-18,Basic,1243.60
6153,Dr. Sierra Gibson,lisa75@example.com,Turks and Caicos Islands,2019-10-26,Basic,4573.98
6154,Brittney Lewis,schneidertroy@example.net,Japan,2018-10-31,Standard,14997.04
6155,Tara Garner,jacquelinerobles@example.org,Guernsey,2024-10-26,Premium,43043.97
6156,James Kim,davidmartin@example.com,Israel,2019-10-14,Basic,37478.80
6157,Samuel Lewis,barbara58@example.org,Northern Mariana Islands,2023-12-15,Premium,6054.65
6158,Holly Sanders,raymond19@example.org,Netherlands Antilles,2018-04-30,Standard,12472.28
6159,Erika George,nancy14@example.com,Haiti,2024-01-26,Standard,3437.35
6160,Paige Patterson,karinahodges@example.net,Swaziland,2022-05-05,Standard,8193.90
6161,Tyrone Mcconnell,amy47@example.com,Israel,2024-05-13,Premium,40092.78
6162,Stephanie Morris,atucker@example.com,British Indian Ocean Territory (Chagos Archipelago),2020-04-11,Premium,21048.00
6163,Shannon Everett,fostercarol@example.net,Isle of Man,2018-02-27,Basic,2888.27
6164,Sharon Jones,brenda05@example.net,Burundi,2022-07-21,Basic,44251.43
6165,Sarah Gutierrez,ksmith@example.com,Estonia,2022-09-07,Standard,23079.18
6166,Leroy Williamson,charlesamy@example.com,Portugal,2018-06-16,Standard,11770.01
6167,Ryan Schwartz,trobinson@example.org,Madagascar,2022-06-02,Premium,4297.22
6168,Mike Garcia,kathrynrivera@example.net,Northern Mariana Islands,2023-09-29,Standard,18166.33
6169,Mark Moore,gregory23@example.net,American Samoa,2018-09-05,Standard,29102.55
6170,Robert Griffith,holly62@example.com,Honduras,2020-11-09,Standard,32835.75
6171,Tyler Davis,william49@example.com,Norfolk Island,2022-12-12,Standard,19636.66
6172,Michael Anderson,joshua89@example.org,Saint Lucia,2020-03-15,Basic,15377.86
6173,Mrs. Stephanie Fritz,martinshields@example.com,Montserrat,2020-02-12,Basic,11313.51
6174,Sara Fleming,hamiltonmichael@example.com,Uzbekistan,2022-09-04,Standard,525.95
6175,Maria Joseph,dennisbaldwin@example.net,Philippines,2024-10-12,Standard,8447.01
6176,Carlos Smith,joneschristopher@example.net,Gabon,2020-02-17,Premium,42340.82
6177,Judith Miranda,millerpatricia@example.com,Dominican Republic,2022-04-28,Premium,21748.61
6178,Samuel Cunningham,noblebrian@example.net,Afghanistan,2019-04-27,Premium,14846.33
6179,Zachary Morris,greid@example.net,Palau,2019-08-25,Standard,10900.46
6180,Matthew Adams,bradfordmichael@example.com,Haiti,2022-08-11,Basic,6958.53
6181,Christine Bartlett,michael42@example.org,Andorra,2021-11-08,Basic,27784.78
6182,Carla Lowe,lisa82@example.net,Niue,2021-08-06,Standard,33707.96
6183,Jennifer Nelson,whitakeramy@example.org,Greece,2019-02-20,Basic,25782.89
6184,Michael Collins,victoria19@example.org,Montserrat,2023-10-04,Basic,44325.59
6185,Jacob West,cjarvis@example.net,Hong Kong,2018-06-10,Basic,36774.11
6186,Alyssa Mathews,qdavis@example.com,Namibia,2024-08-30,Basic,30923.19
6187,Daniel Diaz,jacksonamber@example.net,Costa Rica,2024-12-25,Standard,7461.19
6188,Kyle Good,brianna58@example.org,Libyan Arab Jamahiriya,2020-09-10,Basic,15625.63
6189,Antonio Ortiz,oliviaperry@example.net,Bouvet Island (Bouvetoya),2018-12-13,Basic,30079.18
6190,Jasmine Chambers,carly60@example.net,Oman,2022-04-07,Standard,11108.10
6191,Jeff Smith,jennifergomez@example.org,Palestinian Territory,2024-04-11,Standard,40269.40
6192,Thomas Farmer,michael96@example.net,Bouvet Island (Bouvetoya),2019-07-03,Basic,48288.12
6193,Richard Harris,carolyn38@example.com,Vanuatu,2021-02-27,Standard,48708.00
6194,Jenny Harris,ashley84@example.net,Puerto Rico,2020-02-04,Standard,33368.85
6195,Nicholas Moss,hharrell@example.net,Maldives,2022-02-02,Basic,11868.93
6196,Richard Barker,wilsonjerry@example.com,New Zealand,2020-10-02,Standard,47466.84
6197,Michael Moore,claytonyoung@example.com,Belgium,2018-05-23,Basic,12120.19
6198,Jessica Caldwell,thomaswesley@example.net,Israel,2018-11-19,Basic,41739.25
6199,Patrick Washington,skinnerjenny@example.org,Peru,2023-12-07,Standard,20342.82
6200,Carrie Williams,herbertbrown@example.com,Maldives,2022-03-12,Basic,13427.10
6201,Robert Allen,daniel78@example.net,Bolivia,2023-03-28,Basic,19581.17
6202,David Gomez,prattaustin@example.com,Cambodia,2024-04-27,Basic,13501.29
6203,Gina Dean,smithkimberly@example.net,Colombia,2021-09-17,Standard,20128.69
6204,Carly Hill,jimenezjasmine@example.net,South Georgia and the South Sandwich Islands,2021-01-03,Basic,38627.23
6205,Sandra Rollins,allentravis@example.com,Cote d'Ivoire,2021-10-06,Premium,18088.58
6206,Danny Preston,francojoanne@example.com,Montserrat,2020-09-09,Standard,18598.87
6207,Michael Fowler,pwalker@example.com,Mali,2023-04-19,Standard,19712.07
6208,Jason Martin,brandonfuller@example.com,Togo,2024-09-01,Basic,19177.16
6209,Tyler Barker,stran@example.com,China,2018-09-18,Standard,10510.22
6210,James Hayes,butlerbradley@example.org,Western Sahara,2021-02-22,Premium,4046.02
6211,Casey Smith,ureynolds@example.net,North Macedonia,2021-11-06,Standard,18559.96
6212,Robert Price,darrenhorton@example.net,Grenada,2024-01-03,Basic,45422.11
6213,Scott Garcia,jonathan96@example.net,Uruguay,2024-06-03,Standard,46272.12
6214,Victoria Hoover,anthony29@example.org,Tajikistan,2024-12-07,Standard,25451.47
6215,Dominique Shepard,michael94@example.net,Nepal,2021-10-31,Premium,38044.85
6216,Guy Owens,donnagallagher@example.com,Liechtenstein,2024-09-06,Premium,16222.52
6217,Ruben Frey,westmichael@example.org,Montenegro,2022-03-01,Basic,19126.21
6218,Aaron Baker,snguyen@example.com,Eritrea,2021-05-22,Standard,9168.02
6219,Michael Cox,zachary45@example.org,Ghana,2020-09-08,Premium,22714.70
6220,Stephen Avila,uevans@example.org,Turks and Caicos Islands,2021-02-05,Premium,12055.91
6221,Crystal Johnson,tinaalvarez@example.net,French Polynesia,2024-08-07,Premium,13358.18
6222,David Carlson,kimberlywarner@example.net,Yemen,2022-04-26,Premium,46662.95
6223,Mr. Daniel Lewis MD,kaitlyndavies@example.net,British Virgin Islands,2021-03-17,Premium,49885.04
6224,Mrs. Brittany Scott MD,tara03@example.net,Philippines,2020-12-20,Basic,27268.64
6225,Peter Lopez,otaylor@example.com,United States Minor Outlying Islands,2020-03-11,Premium,39652.66
6226,Jeremy Sloan,ereed@example.org,Western Sahara,2019-10-07,Standard,40847.24
6227,Savannah Young,caitlinmiddleton@example.net,Panama,2021-05-17,Standard,44317.93
6228,Stephanie Hurley,jeremywatson@example.org,Afghanistan,2020-05-24,Basic,40498.70
6229,Sydney Lopez,rdiaz@example.net,Uganda,2023-01-29,Basic,20691.20
6230,Cassidy Perry,erikmiller@example.net,Fiji,2023-02-19,Premium,5302.07
6231,Patricia Wood,acostaangela@example.com,Serbia,2018-03-16,Premium,26754.48
6232,Michele Lane,roserhonda@example.net,Niger,2019-05-15,Standard,47013.32
6233,Justin Crawford,justindeleon@example.org,Isle of Man,2021-12-30,Premium,7190.23
6234,Curtis Hull,matthew43@example.org,Finland,2019-05-08,Premium,18481.18
6235,Jordan Garcia,aanderson@example.com,Australia,2024-02-27,Standard,4709.67
6236,Shelby Leonard,jacobhernandez@example.org,Sweden,2024-03-31,Standard,15984.95
6237,Patricia Sweeney,salazarchristopher@example.net,Serbia,2020-05-06,Standard,40800.71
6238,Brian Lee,kellyperez@example.net,Maldives,2021-02-18,Basic,44823.43
6239,Mary Hubbard,kevincastillo@example.org,Taiwan,2022-11-09,Basic,39895.77
6240,Alyssa Tucker,christopherstein@example.com,Lithuania,2020-11-29,Standard,42222.66
6241,Kimberly Chapman,williamskevin@example.org,Montenegro,2023-08-03,Premium,5710.19
6242,Sara Hopkins DDS,wendycarter@example.net,Guyana,2020-03-05,Basic,48247.18
6243,Andrew Reyes,kellylisa@example.net,Cote d'Ivoire,2018-04-14,Basic,26498.93
6244,Timothy Cunningham,whunter@example.org,Japan,2021-10-30,Basic,41035.75
6245,Scott Brown,suarezbrandon@example.com,Falkland Islands (Malvinas),2020-06-30,Standard,23193.67
6246,Alex Thomas,hprice@example.net,Tonga,2019-06-25,Basic,21555.74
6247,Brent Taylor,brichardson@example.org,Andorra,2021-08-19,Standard,9496.18
6248,Scott Christensen,thomas43@example.net,Slovakia (Slovak Republic),2023-04-02,Premium,5662.61
6249,Karen Day,mia71@example.net,Puerto Rico,2018-09-11,Basic,41388.01
6250,Rebecca Diaz,glennjeremy@example.org,Vanuatu,2022-01-02,Premium,40702.20
6251,Christopher Ballard,jameslee@example.com,Burkina Faso,2024-01-09,Premium,1326.87
6252,Brian Taylor,manningjamie@example.net,Benin,2022-02-14,Standard,32488.95
6253,James Hall,coxpatrick@example.com,Peru,2018-07-06,Premium,1363.33
6254,Nathan Thompson,ernest29@example.org,Greece,2019-09-15,Standard,42831.11
6255,Steve Long,troy31@example.com,Netherlands,2019-12-31,Basic,6488.38
6256,Jacob Lam,,San Marino,2021-06-20,Premium,16057.45
6257,Stacy Moore,scottmcneil@example.com,Jordan,2020-03-09,Premium,21328.59
6258,Sean Mcgee,garybuck@example.com,Iceland,2024-10-10,Standard,11412.79
6259,Eric Alexander,ramirezmichael@example.com,Wallis and Futuna,2024-06-07,Basic,39608.86
6260,Charles Ramsey,heatherward@example.com,Eritrea,2020-06-10,Standard,26501.42
6261,Brittany Roberts,ypatel@example.com,Denmark,2018-12-22,Standard,49673.38
6262,Mr. Tommy Pena,pwilliams@example.org,French Guiana,2018-05-24,Premium,6168.99
6263,Regina Dean,cesarpatterson@example.org,Guernsey,2022-03-29,Basic,17358.57
6264,Greg Barron,jacob11@example.net,Northern Mariana Islands,2019-09-24,Basic,38800.72
6265,Melanie Ramirez,jonathandavis@example.org,Philippines,2019-12-22,Basic,1436.77
6266,Cindy Fowler,padillarobert@example.net,Anguilla,2020-02-03,Basic,36340.09
6267,Kayla Morgan,patricia83@example.com,Eritrea,2023-06-09,Premium,17264.07
6268,Mark West,xandrews@example.net,Liberia,2022-03-10,Basic,17677.22
6269,Gregory Carter,crystalwong@example.org,Saint Martin,2020-05-23,Premium,7503.09
6270,Elizabeth Cruz,lauranguyen@example.net,Equatorial Guinea,2019-09-10,Basic,34691.93
6271,Kathleen Powers,bryan78@example.net,Tunisia,2022-12-19,Premium,34995.59
6272,Robert House,jesse81@example.com,Marshall Islands,2020-02-18,Basic,30209.15
6273,Scott Richmond,nathan19@example.org,Philippines,2019-12-15,Premium,14437.74
6274,Caitlin Campbell,tjones@example.net,Mongolia,2023-04-25,Basic,34705.29
6275,Brittany Rogers,scottgarcia@example.org,Saint Kitts and Nevis,2020-06-28,Standard,11352.54
6276,Robert Ali,miranda63@example.com,Barbados,2020-07-17,Standard,21398.39
6277,Kristin Tucker,nbrown@example.org,Armenia,2023-09-09,Standard,48602.44
6278,Danielle Jones,brownlarry@example.com,Falkland Islands (Malvinas),2023-04-08,Standard,4672.74
6279,Ashley Rosario,jenniferguerra@example.net,France,2018-07-20,Basic,48808.55
6280,Anthony Simmons,alyssa06@example.net,Slovakia (Slovak Republic),2018-07-06,Basic,9453.13
6281,Brittany Blair,bill17@example.org,Syrian Arab Republic,2024-10-22,Standard,39416.82
6282,Andrew Wright,djohnson@example.org,Marshall Islands,2019-05-10,Basic,40365.60
6283,Roy Garza,salvarez@example.org,Lebanon,2020-03-29,Standard,2024.86
6284,Mark Villegas,sethlynch@example.com,Georgia,2018-02-27,Standard,6321.60
6285,Anthony Williams,pwalsh@example.com,Latvia,2022-06-12,Premium,17775.62
6286,Aaron Barker,brownjason@example.com,Norfolk Island,2024-03-17,Premium,44658.13
6287,Rachel James,stephensnicholas@example.org,Malta,2024-04-05,Basic,28055.01
6288,Rachel Cochran,smithbryan@example.org,Bolivia,2020-01-20,Basic,4573.06
6289,Chase Taylor,jacksonrandy@example.org,Tunisia,2023-07-13,Basic,39708.42
6290,Lisa Flores,martineztammy@example.org,Senegal,2022-11-16,Basic,38126.04
6291,Kimberly Jones,yknight@example.com,Saint Kitts and Nevis,2023-12-28,Standard,38989.60
6292,Abigail Reyes,hgraham@example.com,Tajikistan,2023-05-14,Premium,16283.16
6293,Ryan Rodriguez,christopher63@example.org,Monaco,2020-12-11,Premium,7342.92
6294,Christian Rodriguez,iscott@example.net,Vietnam,2020-06-06,Basic,49125.33
6295,Mark Martinez,ethomas@example.com,Angola,2019-08-04,Premium,45990.17
6296,Brittney Murphy,kristin96@example.com,Greece,2023-09-14,Premium,31773.55
6297,Christopher Hill,rachelmiller@example.net,Panama,2024-10-24,Standard,12762.44
6298,Brenda Nguyen,dana05@example.net,Lao People's Democratic Republic,2019-09-23,Standard,28054.63
6299,Lisa Arellano,mcgrathgeorge@example.org,El Salvador,2024-05-07,Premium,35896.01
6300,Brenda Lewis,harry17@example.net,Gibraltar,2020-01-25,Premium,36739.20
6301,Jeremy Hahn,ericmoore@example.com,Bermuda,2021-12-19,Standard,2952.28
6302,Lisa Walsh,youngkimberly@example.com,Korea,2020-01-20,Basic,49645.85
6303,Nicholas Velasquez,kyle22@example.net,Samoa,2021-10-14,Premium,18642.37
6304,Adam Barr DDS,morserachel@example.net,Jersey,2018-07-21,Standard,12187.93
6305,Michael Rocha,cmyers@example.com,China,2023-05-16,Premium,3426.79
6306,Amanda Moore,tdougherty@example.net,Netherlands Antilles,2019-04-15,Basic,2865.55
6307,William Williams,amartinez@example.com,Swaziland,2022-06-14,Basic,39669.84
6308,Mrs. Dawn Rivas MD,jessica65@example.com,Kyrgyz Republic,2021-02-03,Premium,41400.89
6309,Bailey Watts,mrodriguez@example.com,Chad,2018-01-26,Standard,33483.22
6310,Paul Lewis,adrianasweeney@example.org,Cameroon,2020-07-27,Basic,47493.92
6311,Paula Shaffer,usimmons@example.com,Saudi Arabia,2019-05-15,Basic,28128.06
6312,Lynn Anderson,kayla46@example.net,Gambia,2019-09-01,Premium,44435.08
6313,Donald Brown,cortezeric@example.org,Thailand,2018-10-21,Premium,38760.94
6314,James Nguyen,michael38@example.net,China,2019-12-16,Standard,33088.81
6315,Mrs. Veronica Torres,jennifer35@example.com,Israel,2023-09-15,Standard,33232.11
6316,Candice Anderson,xcabrera@example.com,Paraguay,2020-07-27,Basic,41425.78
6317,Larry Walters,mcphersontiffany@example.net,Nicaragua,2023-04-24,Basic,18332.21
6318,Ashley Hall,efowler@example.net,Belarus,2018-09-17,Standard,36551.83
6319,Megan Olson,garcialance@example.org,Brazil,2023-05-05,Premium,18140.45
6320,Heather Ingram,fieldsmary@example.org,Bangladesh,2020-10-26,Basic,3728.80
6321,Leon Martin,wilsonamy@example.net,Uruguay,2019-12-15,Basic,33018.44
6322,Andrew Parsons,mharris@example.com,Turkmenistan,2022-02-17,Premium,21463.14
6323,Alison Eaton,,Argentina,2021-01-01,Premium,3966.91
6324,Lindsey Gallegos,johnsonbelinda@example.com,French Polynesia,2021-11-02,Standard,21470.43
6325,Andrew Stevens,devonsmith@example.com,Grenada,2018-03-11,Basic,46673.93
6326,Dylan Griffin,jfuller@example.org,Syrian Arab Republic,2019-01-10,Basic,36072.74
6327,Carrie Boyer,monicapacheco@example.com,Saint Pierre and Miquelon,2024-08-23,Premium,29587.64
6328,Martin Miller,christianbrown@example.com,Denmark,2023-01-21,Basic,24882.89
6329,Kathryn Castaneda,rriddle@example.org,Ethiopia,2020-01-28,Premium,23910.30
6330,Traci Reynolds,dennis30@example.com,Paraguay,2018-01-03,Premium,1006.19
6331,Dawn James MD,williamharris@example.net,Madagascar,2019-11-23,Standard,48822.08
6332,Amy Crawford,hannahbarber@example.com,United States of America,2018-03-03,Premium,31175.19
6333,Anthony Patel,jgreen@example.net,French Guiana,2023-07-26,Premium,6884.17
6334,George Hogan DVM,kowen@example.net,Gambia,2019-01-03,Premium,15443.30
6335,Lawrence Gaines,jacobsalinas@example.com,Guatemala,2020-04-06,Basic,12258.18
6336,Allison Curtis,edward00@example.org,French Southern Territories,2022-10-28,Basic,20236.33
6337,Lisa Wilson,ugriffin@example.com,Holy See (Vatican City State),2023-12-19,Basic,32398.59
6338,Patrick Banks,scott98@example.com,Hungary,2022-07-21,Premium,28363.10
6339,Vanessa Jordan,melissalewis@example.net,Guadeloupe,2023-11-14,Standard,10859.41
6340,Tammy Simon,johnsonemily@example.org,Palau,2019-11-07,Standard,24578.42
6341,Gregory Lee,michelle25@example.com,Puerto Rico,2023-06-05,Premium,4087.16
6342,Ryan Freeman,danielmontoya@example.org,Georgia,2024-10-01,Premium,6679.40
6343,Nathan Burns,martinezyvonne@example.net,Suriname,2022-05-14,Basic,38255.57
6344,Jeremy Martinez,elizabethdiaz@example.org,Isle of Man,2023-03-01,Standard,34803.10
6345,Edward Hart,davidmiller@example.com,Mozambique,2023-12-13,Basic,31119.71
6346,Daniel Simpson,ejones@example.org,Gibraltar,2024-02-10,Standard,17685.60
6347,Stacey Lewis,durhamrobin@example.com,Mauritania,2020-05-01,Basic,34278.40
6348,Patty Thompson,emoore@example.org,New Zealand,2021-06-18,Premium,5852.88
6349,Douglas Nunez,melissajordan@example.org,Afghanistan,2019-01-11,Basic,38521.17
6350,Lisa Mahoney,qguerrero@example.net,Romania,2021-09-08,Standard,9499.97
6351,Edward Estrada,golson@example.com,Cyprus,2023-10-01,Basic,36281.55
6352,Jeremiah Taylor,vcallahan@example.com,Argentina,2024-06-26,Basic,16810.07
6353,Jaime Watkins,wendypayne@example.net,Indonesia,2020-08-13,Premium,7322.11
6354,Krystal Hill,fisherlorraine@example.org,Costa Rica,2019-10-12,Premium,29346.07
6355,Taylor Miller,tsherman@example.net,Ghana,2021-12-12,Premium,38752.33
6356,Allen Hughes,corywilliams@example.net,Puerto Rico,2023-06-15,Standard,13687.14
6357,Alexandra Sanchez,owright@example.net,Heard Island and McDonald Islands,2021-03-04,Basic,32040.19
6358,Krista Camacho,brookedavis@example.com,Iran,2021-03-09,Standard,443.69
6359,Michael Brown,pnavarro@example.net,Malaysia,2018-07-24,Premium,7099.99
6360,Angela Santiago,erin44@example.org,Antarctica (the territory South of 60 deg S),2024-04-17,Standard,19842.60
6361,Matthew Patton,erojas@example.com,British Virgin Islands,2021-06-20,Basic,33302.53
6362,Elaine Fisher,mindy83@example.org,Iran,2022-11-18,Standard,20105.59
6363,Peter Blackwell,michelelynn@example.org,Romania,2024-06-02,Standard,29694.98
6364,Andrew Bryant,steven86@example.com,Tunisia,2021-06-21,Premium,21047.50
6365,Zachary Lopez,andrew66@example.com,Aruba,2020-04-04,Standard,44537.27
6366,Laura Nunez,robertsonmichael@example.org,Japan,2022-10-14,Basic,49531.32
6367,Anthony Palmer,vwatson@example.org,Burkina Faso,2020-11-18,Standard,1748.01
6368,William Crawford,wongjordan@example.org,Peru,2022-07-24,Premium,17714.87
6369,Michael Monroe,ashleymeyer@example.net,Tanzania,2020-06-22,Standard,10039.07
6370,Kevin Ingram,smithnicole@example.net,Palestinian Territory,2024-08-08,Basic,19367.43
6371,Aimee Palmer,hughesjay@example.net,British Virgin Islands,2021-01-20,Basic,21388.57
6372,Michelle Perkins,thomasknight@example.net,Nauru,2020-02-03,Standard,22124.83
6373,Connie Randall,mckayamanda@example.net,Brunei Darussalam,2019-03-27,Basic,28315.09
6374,Gary Davis,marshallmichael@example.com,Samoa,2022-01-06,Premium,28508.56
6375,Jorge Sanford,rmarquez@example.com,San Marino,2022-04-07,Premium,16122.70
6376,Jason Torres,cookgina@example.net,Czech Republic,2018-07-22,Basic,18610.99
6377,Brian Flynn,vbrennan@example.net,Belgium,2023-03-24,Basic,497.06
6378,Mr. Billy Miller,ksantana@example.org,Brazil,2022-02-16,Standard,5595.09
6379,Chad Mata,brhodes@example.org,Slovenia,2023-12-07,Premium,23187.36
6380,Grace Wright,xhenderson@example.org,Bermuda,2020-04-25,Standard,15055.51
6381,Sherry Flores,vgarrett@example.org,Hungary,2018-11-17,Standard,30742.67
6382,Brian Jackson,saundersjohnathan@example.net,Congo,2023-11-19,Basic,42511.95
6383,Joseph Oneill,justinyoung@example.com,Anguilla,2024-05-23,Standard,30625.03
6384,Douglas Smith,lcollins@example.com,Tanzania,2021-11-29,Standard,20755.98
6385,Kathy Nguyen,debbie46@example.net,Germany,2022-11-16,Premium,14997.00
6386,David Thomas,jrobinson@example.net,Christmas Island,2021-09-15,Standard,43745.48
6387,Cameron Rivera,william77@example.com,Swaziland,2021-04-11,Basic,11148.19
6388,Richard Brown,petersonjared@example.net,Hong Kong,2020-11-20,Premium,39606.19
6389,Joshua Bates,heather99@example.com,Portugal,2021-06-04,Basic,6153.48
6390,Kimberly Mccormick,timothy71@example.org,Gambia,2024-05-21,Basic,29495.50
6391,Gerald Allen,josephguerra@example.org,Jamaica,2024-10-24,Premium,41705.79
6392,Jimmy Merritt,yfisher@example.com,Italy,2020-11-24,Standard,28958.13
6393,Tiffany Ayala,omeyers@example.org,Tonga,2021-03-13,Premium,28788.50
6394,Lawrence Lewis,ralexander@example.com,Korea,2021-01-09,Standard,13263.34
6395,Ryan Johnson,james71@example.net,Sierra Leone,2023-11-24,Basic,41854.90
6396,Kelly Andersen,barrerajeffery@example.com,Argentina,2024-04-18,Premium,7390.60
6397,Danielle Mclaughlin,thomassutton@example.com,Congo,2018-07-15,Basic,16476.58
6398,Tammie Ochoa,clarkelizabeth@example.com,Indonesia,2022-09-17,Premium,30311.39
6399,Steven Park,kirbywalter@example.com,Lebanon,2023-05-08,Basic,46765.44
6400,Katie Moran,gfox@example.com,Guernsey,2024-06-15,Basic,40896.86
6401,Lori Swanson,steven97@example.org,Bolivia,2023-11-10,Basic,42920.87
6402,Kyle Ellis,,Namibia,2021-01-09,Premium,12533.94
6403,Teresa Marsh,cole83@example.org,Serbia,2019-03-01,Premium,49885.55
6404,Jose Sanders MD,qweaver@example.net,Montserrat,2024-05-27,Standard,6541.53
6405,Brianna Smith,shericrosby@example.com,Bahamas,2019-12-11,Premium,43035.02
6406,Whitney Humphrey,josedavis@example.org,Armenia,2018-06-27,Standard,16408.49
6407,Yolanda Brooks,murillojeffrey@example.com,Christmas Island,2023-10-26,Standard,9716.55
6408,Diane Brooks,tbrown@example.net,Sao Tome and Principe,2022-08-18,Standard,16900.24
6409,Shari Jones,fernandezkristin@example.net,Pitcairn Islands,2024-07-26,Premium,42971.26
6410,Nicole Garza,turnerlogan@example.net,Zimbabwe,2019-05-30,Premium,12297.25
6411,Jeremy Jones,yjenkins@example.org,Brazil,2018-06-25,Standard,13979.07
6412,Teresa Gonzalez,crystal61@example.com,Saint Helena,2022-11-08,Standard,19136.92
6413,Samuel Cooper,sarahhendricks@example.net,Comoros,2018-09-20,Premium,36204.37
6414,Elizabeth Morrow,john12@example.org,Antigua and Barbuda,2020-07-04,Basic,2824.92
6415,Evelyn Livingston,brandon02@example.com,Bosnia and Herzegovina,2018-04-23,Premium,44872.22
6416,Joanne Lewis,isaac37@example.net,Egypt,2021-12-28,Premium,6904.38
6417,Daniel Roth,larrycarter@example.net,Kazakhstan,2019-04-16,Premium,36718.56
6418,Jose Roach,emartin@example.com,Slovenia,2023-03-06,Standard,42937.74
6419,Lisa Ho,jessica92@example.org,Antigua and Barbuda,2021-12-30,Basic,35378.24
6420,Kathleen Simpson,amber21@example.net,Guam,2022-05-24,Premium,16605.29
6421,Stephanie Wang,dennistracy@example.net,Italy,2021-10-13,Basic,33909.29
6422,Danny Hill,batesjessica@example.com,Namibia,2023-04-15,Premium,27813.32
6423,Bobby Mccullough,christopher66@example.org,Liberia,2022-10-29,Premium,46142.62
6424,Gregory Williams,sstewart@example.net,United Arab Emirates,2024-11-01,Premium,47224.65
6425,Peggy Graham,scottwatson@example.com,Kyrgyz Republic,2020-12-05,Basic,18088.76
6426,Stephen Ford,camerongarza@example.org,Timor-Leste,2021-05-07,Premium,13042.81
6427,Shelby French,vjames@example.com,Afghanistan,2021-09-02,Standard,19455.53
6428,Nicole Burns,smithgeorge@example.com,Morocco,2018-12-13,Premium,11218.83
6429,Patricia Doyle,matthew78@example.com,Yemen,2024-01-30,Basic,18612.23
6430,Michael Smith,wmason@example.org,Italy,2020-04-18,Standard,44523.42
6431,Dr. Jessica Lynn,joan18@example.com,Mauritius,2020-02-20,Standard,7962.81
6432,Samantha Torres,mterry@example.net,Congo,2019-07-10,Premium,42912.97
6433,Aimee Griffith,garretttran@example.com,Macao,2020-03-09,Standard,22930.21
6434,Matthew Clark,nathan78@example.com,Solomon Islands,2020-01-21,Standard,20388.22
6435,Erin Thornton,neaton@example.org,Mozambique,2019-03-18,Premium,15132.77
6436,Paul Barnes,andrewwagner@example.org,Bulgaria,2023-01-21,Basic,29014.33
6437,Gregory Stevens,greendevin@example.com,India,2023-08-29,Basic,34688.01
6438,David Salinas,armstrongmary@example.com,Heard Island and McDonald Islands,2022-06-12,Basic,41576.64
6439,Maria Ramos,mitchellashley@example.net,Jamaica,2018-05-14,Basic,39594.34
6440,Charles Sandoval,agonzales@example.org,Moldova,2021-07-09,Basic,35421.54
6441,Michael Shaw,dnixon@example.org,Cambodia,2019-07-31,Basic,43031.74
6442,Joseph Bruce,onelson@example.com,Palau,2022-04-12,Basic,47967.24
6443,Linda Massey,qmorrison@example.net,Czech Republic,2019-09-19,Basic,4574.56
6444,Lisa Harris,jenniferrose@example.com,Micronesia,2023-06-19,Standard,44474.50
6445,Kristen Hogan,michaelmartinez@example.com,Cote d'Ivoire,2018-09-21,Standard,13248.45
6446,Michelle Rasmussen,bartlettnicholas@example.org,Samoa,2018-06-03,Standard,10471.18
6447,Gary Henry,timothyproctor@example.org,Saint Martin,2021-07-28,Premium,7842.77
6448,Brandi Riley,bennettzachary@example.net,Iraq,2024-01-07,Standard,47367.73
6449,Craig Clark,gregory95@example.org,Mauritius,2019-11-01,Premium,40771.83
6450,Christian Ball,bbates@example.org,Martinique,2024-11-01,Standard,21164.00
6451,Anthony Powell,cfigueroa@example.net,Timor-Leste,2021-10-17,Premium,22477.94
6452,Jeremy Joseph,ejones@example.net,Aruba,2021-10-11,Basic,43619.82
6453,Kenneth Baker,ymason@example.net,Ukraine,2019-10-16,Premium,10131.99
6454,Claudia Ward,qramirez@example.com,Cayman Islands,2023-11-02,Premium,31218.06
6455,Brenda Wilson,johnramirez@example.net,Puerto Rico,2020-08-15,Premium,6900.98
6456,Cole Bell,kimberly19@example.net,Swaziland,2019-07-05,Standard,20123.51
6457,James Lewis,andrew35@example.com,Cocos (Keeling) Islands,2019-03-18,Premium,10300.12
6458,Jamie Harris,thomas26@example.net,Reunion,2018-02-10,Premium,1196.13
6459,Amanda Marshall,megan85@example.net,Singapore,2020-03-19,Standard,20473.74
6460,Alejandra Riley,rhamilton@example.net,Montenegro,2022-12-12,Premium,36729.76
6461,Michael Adams,hannah51@example.com,Nicaragua,2019-05-19,Basic,45055.09
6462,Jonathan Mcdonald,melvinlawson@example.com,Faroe Islands,2023-02-12,Standard,46647.45
6463,Dustin Norton,victoriarandall@example.net,Mongolia,2018-02-13,Standard,42809.55
6464,Mike Freeman,jbryant@example.org,Cambodia,2019-08-05,Standard,30522.66
6465,Elizabeth Solomon,avilamario@example.org,Dominica,2021-11-23,Standard,12531.26
6466,Alexandra Crawford,stevecox@example.org,Togo,2018-08-21,Premium,13971.90
6467,Sarah Ballard,sgallagher@example.com,Puerto Rico,2022-02-25,Premium,2896.90
6468,Selena Holt,daniel53@example.net,Honduras,2019-12-10,Premium,36762.33
6469,Megan Wilson,eblack@example.org,Senegal,2024-03-27,Standard,40821.63
6470,Amanda Peterson,brownrichard@example.net,Poland,2019-11-30,Premium,1549.26
6471,Gregory Moreno,sarah39@example.net,Cayman Islands,2021-01-14,Basic,45903.20
6472,Sharon Scott,sherry52@example.org,Cocos (Keeling) Islands,2019-06-24,Premium,6440.08
6473,Eric Kaufman,joshua13@example.net,Spain,2021-04-27,Standard,3498.26
6474,Laura Rios,mmorales@example.org,Cote d'Ivoire,2024-07-09,Basic,39878.45
6475,Cynthia Miller,lsilva@example.org,Liberia,2018-03-09,Premium,22765.52
6476,Oscar Nunez,tharper@example.org,American Samoa,2019-10-30,Premium,33129.68
6477,Samantha Clark,curtisbryce@example.org,Maldives,2019-06-27,Standard,2700.75
6478,Doris Bush,brownmaria@example.org,Poland,2022-03-10,Premium,22023.40
6479,Robert Perez,chadedwards@example.net,Kazakhstan,2022-08-22,Standard,33061.64
6480,Renee Aguilar,ktaylor@example.org,Albania,2024-02-17,Standard,36509.40
6481,Chelsea Mitchell,drew85@example.org,Gibraltar,2019-02-21,Standard,32145.44
6482,Anthony Walls,duncanedward@example.com,Austria,2023-07-22,Standard,41259.53
6483,Nicholas Gomez,nnguyen@example.net,Bangladesh,2022-08-23,Premium,31152.70
6484,Denise Ali,amyshepard@example.com,Guinea,2024-09-26,Premium,46290.40
6485,Judy Dean MD,dmay@example.net,Zambia,2018-07-24,Standard,18052.06
6486,Jordan Torres,zjohnson@example.com,Cape Verde,2024-01-28,Premium,26887.46
6487,Scott House,bassphilip@example.org,Myanmar,2022-12-11,Premium,39452.13
6488,Ellen Sims,wardmichele@example.org,Tajikistan,2023-04-06,Basic,7502.06
6489,Penny Osborne,sallywilliams@example.com,Niue,2023-09-03,Premium,9075.95
6490,James Huff,anthony59@example.org,Syrian Arab Republic,2021-07-21,Basic,2101.15
6491,Heather Watson,fpatterson@example.net,Uganda,2024-07-23,Basic,17227.78
6492,Samantha Alvarez,brandymcintosh@example.com,Libyan Arab Jamahiriya,2022-06-03,Basic,14159.20
6493,Joel Walter,bushmark@example.org,Belize,2020-11-09,Basic,36262.88
6494,Pamela Knight,bmorton@example.net,British Virgin Islands,2019-08-27,Premium,24324.84
6495,Jesus Knox,tyler42@example.com,Peru,2020-02-08,Standard,28712.83
6496,Carol Garcia,andersondeborah@example.net,Burkina Faso,2018-11-09,Premium,5076.51
6497,Jerry Braun,pattonstacy@example.org,Albania,2018-12-13,Premium,48968.39
6498,Victoria Sanchez,mitchell23@example.com,Martinique,2019-05-04,Basic,22948.69
6499,Rebecca Clark,mrobinson@example.net,Turkmenistan,2023-10-05,Premium,11861.74
6500,Jeremy Schultz,robert68@example.com,Isle of Man,2021-11-20,Basic,27684.67
6501,Amanda Barrett,samantha00@example.org,Saint Barthelemy,2024-11-20,Premium,33513.52
6502,Justin Sandoval,amymurphy@example.com,Tonga,2018-10-30,Standard,42767.38
6503,Susan Castaneda,jeffrey85@example.com,Mauritius,2023-06-09,Standard,34709.94
6504,Mark Ali,toliver@example.com,Niger,2020-07-12,Basic,7637.42
6505,Tamara Lloyd,baileykatherine@example.net,Solomon Islands,2019-03-01,Basic,48584.06
6506,Tina Nelson,mdavis@example.net,Nepal,2024-12-03,Standard,34752.80
6507,Brian Davis,dillonrichard@example.com,Israel,2019-12-31,Basic,15985.14
6508,Susan Myers,kelly55@example.org,Singapore,2019-03-25,Standard,5190.98
6509,Melinda Robinson,xcoleman@example.net,Niger,2019-12-20,Premium,45275.27
6510,Lisa Williams,joshualivingston@example.org,Djibouti,2022-05-08,Basic,12800.91
6511,Kristina Davenport,jackpatterson@example.com,Malawi,2020-06-21,Basic,22774.73
6512,Lisa Rodriguez,ydavis@example.org,Mexico,2019-11-01,Premium,18099.76
6513,Jennifer Joseph,hopkinskaren@example.org,Benin,2021-03-30,Premium,7302.66
6514,Angela Gonzalez,michaelwilson@example.org,Yemen,2022-03-19,Premium,18906.52
6515,Aaron Washington,thomas44@example.com,Switzerland,2021-08-05,Basic,40564.35
6516,Cheryl Jackson,jeremyoliver@example.net,Bouvet Island (Bouvetoya),2024-08-18,Basic,19186.76
6517,Mr. Leonard Stanton,kgrant@example.com,Mali,2020-02-27,Premium,37027.89
6518,Mary Mills,doris13@example.net,Romania,2018-01-07,Basic,27024.97
6519,Melissa Becker,alexis74@example.com,Falkland Islands (Malvinas),2020-03-11,Premium,48810.48
6520,Jesse Bishop,autumnbarnes@example.net,Libyan Arab Jamahiriya,2021-04-20,Standard,22196.65
6521,Glenn Washington,cruzwilliam@example.org,Saint Vincent and the Grenadines,2018-03-17,Standard,25159.95
6522,Chase Martinez,harperjorge@example.com,Belarus,2023-10-26,Standard,25477.87
6523,Tiffany Martinez,wooddavid@example.com,Dominica,2024-07-04,Standard,686.00
6524,David Jones,fkirk@example.net,Korea,2023-03-19,Premium,40241.53
6525,Ronnie Contreras,catherine14@example.com,Greece,2018-02-12,Standard,30731.10
6526,David Norris,megan01@example.com,Hong Kong,2022-03-27,Basic,34249.30
6527,Desiree Everett,graysierra@example.org,Guernsey,2018-10-20,Basic,38327.83
6528,Crystal Alvarez,adrian91@example.org,Ethiopia,2021-07-06,Premium,39422.34
6529,John Jones,tuckeraudrey@example.com,Norway,2023-01-10,Standard,12943.20
6530,Tyler Berger,collinsmichael@example.com,Myanmar,2020-01-15,Standard,21414.22
6531,Marisa Murphy,amymathews@example.com,Mexico,2020-05-06,Premium,47386.67
6532,Shane Thompson,esimmons@example.net,Australia,2024-09-14,Basic,15894.97
6533,Daisy Meyer,reyesamber@example.net,Burundi,2020-08-13,Standard,9330.83
6534,Michelle Werner,morrowcassandra@example.com,Vanuatu,2023-08-02,Standard,16013.45
6535,Eric Giles,john03@example.org,Panama,2019-11-30,Premium,45611.22
6536,Michael Green,craigchristina@example.net,Belize,2024-05-12,Premium,975.09
6537,Karen Clark,thompsondanielle@example.com,Dominican Republic,2018-11-26,Standard,17529.56
6538,Brenda Lutz,gabrielcasey@example.org,Syrian Arab Republic,2018-12-09,Premium,40495.11
6539,Scott Brown,dustinbanks@example.org,Greenland,2019-07-03,Premium,32740.58
6540,Debbie Hall,markthomas@example.com,Saudi Arabia,2024-06-03,Basic,46379.58
6541,Susan Green,brianleon@example.com,Tokelau,2019-09-11,Basic,14363.29
6542,Tyler Mcdonald,kaylabridges@example.org,Congo,2018-10-20,Standard,46210.62
6543,Hannah Mendez,aphillips@example.org,North Macedonia,2022-08-09,Premium,2197.87
6544,Antonio Johnson,qmoore@example.org,Reunion,2024-08-19,Standard,15858.65
6545,David Lyons,rangelpaul@example.org,Somalia,2024-07-10,Standard,11706.31
6546,Lucas Davis,ryanbarnes@example.net,Australia,2020-09-27,Standard,33451.92
6547,Vanessa Moore,sandra26@example.org,Armenia,2019-09-24,Basic,20489.42
6548,Joshua Brewer,garymeyer@example.org,Guyana,2024-12-24,Basic,14903.28
6549,Lisa Gilbert,sandra45@example.net,Mongolia,2020-01-07,Premium,21630.08
6550,Gabriel Davidson,michelle52@example.net,Faroe Islands,2018-11-08,Standard,33195.94
6551,Judy Sanders,curtis88@example.net,Tuvalu,2024-12-28,Basic,1450.69
6552,Felicia Graham,ronnierussell@example.com,Sierra Leone,2024-03-07,Standard,4945.09
6553,Daniel Moss,jacksoncourtney@example.org,Czech Republic,2020-04-18,Basic,5437.76
6554,Tasha Sheppard,nkelly@example.net,Singapore,2024-01-14,Premium,2276.11
6555,Deborah Jones,jillian35@example.com,Philippines,2024-06-08,Basic,42598.22
6556,Erin Mueller,anne83@example.net,Jamaica,2020-07-08,Basic,42791.40
6557,Tracy Hoffman,michaelwatson@example.com,Cuba,2018-09-21,Basic,4277.03
6558,Scott Hurley,sarahmorgan@example.org,Guinea,2019-09-14,Premium,47492.87
6559,Craig Mercer,bfisher@example.com,Zambia,2019-12-10,Premium,18668.45
6560,Laura Cunningham,teresascott@example.org,Guinea-Bissau,2021-04-27,Basic,33171.04
6561,Frank Snow,gardnerelizabeth@example.org,Argentina,2019-04-07,Basic,18687.22
6562,Sabrina Martin,baldwinjason@example.com,Haiti,2019-09-22,Standard,27217.65
6563,Brent Li,derekhernandez@example.com,United States Minor Outlying Islands,2024-01-04,Standard,49572.55
6564,Dennis Martinez,roberthall@example.org,Isle of Man,2021-05-05,Premium,5288.66
6565,Nicole Wilson,luis71@example.com,Oman,2024-07-15,Premium,26588.83
6566,Frank Davenport,cfreeman@example.com,Mexico,2020-12-09,Basic,26907.96
6567,Amanda Gallegos,sheltondanielle@example.net,Bolivia,2022-05-15,Standard,49442.21
6568,Jay Evans,rebeccamccarthy@example.com,Comoros,2019-07-02,Basic,147.90
6569,Ricky Perry,clarkjennifer@example.net,Mongolia,2022-05-10,Premium,28543.86
6570,Angelica Walter,sean97@example.org,Christmas Island,2023-08-21,Standard,22167.98
6571,Joshua Gomez,matthew78@example.net,Latvia,2023-11-19,Standard,12303.14
6572,Richard Soto,suareznatasha@example.com,Japan,2021-07-08,Basic,16431.88
6573,William Aguilar,deankathleen@example.net,Jersey,2022-05-08,Basic,20146.16
6574,Veronica Greene,alexander86@example.com,Wallis and Futuna,2022-06-24,Basic,15608.53
6575,Jenna Duncan,elizabethsampson@example.net,Oman,2019-05-02,Basic,21823.69
6576,Steven Carroll,hnelson@example.org,Dominica,2019-06-14,Premium,14880.10
6577,Angela Dominguez,johnsonkeith@example.com,Guadeloupe,2020-01-09,Premium,30564.70
6578,Ryan Murphy,cescobar@example.org,Grenada,2022-11-22,Premium,9034.38
6579,Christopher Wells,williambriggs@example.net,Iran,2020-03-02,Premium,953.68
6580,Jeffrey Reynolds,lisa43@example.org,Benin,2018-09-19,Premium,14287.67
6581,Thomas Brown,wgomez@example.org,Gambia,2024-11-10,Standard,26641.69
6582,Dawn Murray,rgross@example.com,San Marino,2019-04-07,Standard,36663.67
6583,Albert Gomez,cjones@example.org,Pitcairn Islands,2023-09-25,Basic,38647.03
6584,Matthew Thomas,ashley08@example.net,Mayotte,2019-04-04,Premium,23605.87
6585,Pamela Kelley DDS,vanessadillon@example.com,Costa Rica,2024-11-24,Standard,7755.87
6586,Christopher Garcia,kayla21@example.org,Guatemala,2022-07-23,Basic,30509.58
6587,Traci Kelley,colemandawn@example.org,Saudi Arabia,2024-11-15,Standard,28810.83
6588,Kayla Arnold,brandon99@example.net,Brazil,2023-11-28,Premium,32619.22
6589,Robert Turner,cartermichael@example.org,Moldova,2023-10-06,Basic,10038.21
6590,Maurice Padilla,timothy42@example.net,Portugal,2024-02-29,Premium,2944.95
6591,Daniel Perry,smallgeorge@example.com,Gabon,2022-11-05,Standard,20550.08
6592,Francisco Adams,hollysingh@example.org,France,2019-11-20,Basic,206.33
6593,Kyle Ramsey,boonedavid@example.org,Mauritania,2018-01-23,Standard,46818.69
6594,Jody Zimmerman,devon39@example.net,Reunion,2019-10-23,Basic,16899.36
6595,Renee Ross,karen27@example.com,Macao,2024-02-07,Standard,9508.75
6596,Alicia Garcia,martinkristopher@example.com,Iceland,2019-01-30,Premium,16156.10
6597,David Moore,jacobstracy@example.org,Algeria,2018-07-10,Standard,40499.69
6598,Sarah Matthews,lawsonemily@example.com,Tonga,2021-01-11,Premium,44326.17
6599,Sandra Parks,jonesmatthew@example.org,Dominica,2020-08-20,Basic,35518.24
6600,Anthony Lambert,paula37@example.net,Lebanon,2021-12-26,Basic,34486.71
6601,James Parker,taylormendoza@example.com,Mexico,2022-09-08,Basic,8628.71
6602,Randy Gonzalez,vasquezaustin@example.org,Gibraltar,2024-05-01,Basic,3216.14
6603,Darren Smith,matthewreyes@example.com,Faroe Islands,2023-01-22,Standard,26745.70
6604,David Santana,sandrayoung@example.org,Guinea-Bissau,2022-11-06,Premium,41149.48
6605,Jason Perez,valerie42@example.org,Isle of Man,2022-11-22,Premium,42903.95
6606,Christina Richardson,andresgilmore@example.net,Antarctica (the territory South of 60 deg S),2019-12-28,Basic,49647.88
6607,Maria Delgado MD,wrightmichael@example.com,Northern Mariana Islands,2020-04-27,Basic,30509.75
6608,Scott Mckinney,ncrawford@example.com,Gambia,2022-04-28,Basic,39501.23
6609,Terry Gonzalez,burgesskevin@example.org,Colombia,2020-04-14,Premium,40746.41
6610,Margaret Lewis,gloria48@example.net,Gibraltar,2022-07-28,Basic,4256.76
6611,Samantha Larson,jennifercarlson@example.com,Guinea,2021-10-09,Basic,5790.83
6612,Joy Pierce,michaelwilson@example.net,Luxembourg,2024-01-31,Standard,8933.95
6613,Michael Phillips,jroberts@example.org,Vanuatu,2023-02-07,Premium,12466.82
6614,Rachel Davidson,juan24@example.com,Kuwait,2024-03-11,Standard,48260.10
6615,Alejandra Potts,alexis63@example.org,Luxembourg,2019-03-22,Premium,48660.06
6616,Tina Curtis,kingmichelle@example.net,Guatemala,2020-02-17,Premium,33224.82
6617,Travis Fuller,lorigutierrez@example.com,Chad,2019-10-05,Premium,45013.44
6618,Christian Jones,qvalentine@example.net,Germany,2024-10-29,Premium,5047.55
6619,Christina Tucker,bcarr@example.com,Palestinian Territory,2024-01-24,Basic,36581.38
6620,John Foley,paulpalmer@example.net,Congo,2020-07-05,Standard,44895.80
6621,Richard Vazquez,jeffreyfreeman@example.net,Saint Pierre and Miquelon,2023-03-04,Basic,30044.32
6622,Michelle Avery,gallegosaaron@example.net,Zambia,2018-09-17,Basic,23895.85
6623,Scott Martinez,mjones@example.com,Nigeria,2018-03-23,Standard,47638.11
6624,Joshua Wilson,hgomez@example.com,Saint Vincent and the Grenadines,2023-05-30,Standard,19343.57
6625,Daniel Campbell,theresa26@example.org,Svalbard & Jan Mayen Islands,2018-06-27,Standard,37800.33
6626,Spencer Pittman,tknight@example.com,Barbados,2022-02-25,Basic,8435.70
6627,Bradley Smith,rreyes@example.com,Nicaragua,2024-01-14,Basic,5112.51
6628,Spencer Moore,stephanie78@example.net,Aruba,2020-12-27,Premium,38539.19
6629,Kathy Robles,hendersonalexis@example.org,Suriname,2024-12-19,Premium,23407.74
6630,Patricia Mitchell,udoyle@example.net,Barbados,2022-12-27,Standard,5927.27
6631,Anthony Harrison,guerradebra@example.org,Tunisia,2023-08-23,Basic,5622.38
6632,Robin Cox,jacqueline12@example.net,Niue,2024-08-27,Standard,29019.81
6633,Tristan Marshall,jamesclarke@example.org,Holy See (Vatican City State),2023-12-25,Basic,12422.80
6634,Brittany Walker,carlos13@example.net,Serbia,2021-05-09,Standard,33070.98
6635,Lauren Hines DDS,amberstanley@example.net,Cayman Islands,2019-12-31,Basic,33810.29
6636,William Price,kdunlap@example.org,India,2019-09-10,Basic,19600.38
6637,Juan Carter,brittanyreyes@example.com,Greenland,2022-02-18,Basic,47671.72
6638,David Green,rmorgan@example.org,Anguilla,2022-06-24,Basic,19285.16
6639,Brittney Johnson,parkererica@example.net,North Macedonia,2019-12-01,Basic,43506.89
6640,Keith Sims,lthomas@example.net,Malaysia,2024-06-12,Premium,7004.45
6641,Daniel Malone,john39@example.org,French Guiana,2023-01-10,Premium,15471.59
6642,Lauren Dunn,haynescynthia@example.net,Isle of Man,2023-09-09,Basic,28318.67
6643,Cory Garrett,lutzkaren@example.com,Montserrat,2019-10-28,Standard,16374.90
6644,Amy Campbell,melaniejackson@example.org,Sweden,2024-10-03,Standard,33591.01
6645,Carol Hansen,thomasabigail@example.net,Estonia,2018-02-06,Standard,36934.89
6646,Ashley Bowers,craigbrittany@example.net,Ireland,2019-07-14,Basic,43096.49
6647,Denise Brown,tina16@example.org,Bulgaria,2018-04-03,Standard,13479.04
6648,Brian Burns,timothy41@example.org,Ecuador,2023-05-01,Premium,38265.13
6649,Timothy Thompson,carolyn15@example.org,Guyana,2022-08-15,Standard,29554.26
6650,Rebecca Clark,christopher63@example.com,Lithuania,2021-06-01,Premium,38247.05
6651,Wendy Wilson,kristin46@example.com,Swaziland,2024-06-09,Basic,19878.23
6652,Renee Rodriguez,georgelozano@example.org,Somalia,2018-03-30,Basic,291.98
6653,Patty Clay,caseadrienne@example.net,Tokelau,2024-09-04,Standard,15418.98
6654,Bryan Garcia,alicia10@example.org,France,2023-08-02,Standard,28001.58
6655,Carlos Cannon,john59@example.com,Malawi,2024-12-05,Basic,14282.91
6656,Kevin Davis,suzanne81@example.org,Puerto Rico,2021-02-03,Premium,47685.06
6657,Jeffrey Burnett,ysimpson@example.com,Australia,2020-03-03,Basic,40118.93
6658,Brandon Hoffman,stevenkemp@example.net,Moldova,2021-05-23,Premium,20606.58
6659,John Wise,imullen@example.org,Timor-Leste,2020-09-20,Standard,41960.90
6660,Sarah Schmidt,victor70@example.com,Benin,2023-10-27,Basic,17233.80
6661,Robert Harmon,thomas08@example.org,Colombia,2022-06-21,Basic,29118.10
6662,Mrs. Anna Wilson MD,mary24@example.net,Turks and Caicos Islands,2023-12-25,Premium,49862.35
6663,Sandra Turner,andrewwolf@example.com,Hong Kong,2021-04-14,Basic,26731.84
6664,Kim Chapman,laurahart@example.org,French Southern Territories,2020-12-22,Standard,15870.25
6665,Sara Smith,spearsbrittany@example.com,Malta,2024-10-13,Premium,33177.78
6666,Lisa Wright,adrian41@example.net,Haiti,2023-10-10,Standard,43804.33
6667,Brandon Soto,anthonyparsons@example.com,Barbados,2021-08-31,Premium,6001.55
6668,James Spears,zjennings@example.net,Saint Martin,2018-05-09,Premium,19983.73
6669,Jason Hogan,lauradickson@example.net,Mali,2023-02-22,Premium,19895.71
6670,Joseph Tate DVM,huntamanda@example.net,India,2021-04-02,Basic,30131.28
6671,Courtney Campbell,brian57@example.org,Thailand,2018-09-08,Premium,42009.38
6672,Kathleen Murray,gibbskimberly@example.com,Timor-Leste,2020-01-04,Standard,26778.60
6673,Vincent Hernandez,russellstephanie@example.com,Myanmar,2020-10-31,Standard,26052.16
6674,Elizabeth Rodriguez,michellejones@example.net,Antarctica (the territory South of 60 deg S),2020-06-26,Premium,27858.47
6675,Anthony Pham,hhinton@example.com,Ecuador,2024-01-20,Basic,27821.67
6676,Brandi Wolfe,kristin93@example.com,Malaysia,2018-06-18,Standard,24175.13
6677,Molly Livingston,romankevin@example.org,Slovakia (Slovak Republic),2024-01-25,Basic,11924.36
6678,Holly Bryant,mariestewart@example.com,Hungary,2024-09-03,Basic,23738.97
6679,Melissa Garcia,,Kuwait,2019-03-11,Basic,17446.89
6680,Jimmy Sparks,maddoxlynn@example.org,Argentina,2020-08-26,Premium,7553.93
6681,Alicia Boyd,schwartzconnie@example.net,Congo,2023-01-06,Standard,45768.41
6682,Laura Henry,lindahenson@example.org,Guyana,2018-07-13,Premium,10721.42
6683,Gina Reed,bmiller@example.net,Rwanda,2021-11-13,Basic,19579.83
6684,Victoria Young,monica98@example.net,Eritrea,2022-07-10,Premium,29649.48
6685,Sara Butler,qchambers@example.net,North Macedonia,2024-09-09,Standard,32287.96
6686,Tina Walton,james22@example.net,Netherlands,2018-03-12,Standard,19431.39
6687,Sarah Fernandez,davidparrish@example.net,Portugal,2019-02-02,Basic,13126.86
6688,Michael Robinson,alecsmith@example.org,Australia,2024-05-04,Premium,41290.85
6689,Timothy Golden,angela90@example.org,Uganda,2024-01-27,Basic,42249.07
6690,Shawn Reynolds,hernandezmichael@example.net,Liechtenstein,2021-04-20,Standard,22496.39
6691,Patrick Owen,bishopcheryl@example.org,Pitcairn Islands,2018-08-01,Basic,38082.38
6692,Nancy Elliott,peter69@example.org,Slovakia (Slovak Republic),2018-03-21,Basic,6003.93
6693,Laura Rodriguez,kaylafisher@example.com,Marshall Islands,2023-04-18,Premium,20780.83
6694,Chelsea Anderson,smiller@example.org,Iceland,2018-05-24,Premium,5738.63
6695,Megan Alvarez,gibsonjenna@example.com,Colombia,2020-04-15,Standard,18680.83
6696,Michelle Becker,sarah26@example.net,Bolivia,2019-05-19,Premium,11623.22
6697,Dillon Fernandez,ibuckley@example.net,Benin,2021-04-25,Standard,47489.73
6698,Deborah Vaughn,mark27@example.com,Argentina,2020-10-29,Premium,30112.50
6699,Ricky Ballard,vmorgan@example.org,Gibraltar,2018-06-27,Standard,24249.00
6700,Derek Kirby,stephensstephanie@example.net,Tunisia,2021-11-05,Standard,27975.44
6701,Kimberly Hopkins,lramos@example.net,Heard Island and McDonald Islands,2022-06-30,Standard,8325.25
6702,Ashley Eaton,morajames@example.com,Bahamas,2018-06-08,Standard,7173.99
6703,Donald Espinoza,nancy01@example.org,Falkland Islands (Malvinas),2019-06-01,Premium,16248.00
6704,Robyn Clarke,jason28@example.net,Serbia,2021-11-10,Basic,29908.09
6705,Taylor Collins,peter47@example.net,Jordan,2023-05-11,Premium,15839.78
6706,Christina Howard,lmcintosh@example.org,Isle of Man,2022-10-09,Premium,9293.42
6707,Karen Perez,masonashley@example.org,Gambia,2020-01-11,Premium,30488.52
6708,Edward Sanders,linda32@example.org,San Marino,2021-09-20,Premium,10851.20
6709,Amanda Sexton,kenneth96@example.net,Italy,2021-04-22,Standard,39677.10
6710,Joe Robbins,brianorr@example.net,Venezuela,2020-11-25,Standard,15434.43
6711,Marc Neal,randy61@example.com,Andorra,2022-05-12,Standard,27105.07
6712,Jacqueline Davis,lewismary@example.com,Saint Lucia,2021-08-26,Standard,29904.66
6713,Emily Steele,caseykrause@example.net,Niue,2024-09-26,Standard,16380.25
6714,Brenda Johnson,lchang@example.net,Guam,2019-01-30,Premium,26765.44
6715,Alexander Brown,kenneth15@example.com,Thailand,2021-07-04,Premium,24506.04
6716,Patricia Frazier,landrynicholas@example.com,Ukraine,2018-12-02,Premium,14444.75
6717,Jake Moore,andrewwilson@example.com,Mauritius,2021-11-25,Premium,5171.21
6718,Samantha Hoffman,floresstephen@example.org,Samoa,2024-09-06,Premium,265.88
6719,John Long,levyelizabeth@example.org,Albania,2020-10-17,Standard,6473.52
6720,Claire Vance,april93@example.org,Denmark,2020-01-28,Premium,46532.86
6721,Stephanie Olson,robert79@example.com,Vietnam,2018-10-06,Basic,38978.72
6722,Sean Nguyen,joshuaponce@example.com,Madagascar,2020-08-28,Basic,7245.00
6723,Jason Rowland,clayscott@example.com,Trinidad and Tobago,2023-03-13,Standard,7936.94
6724,Donna Mcguire,erica78@example.com,India,2021-01-13,Basic,32162.65
6725,Holly Rowe,joshuawest@example.org,Estonia,2020-10-06,Basic,17390.60
6726,Michael Abbott,christopher52@example.org,Papua New Guinea,2021-08-07,Basic,33787.83
6727,Vanessa Clark,millersteven@example.net,India,2024-03-19,Standard,8631.36
6728,Xavier Jones,anita77@example.com,French Southern Territories,2024-07-21,Basic,15333.16
6729,Jason Gonzalez,ehopkins@example.org,Congo,2021-11-19,Premium,35668.85
6730,Joshua Phelps,tylerrusso@example.com,Azerbaijan,2021-07-04,Premium,20363.40
6731,Mary Wagner,tkim@example.com,Saint Lucia,2023-08-20,Standard,24513.75
6732,Tiffany Rivera,ortegamaureen@example.com,Martinique,2024-11-23,Premium,22486.47
6733,Jennifer Thomas,sullivanjose@example.com,Greenland,2018-08-13,Standard,45820.22
6734,Nathan Mathews,reedchristopher@example.org,French Polynesia,2023-12-08,Basic,2453.46
6735,Megan Hall,courtneyshaw@example.com,Nigeria,2021-06-17,Basic,4728.03
6736,Paul Dennis,gedwards@example.net,El Salvador,2023-01-10,Standard,15432.09
6737,Jason Brown,snyderlauren@example.net,Guernsey,2023-04-16,Premium,38257.82
6738,Lisa Ford,forbeslisa@example.com,Heard Island and McDonald Islands,2020-05-29,Standard,38641.63
6739,Carmen Hughes,rojasjose@example.com,Zimbabwe,2021-05-03,Standard,43704.87
6740,Frances Watts,jennifer87@example.org,Uruguay,2021-04-26,Premium,41680.01
6741,James Allen,shepardhector@example.com,Saint Barthelemy,2023-03-05,Premium,17884.72
6742,Daniel Miller,brownchristopher@example.com,Netherlands Antilles,2021-05-14,Basic,40308.30
6743,Amanda Hubbard,scott55@example.com,Kiribati,2024-05-28,Standard,10052.00
6744,Danielle Parks,edwardwhite@example.net,Bangladesh,2021-03-31,Basic,10238.41
6745,Zachary Mccarthy,piercemadeline@example.org,Israel,2021-09-27,Premium,24467.69
6746,Robert Riddle,michaelpalmer@example.org,Malta,2023-12-29,Premium,11190.05
6747,Kyle Hess,kclark@example.com,Uganda,2019-05-27,Basic,10966.88
6748,Don Rogers,thomaslester@example.org,Lao People's Democratic Republic,2018-12-07,Premium,34450.20
6749,Charles Melendez,hsweeney@example.com,Guernsey,2020-09-08,Basic,26106.17
6750,Vanessa Barber,graysarah@example.org,Montserrat,2024-09-27,Premium,21413.49
6751,Joseph Beltran,bthomas@example.com,Iraq,2018-06-03,Basic,23774.27
6752,Erin Huang,rthompson@example.com,Senegal,2024-01-01,Premium,40623.04
6753,Terry Booker,thomasalyssa@example.com,South Africa,2024-03-30,Premium,17696.06
6754,Timothy Riley,stephenwillis@example.net,Montenegro,2019-12-15,Standard,27210.92
6755,Leah Davis,thomasbenjamin@example.org,Guam,2020-03-15,Premium,14333.53
6756,Victoria Brewer,christian68@example.com,Antigua and Barbuda,2024-03-22,Standard,9279.33
6757,Ryan Espinoza,frederick37@example.org,Afghanistan,2018-09-14,Standard,9158.81
6758,Shannon Hayes,nwatson@example.org,Sao Tome and Principe,2022-12-29,Basic,15355.91
6759,Christopher Maynard,pjohnson@example.com,Senegal,2021-08-31,Basic,10714.07
6760,Katrina Mitchell,ronaldfriedman@example.net,Georgia,2021-09-03,Basic,11398.67
6761,Zachary Robinson,montoyaveronica@example.org,Cuba,2023-09-28,Premium,5166.21
6762,Ms. Mary Gomez,john67@example.org,Azerbaijan,2024-05-01,Premium,17876.40
6763,Kimberly Medina,olivernicole@example.com,Serbia,2023-05-14,Premium,14697.61
6764,Tyler Barnes,dillonharris@example.org,Pitcairn Islands,2022-04-12,Standard,4472.35
6765,Angela Kelly,sheri89@example.net,Congo,2023-05-17,Standard,37141.11
6766,Caroline Harris,rstephens@example.org,Brunei Darussalam,2019-10-28,Basic,40472.70
6767,Patricia Mcdonald,dhayes@example.com,Luxembourg,2024-08-08,Premium,49348.15
6768,Michele Cross,meaganevans@example.net,Svalbard & Jan Mayen Islands,2020-07-08,Premium,40700.27
6769,Noah Herring,destiny71@example.org,Djibouti,2019-07-14,Basic,30269.60
6770,Jacqueline Fischer,fmcbride@example.org,Brazil,2020-11-18,Standard,31492.34
6771,Bianca Moore,logan63@example.net,Yemen,2022-10-28,Standard,48586.27
6772,Jeffery Mitchell,jeanneaguirre@example.net,American Samoa,2021-10-30,Premium,30518.61
6773,Gregory Shelton,mtaylor@example.net,Colombia,2024-06-13,Basic,39535.80
6774,Kara Johnson,travisjones@example.org,Iceland,2018-06-01,Premium,2506.39
6775,Brian Smith,andreagonzales@example.org,Vanuatu,2024-09-05,Basic,17080.19
6776,Tiffany Kelley,awright@example.net,Uganda,2020-07-22,Basic,946.40
6777,Marcia Carroll,pwilliams@example.net,Sweden,2020-08-16,Basic,35472.63
6778,Michael Smith,hartrichard@example.net,Svalbard & Jan Mayen Islands,2019-11-02,Premium,35243.16
6779,Patrick Carney,michaelthomas@example.net,Grenada,2024-01-23,Basic,20538.98
6780,Carolyn Preston,andradevanessa@example.com,Albania,2023-11-09,Standard,45239.65
6781,Toni Williams,haroldmcneil@example.com,Dominica,2019-11-29,Basic,14810.97
6782,Christopher Weaver,barbarahoward@example.org,Marshall Islands,2021-02-08,Basic,46900.36
6783,Amanda Coleman,sweeneydarren@example.org,Tonga,2023-10-18,Standard,31000.73
6784,John Herrera,lisa59@example.net,Saint Helena,2024-11-24,Basic,22945.28
6785,Bryan Tucker,gibbsrobert@example.org,Saint Pierre and Miquelon,2022-02-27,Standard,8617.76
6786,Joseph Luna,steven60@example.org,Lao People's Democratic Republic,2022-02-28,Standard,16496.81
6787,Christina Coleman,mariabailey@example.org,Portugal,2024-05-27,Standard,37736.26
6788,Seth Smith,davidford@example.org,Venezuela,2019-06-02,Basic,37120.67
6789,Megan Moore,robin69@example.com,Slovakia (Slovak Republic),2024-08-23,Premium,9039.59
6790,Natalie Reynolds,patrick66@example.com,Indonesia,2018-10-20,Standard,37285.10
6791,Tara Dennis,robert14@example.org,Rwanda,2023-03-11,Basic,26986.78
6792,Alejandra Smith,hooddaniel@example.com,Estonia,2018-10-31,Premium,15032.06
6793,Jordan Burns,smiththomas@example.net,Sudan,2024-01-23,Premium,32000.96
6794,Tyler Thomas,jeffreysimmons@example.org,Norway,2023-01-25,Premium,23159.89
6795,Shelby Clark,josephwilliams@example.com,Falkland Islands (Malvinas),2021-09-06,Basic,26503.13
6796,Johnny Wood,blutz@example.org,Armenia,2020-12-11,Standard,40563.17
6797,Amber Smith,carmen18@example.com,Central African Republic,2020-12-25,Premium,21330.16
6798,Debra Franklin,cindygarrett@example.org,Gabon,2019-10-17,Basic,49746.20
6799,Laura Mitchell,ralphchapman@example.net,Iceland,2023-11-14,Premium,4241.71
6800,Stephanie Miller,tara55@example.net,Malta,2020-06-10,Basic,1581.28
6801,Albert Castillo,dbarton@example.com,Bolivia,2023-12-04,Basic,17151.78
6802,Christy Hicks,jillarnold@example.org,Liechtenstein,2022-11-15,Basic,5792.44
6803,Patrick Campbell,paul50@example.org,Papua New Guinea,2018-12-02,Basic,12363.51
6804,Joshua Sanchez,jennifer41@example.net,Wallis and Futuna,2023-07-07,Basic,4081.34
6805,Luis Martin,usingh@example.com,Aruba,2021-10-10,Basic,666.69
6806,Scott Chung,fwright@example.net,Argentina,2018-04-03,Basic,39766.85
6807,Jay Lee,reedkristy@example.net,Libyan Arab Jamahiriya,2024-06-04,Basic,42311.57
6808,John Hall,fergusonnatalie@example.org,Oman,2019-03-08,Standard,23453.72
6809,Julie Barnes,hamiltonandrew@example.org,Madagascar,2018-07-12,Standard,15849.58
6810,Robert Smith,patrick11@example.net,Tokelau,2024-04-13,Standard,46238.12
6811,Krista Anderson,mccarthyvalerie@example.com,Macao,2024-07-24,Premium,11128.46
6812,Daniel Hart,andrewsnyder@example.org,Congo,2022-03-11,Premium,31437.41
6813,Christina Rosario,waltervargas@example.net,Bhutan,2021-07-06,Basic,25279.17
6814,Jennifer Hopkins,deborah86@example.org,El Salvador,2018-03-26,Basic,23287.50
6815,Mary Lindsey,qmayer@example.net,Chile,2018-02-18,Basic,15989.00
6816,Jason Wilcox,matthewcooper@example.org,Austria,2019-06-03,Basic,19788.73
6817,Robert Bailey,beckjean@example.com,Heard Island and McDonald Islands,2019-05-13,Premium,28826.10
6818,William Sanchez,christina08@example.net,Guernsey,2024-07-22,Premium,620.72
6819,Donna Grant,samanthaenglish@example.org,Kazakhstan,2023-12-22,Premium,42656.28
6820,Carla Chavez,nhunter@example.com,Australia,2023-04-27,Standard,6806.62
6821,Russell Sims Jr.,mcmillanchristopher@example.net,Lebanon,2021-07-14,Standard,6151.00
6822,William Hayes,wilsonjeremy@example.org,China,2022-10-14,Premium,28740.99
6823,Thomas Wiggins,tjones@example.com,Korea,2023-12-16,Standard,41334.95
6824,Deborah Wells,shawdanielle@example.org,Andorra,2019-02-18,Basic,35887.23
6825,Alyssa Smith,perezbrian@example.net,Northern Mariana Islands,2018-06-24,Standard,16454.24
6826,Bruce Summers,scottalan@example.org,Saint Lucia,2019-07-10,Standard,10687.65
6827,Danielle Cobb,danielguerrero@example.net,Tonga,2023-03-04,Premium,20083.00
6828,Angela Hernandez,rcrosby@example.com,Egypt,2021-11-06,Basic,39774.23
6829,Michelle Sampson,nicholas84@example.com,Monaco,2023-12-15,Standard,10361.51
6830,Annette Mckee,jamiesanders@example.com,Niger,2022-07-05,Premium,45759.13
6831,Emily Henson,cartersteven@example.net,British Indian Ocean Territory (Chagos Archipelago),2018-11-20,Premium,34541.34
6832,Melissa Lynch,glennkristina@example.org,Western Sahara,2023-09-19,Basic,30019.23
6833,Bonnie Reese,robert97@example.net,North Macedonia,2024-05-16,Premium,10528.39
6834,Lauren Stephens,taylorrichard@example.net,Nicaragua,2020-09-18,Basic,3111.65
6835,Janice Singleton,jessicaspence@example.com,Peru,2018-01-30,Basic,16759.78
6836,Ryan Cain,yhorton@example.com,Korea,2021-08-10,Standard,4608.34
6837,Raven House,mwatson@example.com,Kenya,2021-04-10,Standard,33316.39
6838,Emma Kerr,ehenry@example.org,Puerto Rico,2018-12-19,Basic,16782.18
6839,Renee Hunter,barreralouis@example.net,Suriname,2022-04-30,Standard,12046.50
6840,Casey Rios,kimberlyyoung@example.org,Mongolia,2023-06-20,Basic,9378.28
6841,John Campbell,housejennifer@example.com,Luxembourg,2021-11-21,Premium,5152.97
6842,Jennifer Morgan,,United Kingdom,2021-04-03,Premium,19705.08
6843,Deborah Powell,eric73@example.org,Bangladesh,2024-11-17,Premium,33035.23
6844,Aaron Cook,lbecker@example.org,South Georgia and the South Sandwich Islands,2023-09-13,Premium,23629.69
6845,Kelly Smith,tonyarowe@example.org,Namibia,2020-01-15,Standard,1505.83
6846,Hannah Waters,wsanders@example.org,Azerbaijan,2019-10-11,Basic,29765.62
6847,Kimberly Jimenez,gonzalesjessica@example.net,Bangladesh,2022-03-30,Standard,333.83
6848,Megan Bowers,butlerjacob@example.net,Pakistan,2020-10-18,Standard,8936.75
6849,Patrick Walker,kelly19@example.com,Georgia,2018-12-03,Standard,40381.17
6850,Jordan Little,amber67@example.org,Bouvet Island (Bouvetoya),2020-11-16,Premium,40868.31
6851,Nicole Moore,maria63@example.com,Cook Islands,2022-08-16,Premium,1844.60
6852,Ronald Dickson,bookerjohn@example.com,Venezuela,2019-03-06,Basic,49958.88
6853,Michael Benson,lmaynard@example.com,Algeria,2023-03-07,Standard,31766.84
6854,Jamie Castro,tbrown@example.org,Cambodia,2020-04-18,Standard,26817.12
6855,Jacqueline Farrell,ecole@example.net,Tonga,2021-05-12,Standard,41428.95
6856,Kayla Wilson,smithkristi@example.net,New Zealand,2018-06-25,Standard,48170.39
6857,Linda Moran,alvarezchristian@example.net,Tonga,2018-06-03,Premium,33497.01
6858,Taylor Madden,geraldallen@example.net,Myanmar,2024-02-18,Premium,6854.91
6859,Amanda Johnson,paul17@example.org,French Polynesia,2020-05-26,Premium,13276.53
6860,William Nolan,rhonda46@example.com,Haiti,2023-06-17,Standard,10505.68
6861,Brady Andersen,michelemahoney@example.com,Haiti,2019-07-05,Basic,43630.89
6862,Jennifer Huerta,julie15@example.net,Isle of Man,2020-12-14,Basic,13032.24
6863,Alexander Gonzalez,jessejenkins@example.com,Malawi,2021-01-13,Standard,5891.36
6864,Alec Griffin,jose52@example.com,Tanzania,2024-06-29,Premium,29639.69
6865,Amy Knight,zdiaz@example.com,Kyrgyz Republic,2020-05-15,Premium,28809.69
6866,James Graham,orichard@example.net,Lesotho,2024-06-13,Premium,20977.62
6867,Mr. Rodney Clark,parkermatthew@example.com,Yemen,2022-07-06,Standard,34789.11
6868,Kimberly Hamilton,cohenleslie@example.com,United States Virgin Islands,2024-10-21,Basic,48262.98
6869,Alan Baker,jessica18@example.com,Armenia,2018-01-15,Basic,8767.65
6870,Jamie Clark,carolynscott@example.net,Iraq,2023-09-03,Basic,38200.22
6871,Richard Harris,cmiller@example.com,Niger,2021-02-13,Basic,25506.46
6872,Ashley Thompson,tiffany38@example.com,Saudi Arabia,2021-01-09,Standard,37744.50
6873,Alexander Bishop,johnstoneric@example.org,Guyana,2021-12-07,Premium,42798.36
6874,Larry Chaney,johnlowe@example.org,Palestinian Territory,2020-08-29,Standard,26928.11
6875,Travis Myers,brandi32@example.net,Japan,2023-02-02,Premium,42308.33
6876,Paul Wilson,jeanetteirwin@example.net,Botswana,2019-05-20,Standard,13367.51
6877,Randy Kent,aaronjohnson@example.org,Trinidad and Tobago,2020-03-16,Premium,32125.99
6878,Joseph Hunt,josephwilson@example.com,Montserrat,2022-10-07,Basic,47996.79
6879,Jerry Martinez,nsmith@example.org,Bhutan,2019-05-06,Premium,37902.19
6880,Louis Sexton,joelbautista@example.net,Greece,2021-01-14,Basic,38306.76
6881,Danielle Clark,christopherbrooks@example.com,Jersey,2018-05-24,Premium,15322.84
6882,Paul Garrison,jenniferjarvis@example.net,Switzerland,2020-05-03,Basic,25243.45
6883,Patricia Higgins,andrewsdale@example.com,Papua New Guinea,2023-11-12,Premium,25412.13
6884,Peter Patterson Jr.,chrissantos@example.com,France,2020-04-21,Basic,23547.67
6885,Christopher Lowery,ilee@example.net,Libyan Arab Jamahiriya,2022-01-11,Basic,11199.99
6886,Joseph Castaneda,dawn73@example.org,Saint Barthelemy,2020-08-16,Premium,20294.68
6887,Terrance Rubio,eric63@example.com,Trinidad and Tobago,2023-04-30,Standard,794.84
6888,Cindy Hunt,moorejohn@example.com,Guam,2020-10-25,Premium,11704.15
6889,Dr. Paula Pugh DDS,,Eritrea,2018-02-04,Basic,721.57
6890,Michael Ramos,jason41@example.org,Guatemala,2019-04-07,Standard,9730.77
6891,Elijah Dennis,lholt@example.com,Cuba,2022-09-13,Premium,9395.86
6892,David Anderson,mary83@example.com,Saint Lucia,2019-06-08,Standard,6748.69
6893,Kenneth Matthews,samantha89@example.com,Liberia,2020-12-19,Premium,48497.43
6894,Robert Snyder,manningelizabeth@example.org,United States Minor Outlying Islands,2020-12-09,Premium,32794.92
6895,Christopher Conner,garciaroy@example.org,Colombia,2019-11-29,Premium,44732.49
6896,Cory Wall,qzhang@example.net,Tonga,2024-11-08,Premium,36235.64
6897,Timothy Martin,breanna26@example.org,Guernsey,2021-12-29,Standard,23145.08
6898,Joseph Avila,adamwalton@example.net,Burkina Faso,2018-01-30,Standard,37922.30
6899,Shannon Castro,hicksandrew@example.com,Norway,2018-09-29,Premium,2924.20
6900,April Mason,georgejohnson@example.org,Guinea-Bissau,2023-07-20,Basic,29619.10
6901,Brian Lucas,katrina35@example.net,Eritrea,2021-01-19,Premium,28294.80
6902,Bradley Williams Jr.,brianachung@example.org,Chad,2019-10-16,Standard,18624.45
6903,Alexander Pope,garyharper@example.org,Tanzania,2020-09-10,Basic,32198.00
6904,John Daugherty,masonsalazar@example.net,Papua New Guinea,2018-09-01,Basic,24187.79
6905,Daniel Reynolds,hallmary@example.com,Australia,2024-11-28,Standard,5029.66
6906,Savannah Mcdonald,smithtimothy@example.net,Bosnia and Herzegovina,2019-08-15,Premium,37557.58
6907,Richard Williams MD,eddie60@example.net,Malawi,2024-02-07,Standard,1505.25
6908,Kristina Richards,stephaniewilliams@example.com,Brazil,2024-04-04,Standard,7636.07
6909,Angela Lopez,chendricks@example.org,Montserrat,2022-05-16,Standard,43290.95
6910,Michelle Levy,becky11@example.com,Bouvet Island (Bouvetoya),2024-06-10,Standard,10313.84
6911,Kevin Brown,gphillips@example.net,Liechtenstein,2019-12-28,Standard,3998.62
6912,Calvin Cooper,fischerdustin@example.net,Morocco,2023-07-25,Standard,39693.20
6913,Douglas Norris,kathleen29@example.net,Portugal,2020-01-30,Standard,798.04
6914,Thomas Simmons,tjones@example.net,Tokelau,2020-05-26,Premium,21018.88
6915,Rodney Underwood,emily95@example.com,Belgium,2019-03-18,Basic,41439.02
6916,Elizabeth Powers,dwilliams@example.org,Netherlands Antilles,2018-07-31,Premium,9701.70
6917,Natalie Bush,halljacob@example.com,Suriname,2022-04-17,Basic,21637.90
6918,Gregory Hernandez,rwhite@example.org,Guadeloupe,2022-04-12,Premium,2608.00
6919,Angelica Flores,hfisher@example.net,Pakistan,2018-02-19,Premium,27353.15
6920,Daniel Owens,vrodriguez@example.com,Cameroon,2023-01-12,Basic,32674.61
6921,Yvette Rodriguez,cheryl91@example.net,Cameroon,2018-08-18,Premium,38973.90
6922,Jasmine Powers,,Palau,2018-05-11,Basic,16827.54
6923,Eric Wilson,christophermccormick@example.com,Angola,2020-08-26,Standard,44673.80
6924,Natasha Graves DDS,zamoramargaret@example.org,Ukraine,2022-08-24,Basic,6863.54
6925,Justin White,joe65@example.com,Uruguay,2024-05-28,Standard,9910.03
6926,Morgan Miller,maytony@example.net,Panama,2024-02-06,Basic,1655.75
6927,Gabriel Ewing,reedmonique@example.com,Mozambique,2021-10-20,Standard,23842.22
6928,Rachel Stafford,josephmorrison@example.com,Martinique,2021-07-06,Premium,3090.63
6929,Christine Villegas,christina08@example.org,New Caledonia,2023-07-21,Premium,6914.42
6930,Amanda Smith,richard81@example.net,Mauritania,2024-04-25,Premium,1397.24
6931,Chelsea Mata,christopherruiz@example.org,Iceland,2023-03-05,Premium,30805.26
6932,Donna Farmer,jasminegriffin@example.org,Guadeloupe,2019-01-02,Premium,37656.50
6933,Laura Johnson,hramirez@example.org,Bahamas,2018-05-22,Basic,22628.40
6934,Brian Johnston,xhanson@example.org,Andorra,2019-10-19,Premium,5546.94
6935,Wendy Jacobs,fernandezmark@example.net,Luxembourg,2024-01-24,Standard,28361.94
6936,Devon Vaughn,brittneymiller@example.com,Trinidad and Tobago,2023-09-18,Standard,44241.52
6937,Jessica Quinn,jonathan93@example.com,Uruguay,2022-05-16,Standard,7212.50
6938,Jordan Mcguire,gholmes@example.net,British Virgin Islands,2019-05-07,Premium,40232.82
6939,Mark Salinas,tholder@example.net,Paraguay,2020-11-05,Standard,43519.93
6940,Anthony George,fullerjeffery@example.com,Niue,2021-02-18,Basic,20434.88
6941,Barbara Rodgers,johnhiggins@example.com,Grenada,2019-04-04,Standard,5636.87
6942,Kimberly Miller,martinscott@example.com,Bolivia,2019-11-16,Basic,40406.38
6943,Sarah Gardner,rbright@example.com,Brunei Darussalam,2018-10-08,Standard,41728.31
6944,John Logan,brownmolly@example.org,Spain,2023-02-06,Standard,15389.02
6945,Lisa Keith,tyler25@example.com,French Southern Territories,2022-07-26,Premium,49164.19
6946,Kimberly Salinas,zcarroll@example.com,Benin,2019-08-16,Premium,38002.86
6947,Amy Berry,wallercarl@example.net,Romania,2021-04-15,Premium,9264.99
6948,Michael Matthews,cooksarah@example.com,Georgia,2019-08-14,Premium,32432.50
6949,Jenny Banks,duane16@example.com,Egypt,2018-03-05,Premium,17181.83
6950,Samantha Bryant,lauracherry@example.net,Australia,2020-05-29,Basic,13566.92
6951,Jamie Paul,jkelly@example.com,Norway,2018-12-04,Premium,47722.06
6952,Adrian Bridges,monroekatie@example.com,Namibia,2018-03-11,Basic,13652.70
6953,Alexa Morse,kristen11@example.org,Fiji,2023-01-02,Standard,44176.77
6954,Anthony Kennedy,ryanmurphy@example.net,South Georgia and the South Sandwich Islands,2022-03-20,Basic,1227.94
6955,Nancy Williams,carrollvictoria@example.com,British Indian Ocean Territory (Chagos Archipelago),2020-01-19,Standard,32113.48
6956,Jennifer Jackson,michaelmckee@example.org,Belize,2021-12-17,Standard,4809.23
6957,Mark West,gcooper@example.org,Taiwan,2019-06-19,Standard,20507.87
6958,Bethany Booker,leediana@example.com,Wallis and Futuna,2023-03-23,Basic,40935.23
6959,Jesse Bruce,millervanessa@example.net,Brunei Darussalam,2024-04-01,Premium,48528.52
6960,Matthew Abbott,williamsmark@example.net,Czech Republic,2019-07-03,Standard,47406.13
6961,Ronald Booth,truiz@example.org,Slovakia (Slovak Republic),2022-01-10,Basic,27048.49
6962,Joshua Wise,jeffrey11@example.com,Iraq,2019-04-04,Standard,1949.06
6963,Jonathon Morris,vthompson@example.net,Turkmenistan,2019-03-10,Premium,28791.13
6964,Corey Rodriguez,amy33@example.com,France,2019-03-29,Standard,47758.62
6965,Ashley Hernandez,hking@example.com,Sao Tome and Principe,2024-01-09,Basic,46117.15
6966,James Banks,jenniferclark@example.org,Central African Republic,2019-01-08,Premium,40290.62
6967,Peter Arnold,owenscody@example.org,Trinidad and Tobago,2024-01-23,Standard,49669.05
6968,Sandra Colon DVM,matthew41@example.org,Yemen,2021-03-15,Basic,30371.85
6969,Holly White,sydneyschwartz@example.com,American Samoa,2024-01-04,Standard,12839.43
6970,Angela Andrews,watkinskevin@example.net,Russian Federation,2024-03-27,Standard,39579.07
6971,Jacob Wells,ldoyle@example.net,Honduras,2023-10-06,Basic,21122.92
6972,Dakota Hayes,garciadavid@example.org,Aruba,2020-05-26,Standard,19030.52
6973,William Vaughn,hholt@example.net,Kenya,2018-08-29,Premium,25059.97
6974,Gregory Huffman,jaredsmith@example.org,Colombia,2021-01-07,Standard,22863.71
6975,Christopher Hall,ydavis@example.com,Denmark,2018-04-07,Basic,37485.15
6976,Mary Lee PhD,sabrina99@example.net,Korea,2022-12-01,Basic,27918.76
6977,Caitlin Jones,stewartsusan@example.net,Central African Republic,2018-12-29,Basic,5565.82
6978,Ryan Roberson,jessicafisher@example.com,Japan,2018-05-14,Standard,14649.64
6979,Beth Walters,lunaclarence@example.net,Tokelau,2024-05-12,Premium,4379.13
6980,Mrs. Angela Salazar MD,philip05@example.org,Oman,2021-05-16,Premium,2612.56
6981,Emily Peterson,iroach@example.com,Russian Federation,2024-05-28,Basic,36332.37
6982,Alex Kelley,jason22@example.com,Sierra Leone,2023-12-08,Premium,19712.60
6983,Kendra Mckenzie,joannsmith@example.com,Somalia,2019-06-08,Premium,39292.61
6984,Eric Rice,vasquezwendy@example.net,Svalbard & Jan Mayen Islands,2020-08-01,Standard,27062.59
6985,Jessica Ford,nedwards@example.net,Guinea,2023-09-20,Standard,13593.91
6986,Tina Spencer,scottjoel@example.org,Chad,2018-06-10,Basic,7970.24
6987,Patricia Peterson,jonathongreen@example.net,Pitcairn Islands,2020-07-06,Basic,48276.66
6988,Sharon Avery,gjohnson@example.com,Philippines,2022-08-08,Standard,13788.62
6989,Kimberly Fry,dustinlewis@example.net,Ethiopia,2020-02-07,Premium,35749.35
6990,Madison Yates,shawn48@example.com,Malta,2018-02-09,Premium,3389.31
6991,Maurice Osborne,kevin51@example.net,Estonia,2019-11-13,Premium,37199.67
6992,Mark Ford,scottnicolas@example.org,Lesotho,2023-07-07,Basic,46946.14
6993,Dale Riley,jimmy82@example.com,Iraq,2019-08-31,Premium,18028.05
6994,Mary Wilson,jasonburke@example.com,Estonia,2021-09-08,Premium,43944.60
6995,Thomas Walsh,paularamsey@example.org,Taiwan,2020-06-11,Premium,3141.88
6996,Christopher Maynard,cbauer@example.net,Tokelau,2018-03-16,Basic,25997.96
6997,Amy Oliver,phoffman@example.net,New Zealand,2020-10-15,Standard,37214.46
6998,Dawn Hansen,brentmendoza@example.org,Mongolia,2022-07-10,Standard,12039.71
6999,Kyle Hodges,anamoore@example.net,Mongolia,2019-04-01,Basic,340.98
7000,Katrina Griffith,alexander39@example.net,Gabon,2023-10-16,Basic,28629.69
7001,Teresa Morgan,benjamin81@example.com,Bhutan,2024-05-16,Premium,6153.77
7002,Deborah Anderson,randall62@example.org,Latvia,2019-05-03,Standard,39936.23
7003,Michelle Long,emilyhutchinson@example.org,Georgia,2018-04-05,Basic,47751.75
7004,Jonathan Martinez,joseph56@example.com,Belize,2019-01-14,Standard,28429.10
7005,Shannon Watkins,pcooper@example.org,Bangladesh,2019-09-16,Premium,7029.30
7006,James Lewis,marc45@example.org,Benin,2023-07-19,Premium,46697.56
7007,Charles Jones,anita31@example.org,Austria,2024-07-11,Basic,26643.43
7008,Sherri Sanchez,andrewknight@example.org,Palau,2024-06-22,Basic,23045.57
7009,Brittany Williams,natalie76@example.com,United States Virgin Islands,2024-12-05,Premium,19471.41
7010,Jessica Wilkins,mharrell@example.net,Mexico,2024-01-29,Basic,16908.24
7011,Christopher Zimmerman,rroberts@example.org,Papua New Guinea,2024-02-04,Premium,47145.86
7012,Tony Alvarado,swalker@example.com,Mozambique,2024-02-22,Standard,24053.44
7013,Cathy Wade,brittany12@example.org,Cuba,2020-11-22,Standard,12322.70
7014,Thomas Williams,matthewking@example.org,Jersey,2018-07-27,Premium,46075.83
7015,Jasmine Perkins,ebrown@example.net,Greenland,2024-08-11,Basic,13938.77
7016,Elizabeth Johnson,adamsgregory@example.org,Barbados,2020-06-16,Premium,21784.65
7017,Debbie Pham,wwhite@example.com,Ghana,2019-02-01,Basic,41768.13
7018,Mrs. Jennifer Costa,natasha55@example.org,Cape Verde,2022-12-31,Premium,46485.50
7019,Tim Mitchell,alexander83@example.net,India,2023-11-14,Premium,15985.20
7020,Christopher Galloway,kimberly93@example.net,Canada,2024-10-10,Basic,32323.51
7021,Samantha Walters,gwalter@example.net,Marshall Islands,2020-11-27,Standard,25112.30
7022,Andre Chen,shelia28@example.com,Finland,2024-06-06,Standard,7589.05
7023,Morgan Johnson,donnafrancis@example.com,Bosnia and Herzegovina,2018-03-16,Premium,31832.51
7024,Shawna Cannon,ocalderon@example.net,Kenya,2018-02-19,Premium,18214.64
7025,Mark Crawford,janice00@example.net,Turks and Caicos Islands,2021-08-19,Premium,13958.93
7026,Sarah Brown,linda07@example.net,Nicaragua,2022-08-11,Premium,22379.24
7027,Lindsey Ramos PhD,williamsjose@example.com,Myanmar,2022-03-17,Basic,30399.76
7028,Gregory Harper,michelle24@example.net,Saudi Arabia,2020-10-22,Standard,29142.03
7029,Douglas Williams,saundersvictor@example.org,Eritrea,2021-01-24,Standard,21653.93
7030,Jose Todd,kfreeman@example.com,Tanzania,2019-08-31,Basic,2778.06
7031,Erica Pugh,denniswilson@example.net,Cook Islands,2018-08-28,Basic,6983.61
7032,Randall Johnson,sandersalexandra@example.net,American Samoa,2018-03-07,Premium,35346.36
7033,John Powell,jerrynorman@example.net,Venezuela,2024-01-18,Premium,34467.04
7034,Kaitlin Davidson,torresrebecca@example.net,Sudan,2019-09-16,Premium,32665.65
7035,Pamela Wu,dillon67@example.com,Fiji,2023-10-04,Standard,29863.53
7036,George Osborne,samantha67@example.net,Guam,2021-03-29,Premium,7549.66
7037,Christine Ramos,zphillips@example.org,Palau,2022-05-21,Premium,1780.67
7038,Mrs. Tina Trujillo,briana52@example.com,Barbados,2021-11-20,Basic,44373.40
7039,Autumn Boyd,travis25@example.com,Northern Mariana Islands,2023-07-29,Standard,34472.48
7040,Nicholas Harris,christopher11@example.org,Chad,2019-07-11,Standard,11447.34
7041,Regina Hawkins,heatherglover@example.net,Papua New Guinea,2022-01-08,Basic,48549.86
7042,Debra Brown,figueroabrandon@example.org,Oman,2022-08-13,Standard,8072.49
7043,Eric Scott,carneyglenda@example.net,Jordan,2020-06-29,Standard,49787.71
7044,Kevin Shepherd,jacobmason@example.org,Saint Vincent and the Grenadines,2018-03-13,Premium,14803.50
7045,David Lara,josechan@example.net,Algeria,2019-10-16,Basic,4825.59
7046,Allison Jimenez,stevenschneider@example.com,Kiribati,2024-04-12,Premium,27627.86
7047,Corey Benson,markwhite@example.com,Philippines,2021-09-21,Premium,27492.71
7048,Travis Hughes,sotomadison@example.net,French Guiana,2022-09-11,Premium,31454.26
7049,Jeffrey Garrett,webbholly@example.net,Kuwait,2021-09-02,Standard,28266.59
7050,Richard Ayala,cortezalexandra@example.com,Anguilla,2021-03-20,Basic,43327.25
7051,Jennifer Schwartz,mariaturner@example.net,Falkland Islands (Malvinas),2022-06-17,Premium,44180.14
7052,Kevin Bautista,dunnashley@example.net,Angola,2018-09-07,Standard,30120.59
7053,Tiffany Ball,pedro98@example.org,Zimbabwe,2020-06-16,Premium,13298.66
7054,Eric Smith,shannongonzalez@example.net,Bulgaria,2022-07-31,Premium,2783.73
7055,Kristen Velez,christine41@example.net,Turkey,2019-06-08,Basic,12190.92
7056,Elaine Proctor,bakerstanley@example.org,Guatemala,2019-08-11,Standard,4424.63
7057,John Jacobs,bshannon@example.com,Angola,2019-01-03,Basic,43961.04
7058,Patricia Shields,francesthomas@example.net,Andorra,2019-12-21,Premium,49182.10
7059,Mark Wheeler,fishertimothy@example.net,Burundi,2019-06-05,Basic,36776.90
7060,Jennifer Welch,adamhernandez@example.org,Zambia,2022-10-16,Premium,17607.29
7061,Carl Kelley,nhanson@example.com,Svalbard & Jan Mayen Islands,2019-05-28,Premium,32777.71
7062,Claire Maddox,jenniferhernandez@example.org,Lithuania,2020-12-19,Basic,35794.97
7063,Eric Taylor,roachnicole@example.org,Maldives,2018-02-17,Standard,36797.88
7064,Joseph Newman,kingamy@example.net,Nepal,2022-11-18,Standard,11296.98
7065,Timothy Jackson,jasonsosa@example.org,Christmas Island,2020-11-25,Standard,19153.60
7066,Monica Coleman,lwilson@example.net,Kenya,2018-07-08,Standard,32789.07
7067,Jordan Davis,hgonzalez@example.org,Norway,2019-08-15,Standard,21006.20
7068,Timothy Schwartz,christophergreen@example.net,Guinea-Bissau,2020-06-15,Basic,15062.30
7069,Dawn Anderson,djohnson@example.com,Maldives,2018-04-14,Premium,31139.76
7070,Tamara Walsh,xpham@example.com,Chad,2021-09-25,Premium,441.49
7071,Mary Austin,ngonzalez@example.com,El Salvador,2023-08-07,Basic,37201.73
7072,Renee Holland,kristakim@example.com,Tanzania,2020-04-19,Basic,15525.47
7073,Nicholas Walton,rossadam@example.net,Slovenia,2019-09-02,Standard,11820.43
7074,April Tapia,bsanchez@example.net,Papua New Guinea,2024-04-05,Standard,4245.40
7075,Philip Best,bonnie77@example.org,Saint Lucia,2022-08-06,Basic,8536.94
7076,Nancy Mcdonald,jeremycook@example.org,Macao,2021-07-25,Premium,37497.72
7077,Ralph Lawrence,lopezamanda@example.net,Nauru,2019-06-01,Standard,33442.11
7078,Donna Leonard,samuel47@example.com,Serbia,2020-01-21,Standard,22707.85
7079,Logan Ford,hernandezerica@example.org,Kyrgyz Republic,2018-01-16,Basic,19660.03
7080,Jennifer Ramirez,suarezlauren@example.com,Cayman Islands,2022-09-10,Basic,40481.07
7081,Matthew Webster,ronald73@example.com,Canada,2021-12-09,Basic,39180.27
7082,John Acosta,brownsean@example.net,Greenland,2019-09-18,Premium,13875.49
7083,James Stevens,timothy51@example.org,Tuvalu,2018-11-10,Basic,43978.12
7084,Mike Delacruz,heather98@example.net,Armenia,2022-08-02,Basic,22155.69
7085,Katherine Martinez,ffreeman@example.net,Ukraine,2021-01-09,Basic,14743.25
7086,Michelle Williams,patricktiffany@example.net,Thailand,2023-03-29,Premium,33153.33
7087,Michael Cross,castrojeffrey@example.org,Ukraine,2024-06-26,Premium,31991.69
7088,Renee Martinez,jasmine03@example.net,Niue,2022-01-21,Premium,1921.32
7089,Richard Hall,leemike@example.org,Bosnia and Herzegovina,2019-03-22,Basic,15235.07
7090,Danielle Fitzgerald,hernandezjennifer@example.com,South Africa,2024-05-05,Standard,49671.74
7091,Rebecca Nelson,wiseamber@example.net,Haiti,2019-08-20,Premium,11841.14
7092,Virginia Ford,heathermay@example.org,Tunisia,2021-01-18,Premium,15449.22
7093,Kelly Howell,rebeccayoung@example.net,Panama,2021-06-12,Basic,21021.88
7094,Kimberly Clark,sotorobert@example.org,Falkland Islands (Malvinas),2022-03-30,Basic,7702.78
7095,Sandra Hoffman,rebeccatate@example.net,Bahrain,2019-03-29,Premium,4435.34
7096,Lauren Gentry,amy70@example.com,Pakistan,2022-11-08,Standard,30269.60
7097,Logan Medina,qbradford@example.com,Sweden,2021-12-30,Premium,17910.17
7098,Austin Gardner,williamsmatthew@example.net,Chad,2024-06-12,Premium,957.88
7099,Wesley Morris,vperez@example.org,Madagascar,2022-06-26,Basic,34578.72
7100,Kelly Taylor,gregory30@example.org,Central African Republic,2021-03-05,Basic,40936.18
7101,Karen Cherry,toddescobar@example.com,Cayman Islands,2019-05-22,Premium,33561.97
7102,Gregg Cisneros,uosborne@example.net,Cameroon,2024-11-13,Standard,38728.09
7103,Sean Haynes,justinchandler@example.com,Tonga,2024-02-18,Basic,4107.36
7104,Christopher Murray,laura72@example.com,Kazakhstan,2019-08-25,Standard,12528.97
7105,Matthew Hicks,richard53@example.net,Uzbekistan,2022-10-24,Premium,15405.48
7106,James Cross,wmitchell@example.org,Nicaragua,2021-10-13,Basic,29379.29
7107,Joshua Green,mharrington@example.net,Liechtenstein,2021-03-23,Basic,43734.13
7108,Michael Sherman,nkramer@example.org,Mongolia,2023-08-22,Premium,36228.38
7109,Jonathan Walton,umack@example.org,Saudi Arabia,2023-12-04,Basic,13933.65
7110,April Gillespie,milleralexander@example.org,Liberia,2022-09-16,Basic,1257.64
7111,Kaitlin Young,braunapril@example.org,Saint Martin,2022-07-18,Standard,13057.55
7112,John Wright,dshelton@example.org,United States Minor Outlying Islands,2018-03-16,Standard,42352.44
7113,Evan Quinn,weberjerry@example.net,Canada,2019-02-17,Premium,9169.07
7114,William Scott,morgan45@example.net,Finland,2019-10-22,Standard,15619.00
7115,Susan Valentine,fstone@example.net,Netherlands Antilles,2021-02-16,Premium,40127.15
7116,Donna Robles,enielsen@example.com,Georgia,2020-02-03,Premium,43173.17
7117,Timothy Grant,kcarroll@example.net,Eritrea,2019-05-01,Basic,20132.28
7118,Aaron Ingram,robinsonroy@example.net,Trinidad and Tobago,2021-06-27,Basic,37224.31
7119,Jesse Miller,loganle@example.org,United States Minor Outlying Islands,2023-12-03,Standard,309.15
7120,Johnathan Villarreal,melliott@example.org,Christmas Island,2020-09-08,Standard,7199.65
7121,Angela Potts,rachelrobinson@example.net,Solomon Islands,2023-09-01,Standard,2738.28
7122,Holly Mendoza,thompsonrebecca@example.org,Chile,2018-08-28,Premium,8241.47
7123,Nicole Fitzgerald,jamesbarnes@example.net,Tonga,2020-04-05,Premium,29774.26
7124,David Chambers,nicoleporter@example.org,Saint Kitts and Nevis,2024-03-05,Basic,31182.59
7125,Sharon Kelly,brianbaker@example.org,Aruba,2018-07-22,Premium,4564.33
7126,Andrea Moore,hernandeztimothy@example.net,Indonesia,2021-02-04,Premium,46924.08
7127,Jessica Lindsey,bpalmer@example.org,Bhutan,2020-05-09,Standard,45957.28
7128,Kyle Adams DDS,nancyalvarez@example.org,Croatia,2023-04-29,Premium,12111.02
7129,Dr. Michael Bautista,alyssa41@example.net,Nepal,2023-07-27,Basic,5035.18
7130,Kathleen Mendez,hawkinslisa@example.org,Nigeria,2023-03-27,Basic,27783.32
7131,Jordan Pollard,ybell@example.net,Guadeloupe,2018-07-06,Basic,5337.62
7132,Kelly Williams,wryan@example.net,Guatemala,2022-05-09,Premium,38051.92
7133,Susan Abbott,brian10@example.com,Haiti,2021-12-24,Basic,35792.92
7134,Kimberly Zimmerman,vmartin@example.com,Solomon Islands,2018-07-28,Basic,25415.60
7135,Michelle Williams,matthewwright@example.net,Sudan,2019-02-08,Basic,32435.91
7136,Christopher Hubbard,rjackson@example.com,Philippines,2023-03-27,Basic,16499.97
7137,Rhonda Noble,wrightalexander@example.net,Ghana,2022-02-02,Premium,31471.45
7138,Erin Harrington,jrasmussen@example.org,Niger,2018-11-12,Premium,47914.40
7139,Michael Meyer,moyerluis@example.org,Ireland,2021-10-27,Premium,16951.09
7140,Aaron Simmons,nfischer@example.com,American Samoa,2019-11-10,Basic,6057.05
7141,Laura Gates,stevenssteven@example.org,Chile,2023-04-20,Premium,27949.77
7142,Misty Porter,amanda36@example.org,France,2022-12-23,Basic,37259.40
7143,Patricia Torres,sheltonian@example.org,United States Minor Outlying Islands,2023-04-16,Premium,38991.54
7144,Heidi Cook,julie48@example.com,Barbados,2024-09-18,Premium,35781.44
7145,Mrs. Catherine Martinez,marymarquez@example.org,Russian Federation,2023-04-01,Premium,47280.12
7146,Ryan Young,raven17@example.com,Turkey,2019-03-10,Standard,1471.77
7147,Kayla Sullivan,ihowell@example.net,Aruba,2023-09-29,Premium,38981.94
7148,David Stuart,ysmith@example.com,Denmark,2023-04-10,Premium,6575.95
7149,Michael Tucker,christophermartin@example.org,Turkmenistan,2020-04-10,Basic,29826.52
7150,Kimberly Holloway,randy14@example.com,Pitcairn Islands,2024-08-05,Basic,49393.42
7151,Jennifer Miranda,hrogers@example.net,Rwanda,2020-10-26,Standard,24571.46
7152,Katelyn Shea,james79@example.net,Papua New Guinea,2019-05-10,Basic,9978.48
7153,Joshua Dixon,simmonsrobert@example.net,Aruba,2021-10-19,Premium,2111.89
7154,Erin Garcia,tmitchell@example.net,Lebanon,2022-09-14,Basic,43178.23
7155,Christopher Wells,wmcknight@example.com,French Polynesia,2018-01-29,Premium,39933.62
7156,Dustin Woods,cjohnson@example.net,Sierra Leone,2024-02-19,Premium,33719.45
7157,Gloria Morgan,larrymoody@example.com,Finland,2024-02-27,Standard,39240.47
7158,Michelle Mcfarland,tmccarthy@example.org,Barbados,2023-03-22,Basic,1670.74
7159,Erica Cox,fgibson@example.net,Guatemala,2019-11-27,Basic,12918.97
7160,Victoria Martin,nbarron@example.net,Mauritania,2021-04-15,Premium,39940.29
7161,Anthony Richardson,lbenitez@example.org,Anguilla,2019-07-07,Premium,43829.31
7162,Gabriel Sanders,hendersonkathleen@example.com,Venezuela,2020-02-02,Premium,48516.87
7163,Jennifer Ross,kwalters@example.org,Tokelau,2019-05-13,Standard,29295.50
7164,John Murphy,zacharyharris@example.org,Denmark,2022-04-24,Basic,33477.59
7165,Deborah Wright,michaelmitchell@example.com,Venezuela,2022-04-16,Basic,17685.34
7166,Carmen Owen,julieeverett@example.com,Japan,2023-02-11,Standard,19980.70
7167,Daniel Porter,xmoon@example.org,Antigua and Barbuda,2023-04-18,Premium,19507.78
7168,Alison Richard,smithandrew@example.org,San Marino,2022-12-18,Basic,34163.69
7169,Jason Davis,romerowilliam@example.com,South Africa,2018-09-29,Standard,31025.21
7170,Michael Ellison,myersterri@example.com,Puerto Rico,2019-04-30,Premium,28945.40
7171,Mr. Aaron Boyer,sarah25@example.org,Senegal,2022-02-02,Basic,37453.53
7172,Casey Mcdowell,wardjames@example.org,Korea,2019-08-05,Premium,16160.52
7173,Kevin Snow,ljones@example.com,Tonga,2019-04-18,Standard,44742.99
7174,James Wilson,keithobrien@example.org,Croatia,2019-08-18,Standard,3727.71
7175,Ashley Caldwell,candrade@example.org,Kazakhstan,2023-05-22,Premium,10957.52
7176,Thomas Carter,osmith@example.com,Monaco,2022-01-30,Premium,48963.33
7177,Deborah Wilson,albert83@example.org,Vanuatu,2023-11-11,Standard,44650.12
7178,Daniel Wilson,melissa34@example.net,Luxembourg,2019-10-04,Standard,42441.88
7179,Brian Burns,littlemary@example.net,Cyprus,2019-04-06,Basic,26955.86
7180,Brian Rodriguez,ann66@example.net,Poland,2020-06-28,Basic,6933.98
7181,Chelsea Lynn,mcraig@example.net,Bulgaria,2024-01-29,Standard,25219.12
7182,James Moore,heather63@example.com,Haiti,2020-06-21,Premium,609.92
7183,Mary Lucero,thomasdiane@example.net,Spain,2019-03-15,Basic,21311.81
7184,Angela Glass,david35@example.net,Haiti,2018-11-02,Premium,15888.00
7185,Adam Ayala,kdiaz@example.net,Libyan Arab Jamahiriya,2020-07-25,Premium,7453.27
7186,Rickey Hanson,tara59@example.net,Bolivia,2022-02-17,Premium,18915.14
7187,Charles Spears,taylordanielle@example.org,Madagascar,2022-02-02,Basic,27547.47
7188,Karen Welch,wrightjulie@example.com,Angola,2022-05-09,Basic,14611.00
7189,Terri Jones,ballardadam@example.com,Ireland,2020-09-30,Premium,33420.56
7190,Lisa Gomez,williamsbruce@example.com,Micronesia,2024-11-21,Standard,11710.36
7191,Elijah Reed,jasmine86@example.org,Cocos (Keeling) Islands,2024-03-02,Premium,4764.27
7192,Anthony Francis,lindsay41@example.com,Benin,2021-08-27,Premium,41027.25
7193,Victor Reyes,carolinethomas@example.org,Qatar,2021-02-05,Standard,21088.49
7194,Maria Webster,owensalbert@example.com,El Salvador,2019-09-29,Standard,25327.66
7195,Maria Thomas,matthewwarren@example.net,Comoros,2024-07-25,Standard,42790.58
7196,Mackenzie Johnston,christopher52@example.org,Gabon,2019-05-16,Standard,23675.69
7197,Alexander Torres,heidimcdaniel@example.com,India,2024-03-10,Standard,16115.49
7198,Shaun Rich,matthew82@example.com,Tajikistan,2019-04-01,Premium,27345.83
7199,Cindy Young,kfarmer@example.org,Guadeloupe,2018-11-09,Standard,45389.61
7200,Shane Clark,stanleyvalenzuela@example.net,Saint Vincent and the Grenadines,2021-09-11,Premium,6785.92
7201,Trevor Vincent,greenstacy@example.com,Jamaica,2024-08-22,Standard,38277.34
7202,Dr. Travis Wright,bauertiffany@example.net,French Polynesia,2023-08-01,Basic,5013.27
7203,Angela Stewart,bryanrichards@example.org,Tanzania,2022-01-23,Standard,7822.75
7204,Steven Holt,hilljoseph@example.org,Argentina,2018-07-06,Basic,40623.70
7205,Andrew Ryan,loriwilliams@example.net,Taiwan,2023-03-07,Premium,11431.43
7206,Alejandro Daniel,zwiley@example.net,French Guiana,2022-04-20,Premium,7760.06
7207,Jenna Murphy,eric52@example.com,Kazakhstan,2021-04-13,Standard,37943.08
7208,Guy Rogers,sskinner@example.com,Cambodia,2022-02-23,Standard,21200.29
7209,Kathleen Peterson,morrisondwayne@example.com,Bulgaria,2023-03-10,Standard,7153.19
7210,Samantha Collins,devin22@example.org,Jamaica,2022-01-06,Premium,22132.99
7211,Louis Vance,jamesconner@example.com,New Caledonia,2018-04-22,Standard,10258.35
7212,Angela Roberts,simonjackie@example.net,Ghana,2023-08-11,Standard,6212.90
7213,Jonathan Dean,thompsonbrent@example.net,Ecuador,2022-04-23,Standard,37759.47
7214,Michelle Lewis,karenvang@example.com,Guadeloupe,2023-05-23,Basic,49745.91
7215,Christina Simon,crystaldurham@example.com,Pakistan,2020-07-30,Standard,33262.52
7216,Antonio Schroeder,iflores@example.com,Malawi,2018-09-08,Premium,4975.36
7217,Stephen Jordan,kevin69@example.net,Bangladesh,2021-07-26,Standard,48937.14
7218,Mark Spencer,brobinson@example.net,Ecuador,2023-12-12,Premium,38838.20
7219,Nicole Mcintosh,gillespieelizabeth@example.net,Puerto Rico,2022-12-17,Standard,41084.76
7220,Emily Lin,rickymcdonald@example.org,Nigeria,2021-05-20,Basic,42349.14
7221,Erik Stewart,garciajennifer@example.com,Haiti,2023-02-24,Basic,9135.29
7222,Amanda Galvan,hartrichard@example.net,Tunisia,2018-07-24,Premium,28174.86
7223,Brian Watson,browncharles@example.net,Kazakhstan,2021-09-23,Standard,38551.83
7224,Leslie Mckee,danielnicole@example.net,Croatia,2022-06-04,Basic,26451.06
7225,Heather Sullivan,jacob60@example.com,Northern Mariana Islands,2019-08-28,Standard,9378.23
7226,Andrea Davis,abutler@example.com,Ethiopia,2023-10-16,Standard,49851.88
7227,Phillip Dickerson,jessicarowe@example.net,Svalbard & Jan Mayen Islands,2023-01-12,Standard,21487.68
7228,Michelle Miller,schwartzelizabeth@example.org,Luxembourg,2019-07-12,Premium,22321.45
7229,Amanda Cabrera,iharrington@example.com,Zambia,2022-03-26,Basic,10423.03
7230,Marcus Taylor,johnjohnson@example.org,Tokelau,2023-05-13,Premium,42997.37
7231,Louis Hines,nguyenjennifer@example.org,Turkey,2020-04-25,Standard,10491.47
7232,Chad Landry,lucasjoshua@example.com,Cote d'Ivoire,2024-02-25,Standard,23846.81
7233,Andrea Jones,ugill@example.com,Tunisia,2019-07-21,Standard,30226.73
7234,Austin Medina,michaelfleming@example.com,Uzbekistan,2020-06-11,Basic,21618.75
7235,Manuel Rodriguez,walkercody@example.com,French Guiana,2023-08-27,Standard,30408.34
7236,April Galvan,glee@example.org,Guinea-Bissau,2022-07-23,Basic,34734.72
7237,Rebecca Randolph,heather76@example.com,Sao Tome and Principe,2020-12-14,Basic,45934.27
7238,Ashley Hawkins,oholt@example.net,Faroe Islands,2023-11-14,Standard,29606.96
7239,Joshua Rodriguez,phillipsmason@example.org,Sao Tome and Principe,2020-08-15,Premium,2970.97
7240,Kristen Smith,xrivas@example.org,Svalbard & Jan Mayen Islands,2021-10-02,Standard,38893.30
7241,Pamela Horn,elizabeth84@example.com,Mauritania,2020-11-29,Premium,17407.97
7242,Christopher Martin,rkrause@example.org,Bulgaria,2018-04-15,Basic,26288.83
7243,William Henderson,isawyer@example.com,Christmas Island,2024-10-09,Premium,23765.84
7244,Corey Acosta,jonathan45@example.org,Rwanda,2024-06-24,Standard,37135.96
7245,Amanda Alexander,danielle10@example.net,Congo,2021-09-02,Basic,42702.35
7246,Daniel Hill,maryburns@example.org,Pitcairn Islands,2022-10-24,Standard,38847.93
7247,Dawn Rivera,whitney23@example.com,Dominican Republic,2021-07-11,Premium,34122.39
7248,Michael Cunningham,tmartinez@example.net,Italy,2021-08-10,Standard,22566.57
7249,Tracy Combs,gabrielhurst@example.org,Guadeloupe,2023-04-25,Basic,29809.40
7250,Tyler White,zgreen@example.net,Mozambique,2023-03-13,Standard,35562.93
7251,David Scott,robinsonthomas@example.org,Guadeloupe,2021-11-11,Standard,8023.38
7252,Kathleen Mcdaniel,ichandler@example.org,Cocos (Keeling) Islands,2018-11-12,Basic,35252.74
7253,Sarah Beasley,tiffanysolomon@example.org,Saint Martin,2018-04-24,Premium,41575.56
7254,Mark Lewis,dean03@example.org,Philippines,2023-11-29,Standard,7443.41
7255,Karen Clark,nathan35@example.org,South Africa,2020-01-12,Standard,10581.89
7256,Brent Alvarado,mallen@example.com,Honduras,2022-07-07,Basic,41880.94
7257,Douglas Campos,gsavage@example.com,Saint Martin,2023-02-09,Basic,10391.48
7258,Elizabeth Jones,uweaver@example.net,Brazil,2018-09-02,Basic,8885.58
7259,Michelle Kemp,laurie53@example.net,Central African Republic,2019-08-27,Standard,5254.04
7260,Kathleen Lee,bonnie28@example.org,Benin,2018-11-04,Standard,41523.60
7261,Kimberly Sandoval,sandersrobert@example.org,Ecuador,2023-07-01,Standard,30376.69
7262,Cathy Hunt,morrisonconnor@example.com,Saint Martin,2023-07-08,Premium,21204.43
7263,Jorge Phillips,wbryant@example.com,Philippines,2018-08-23,Standard,7964.97
7264,Miss Ashley Glass,nicole65@example.net,Faroe Islands,2024-02-03,Standard,5789.60
7265,Mrs. Anna White,oolson@example.net,Saint Helena,2021-01-03,Basic,20267.00
7266,Kyle Smith,linda51@example.org,Malaysia,2024-03-16,Premium,1715.86
7267,Timothy Gutierrez,jeffreyestrada@example.com,Jamaica,2019-12-21,Premium,41793.73
7268,Ashley Schwartz,ericcisneros@example.org,Tanzania,2024-06-27,Premium,10445.78
7269,Rodney Evans,kjohnson@example.com,Kiribati,2020-01-04,Premium,1576.44
7270,Patrick Cox,rmiller@example.net,United States Virgin Islands,2020-01-09,Basic,20719.11
7271,Colleen Ayala,jonathan46@example.com,South Georgia and the South Sandwich Islands,2024-05-18,Basic,794.32
7272,Janice Dennis,williamhernandez@example.net,Chad,2020-12-26,Premium,33962.55
7273,Ashlee Mitchell,sarasosa@example.com,Northern Mariana Islands,2021-01-05,Standard,41458.38
7274,Caitlin Williams,christophergross@example.net,India,2018-09-06,Standard,27363.72
7275,Kayla West,nina47@example.net,Jordan,2018-10-20,Standard,23281.20
7276,Sydney Gonzalez,ellisamanda@example.org,Iraq,2018-03-21,Premium,40330.55
7277,Danielle Wilson,phillipmorrison@example.net,Belize,2018-11-26,Standard,46200.16
7278,Pamela Parks,cooperjennifer@example.net,Peru,2022-12-31,Premium,44419.80
7279,Tristan Smith,chris19@example.net,Myanmar,2018-02-14,Premium,14631.14
7280,Stephen Guzman,diane11@example.com,France,2020-03-23,Premium,9319.01
7281,Bobby Anderson,scollins@example.com,Belgium,2023-02-23,Premium,12764.88
7282,Dr. Kelly Murphy,debrajohnson@example.org,Australia,2021-02-19,Standard,28920.85
7283,Haley Vega,reginahawkins@example.org,Argentina,2019-04-09,Standard,8079.49
7284,Matthew Aguilar,jonathanjohnson@example.org,Tuvalu,2021-02-15,Standard,21718.24
7285,Brittany Sims,elizabeth99@example.net,South Georgia and the South Sandwich Islands,2020-09-16,Basic,365.94
7286,Judith White,craigrogers@example.net,Barbados,2020-06-29,Basic,1722.31
7287,Jeffrey Ramos,adamserica@example.org,Saint Pierre and Miquelon,2022-06-17,Standard,13079.47
7288,Samantha Cole,kaufmanmarco@example.net,Aruba,2019-10-03,Standard,30827.53
7289,Jasmine Hernandez,jeffreyward@example.net,Fiji,2024-11-14,Basic,16319.99
7290,Kathryn Washington,medinalauren@example.com,Serbia,2024-10-08,Premium,36934.19
7291,Melissa Campbell,christopheryoung@example.net,Hong Kong,2020-07-10,Premium,23154.66
7292,Lance Day,zwilliams@example.org,Kyrgyz Republic,2019-10-10,Standard,9091.10
7293,Geoffrey Myers,patrickrodriguez@example.net,South Africa,2018-12-23,Premium,44750.90
7294,Kara Zimmerman,bgarcia@example.org,Taiwan,2019-04-28,Standard,11188.21
7295,Diana Oconnor,william00@example.net,Jersey,2018-07-15,Standard,48749.52
7296,Bruce Bennett,wyatt85@example.com,Saint Helena,2024-04-25,Standard,3069.03
7297,Jeffrey Henderson,angela67@example.com,Malta,2022-10-30,Basic,21047.09
7298,Crystal Taylor,zmiranda@example.org,New Zealand,2022-06-07,Basic,16623.27
7299,Darrell Myers,baxterashley@example.org,Brunei Darussalam,2019-12-05,Standard,43164.33
7300,Alex Mueller,ojoyce@example.com,Saint Helena,2024-03-14,Basic,15255.75
7301,Martin Vang,michellefranco@example.net,Comoros,2020-04-21,Basic,24513.67
7302,Kimberly Cole,craigshannon@example.com,Barbados,2024-12-28,Basic,31367.43
7303,Erica Beard,bryantstephanie@example.org,Portugal,2022-03-11,Premium,22686.91
7304,David Gutierrez,mark56@example.com,Cyprus,2018-01-03,Basic,42972.21
7305,Nicole Clark,theresaarnold@example.org,Cote d'Ivoire,2022-11-17,Standard,40821.62
7306,Brenda Keller,nicoleclark@example.org,United Kingdom,2022-09-11,Basic,24808.57
7307,Pedro Davis,travisbrady@example.net,Mexico,2022-01-28,Standard,42339.73
7308,Stephanie Turner,thart@example.net,Cuba,2018-03-30,Premium,2325.28
7309,Mr. Peter Thompson II,kbass@example.net,Cuba,2018-02-11,Basic,35771.93
7310,Lori Erickson,carla12@example.net,Bulgaria,2019-02-28,Basic,47995.54
7311,Melanie Anderson,pamelajones@example.org,Kenya,2019-12-05,Basic,2418.23
7312,Dustin Ware,jennifer85@example.org,Uzbekistan,2020-02-02,Premium,45215.51
7313,Kaitlyn Phillips,schaeferchristopher@example.org,Netherlands,2021-05-10,Premium,31022.86
7314,Chad Marks,vriley@example.com,Nigeria,2021-02-18,Standard,27156.47
7315,Ryan Mejia,christopherdunn@example.net,Andorra,2018-05-22,Basic,11336.01
7316,Colleen Wright,mariahardin@example.net,Korea,2019-10-05,Standard,47860.21
7317,Sandra Gonzalez,ujones@example.org,Finland,2020-10-09,Premium,8748.33
7318,Mr. Larry Mcclure PhD,qmiller@example.net,Ghana,2019-11-19,Premium,17940.29
7319,Kathy Brewer,sandersstephanie@example.net,France,2018-06-16,Premium,40498.42
7320,Brittany Dodson,frankyoung@example.net,Niger,2021-09-19,Standard,42690.00
7321,Jonathan Joseph PhD,dawnthomas@example.org,United States of America,2018-09-01,Premium,30947.77
7322,Whitney Hansen,sellerstimothy@example.org,Cameroon,2020-07-15,Standard,14255.63
7323,Brenda Jacobson,vevans@example.com,Maldives,2018-05-17,Premium,42780.28
7324,Andrew Weber,joseph08@example.net,Costa Rica,2024-07-07,Basic,40676.65
7325,Todd Wright,john42@example.com,Netherlands Antilles,2024-04-13,Standard,34787.62
7326,Anna Crawford,ana77@example.org,Cape Verde,2020-05-02,Basic,9762.69
7327,Carlos Santiago,christophermorrison@example.com,Kazakhstan,2020-10-02,Premium,43769.84
7328,Linda Davis,danielle97@example.net,Romania,2021-04-21,Premium,19766.30
7329,Tanya Allen,rachel02@example.com,Cambodia,2019-10-31,Basic,21395.06
7330,Frank Mcdaniel,danielstark@example.org,Jamaica,2018-01-30,Basic,1429.95
562,Elaine Huang,dmcguire@example.com,Syrian Arab Republic,2024-04-30,Basic,37046.90
7332,Kimberly Perry,ohowe@example.net,Kazakhstan,2020-08-02,Premium,6403.65
7333,Kristine Butler,turnerkayla@example.com,Haiti,2021-01-08,Standard,4614.25
7334,Kimberly Davis,barkerpamela@example.org,Australia,2024-07-02,Premium,22272.12
7335,Kelsey Gould,samantha23@example.org,Iceland,2021-09-27,Basic,19701.81
7336,Brian Gutierrez,megannguyen@example.org,Ghana,2024-11-10,Basic,30777.92
7337,Stephanie Guerra,gallowaykyle@example.com,Western Sahara,2018-08-20,Premium,7217.88
7338,Jacob Barnes,brooksbradley@example.com,Norway,2023-07-27,Standard,9984.59
7339,Natalie Barrett,wellssabrina@example.com,Brunei Darussalam,2023-05-25,Standard,15518.60
7340,Olivia Mendoza,prestonmaria@example.net,Mayotte,2022-03-03,Standard,8086.65
7341,Erin Martinez,eugenewiggins@example.net,Tunisia,2018-03-02,Standard,9194.39
7342,Brian Hall,marcpearson@example.org,Pitcairn Islands,2021-01-03,Basic,4736.05
7343,Amy Castillo,jsmith@example.org,Sweden,2020-04-12,Standard,17160.70
7344,Joshua Gonzalez,kimtaylor@example.net,Belize,2019-02-05,Basic,6708.71
7345,Sandra Wood,englishsheila@example.net,Cook Islands,2022-06-09,Standard,3893.07
7346,Zachary Farrell,cody14@example.org,Guam,2020-07-27,Premium,24132.72
7347,Colleen Reeves,espinozadeborah@example.net,Montserrat,2020-08-08,Basic,20099.04
7348,Eric Reed,shaun46@example.net,French Polynesia,2022-10-01,Standard,23725.28
7349,Christina Hall,lisa30@example.net,Papua New Guinea,2019-09-12,Basic,42667.05
7350,Mia Kelley,masonmichael@example.net,Guernsey,2022-06-21,Standard,19216.45
7351,Aaron Marks,carrieward@example.net,Panama,2019-08-05,Basic,1367.70
7352,Paul Lara,cheryl94@example.org,Kenya,2024-12-17,Standard,6111.23
7353,Cynthia Jones,heidijames@example.com,Guadeloupe,2020-07-25,Premium,325.02
7354,Juan Dillon,foleypatricia@example.org,Northern Mariana Islands,2024-08-26,Premium,33026.25
7355,Jacqueline Stephens,karla92@example.com,Nepal,2023-12-24,Standard,15838.71
7356,Daniel Lopez,randy18@example.org,Pitcairn Islands,2019-07-17,Standard,3148.11
7357,Todd Garcia,kwilson@example.org,Brazil,2019-11-12,Basic,5384.15
7358,Amanda Chavez,joshuasmith@example.com,Solomon Islands,2021-12-20,Basic,11590.56
7359,Michael Fisher,garciaanthony@example.net,Spain,2021-09-21,Standard,595.66
7360,Patricia Dickerson,ttrujillo@example.net,Saint Kitts and Nevis,2019-01-21,Standard,10573.20
7361,Christina Davis,jeffrey39@example.com,Tonga,2019-07-26,Premium,29136.15
7362,Christina Snyder,david86@example.org,South Africa,2019-03-07,Standard,11964.36
7363,Matthew Scott,hurstdanielle@example.org,Antigua and Barbuda,2018-07-22,Basic,42582.48
7364,Kenneth Snyder,melissa18@example.org,Guam,2023-06-11,Basic,23103.67
7365,Andrew Thomas,rbenton@example.org,Paraguay,2019-07-27,Standard,23360.27
7366,Katherine Pollard,hmcgrath@example.net,Eritrea,2019-06-04,Standard,34651.96
7367,Suzanne Reed,zimmermanernest@example.com,Georgia,2020-10-26,Premium,7750.94
7368,Mark Richards,charles34@example.com,Liechtenstein,2019-01-18,Basic,27308.28
7369,Kevin Lopez,vsalazar@example.org,Niger,2020-11-07,Basic,39914.96
7370,Sabrina Smith,maria57@example.org,Somalia,2021-08-09,Basic,46595.37
7371,Henry Moran,alexrobinson@example.net,Faroe Islands,2019-03-25,Basic,9098.60
7372,Heidi Bradley,hannahblack@example.com,French Guiana,2018-01-31,Standard,38605.87
7373,Michael Knox,danielbaker@example.org,Cambodia,2023-06-02,Standard,2168.22
7374,Crystal Smith,gibbslaura@example.org,New Caledonia,2023-07-12,Basic,19171.97
7375,Brian Evans,kcooper@example.com,Mauritania,2024-06-11,Premium,48085.96
7376,Carol Christian,johnnytorres@example.net,Western Sahara,2020-08-18,Premium,29486.69
7377,Todd Cook,sara75@example.com,Angola,2024-04-05,Standard,17779.08
7378,Brittany Perez,allisonferguson@example.org,Uzbekistan,2022-01-06,Basic,47143.53
7379,David Bryant,perkinsmark@example.net,Mauritania,2019-11-11,Standard,23416.77
7380,Alyssa Perez,reginamartinez@example.com,Czech Republic,2024-02-02,Basic,14562.82
7381,Edward Ferguson,abriggs@example.org,Senegal,2022-11-10,Standard,2960.77
7382,Michelle Rowe,nthompson@example.org,Cook Islands,2023-10-30,Standard,31863.34
7383,Pamela Goodwin,nbrown@example.com,Dominican Republic,2022-01-11,Basic,26411.86
7384,Brenda Rasmussen,anthony65@example.com,Mexico,2020-02-26,Basic,27120.14
7385,Christopher Richardson,martinjennifer@example.org,British Indian Ocean Territory (Chagos Archipelago),2021-08-06,Basic,21918.43
7386,Brett Gomez,jennifer05@example.net,Pitcairn Islands,2023-05-12,Premium,20286.09
7387,Dawn Hopkins,thomasfreeman@example.com,United Kingdom,2019-12-06,Premium,37008.84
7388,Laurie Green,tyler18@example.net,Singapore,2020-12-26,Standard,24164.53
7389,Sheila Bowen,kennethjohnson@example.org,Turks and Caicos Islands,2024-07-22,Premium,18184.39
7390,Dustin Ortiz,jaygreen@example.org,South Africa,2020-06-06,Basic,43757.31
7391,Kaitlyn Jackson,marc63@example.com,Norfolk Island,2022-03-09,Premium,39308.21
7392,Stephanie Wilson,steven71@example.net,Azerbaijan,2022-05-24,Premium,27816.91
7393,Suzanne Cunningham,karenbrewer@example.org,Niger,2019-12-09,Premium,43491.86
7394,Jennifer Taylor,jacqueline41@example.net,Afghanistan,2018-02-05,Premium,26710.85
7395,Sarah White,qramirez@example.com,Falkland Islands (Malvinas),2021-12-15,Basic,39811.14
7396,Gregory Wu,wendysmith@example.com,Trinidad and Tobago,2022-07-20,Premium,37870.95
7397,Darrell Decker,robertbradford@example.org,Holy See (Vatican City State),2021-05-13,Standard,8687.96
7398,Crystal Rodriguez,carterjohn@example.com,Bahamas,2022-08-12,Premium,29490.22
7399,Amy Archer,lindascott@example.net,Uzbekistan,2020-10-28,Premium,32341.34
7400,Claire Allen,thompsonmichael@example.com,Western Sahara,2019-01-07,Premium,39666.65
7401,Diana Baker MD,randyhenry@example.com,Yemen,2020-10-03,Standard,4450.76
7402,James Meyer,brandon89@example.com,Sri Lanka,2024-05-22,Basic,8832.66
7403,Aaron Lewis,josephbautista@example.net,Turkey,2018-02-16,Premium,30313.68
7404,Diana Trujillo,michaeloliver@example.com,Trinidad and Tobago,2022-09-07,Standard,8595.02
7405,Robert Harmon,edward62@example.com,Korea,2022-12-22,Premium,6805.51
7406,Tina Ryan,sarahnavarro@example.org,Benin,2022-06-21,Premium,13187.58
7407,Austin Davis,lgonzales@example.org,British Indian Ocean Territory (Chagos Archipelago),2021-11-04,Premium,48147.37
7408,Maria Banks,ltravis@example.com,Sudan,2022-01-19,Standard,9790.84
7409,Derek Mendoza,andrewramirez@example.org,Uganda,2018-10-01,Standard,41814.10
7410,Tyler Simon,dchapman@example.net,Bolivia,2018-06-11,Premium,35887.10
7411,Brenda Ross,john60@example.com,Cyprus,2024-11-22,Premium,2590.12
7412,William Lawrence,jaredrobinson@example.net,Moldova,2018-12-12,Basic,11058.34
7413,Angela Porter,elizabethdiaz@example.com,Cyprus,2022-02-27,Premium,26983.29
7414,Angela Gordon,wspencer@example.org,Saint Vincent and the Grenadines,2019-12-29,Premium,8100.07
7415,James Ponce,vkim@example.net,Peru,2023-03-15,Premium,4433.49
7416,Anthony Kirk,tlewis@example.com,Mali,2024-08-21,Premium,19177.84
7417,Willie Johnson,shane47@example.net,Serbia,2018-01-24,Basic,2434.17
7418,Carla Young,prowe@example.org,Iceland,2018-03-29,Basic,7263.95
7419,Sharon Velez,stephensashley@example.org,Montenegro,2023-06-14,Basic,1959.87
7420,William Reyes,foconnor@example.com,Sweden,2022-06-27,Standard,20071.64
7421,Marcus Cruz,david36@example.org,Andorra,2022-09-09,Premium,23752.68
7422,Jodi Richardson,albert84@example.org,Russian Federation,2022-11-21,Premium,19607.02
7423,Jordan Norman,davisstephen@example.org,South Africa,2020-06-13,Basic,26333.51
7424,Bonnie Cochran,fharper@example.com,Timor-Leste,2021-12-20,Premium,834.80
7425,Lauren Shaw,hmartinez@example.org,Holy See (Vatican City State),2021-08-26,Premium,23205.14
7426,Barry Simmons,clayandrea@example.org,Bulgaria,2020-03-29,Standard,21240.60
7427,Kristina Thomas,erinphillips@example.com,Jersey,2022-12-27,Standard,32985.84
7428,Michael Nguyen,xhale@example.net,Jersey,2020-07-02,Basic,5655.08
7429,Willie Sweeney,teresa04@example.org,Mayotte,2020-03-22,Standard,5821.84
7430,Christina Webster,jamesnovak@example.net,Mali,2024-12-03,Standard,14227.40
7431,Marcus Joseph,kimwu@example.org,Korea,2019-01-17,Standard,15053.55
7432,David Grant,swallace@example.org,Kenya,2020-03-30,Basic,5047.17
7433,Ethan Tran,stephanie70@example.net,Suriname,2021-11-30,Standard,45006.42
7434,Elizabeth Moore,ryancharles@example.com,Portugal,2021-03-24,Premium,45778.12
7435,Charles Sampson,qlove@example.com,Bouvet Island (Bouvetoya),2020-03-16,Standard,9015.99
7436,Sarah Jones,cortiz@example.com,Djibouti,2023-04-09,Basic,44748.51
7437,Ashley Blackburn,middletonsamantha@example.net,Latvia,2023-11-14,Standard,23882.78
7438,James Barnett,whitealexander@example.net,Uruguay,2022-09-18,Premium,21157.29
7439,Michael Parker,jeffjackson@example.org,Guam,2020-05-03,Standard,30259.82
7440,Charles Morrison,martinjordan@example.com,Palau,2020-01-08,Basic,48736.43
7441,Charlene Garrett,joyceshannon@example.org,Guyana,2021-02-10,Standard,40461.71
7442,Robert Hoover,daniel39@example.com,Grenada,2023-04-23,Standard,42931.57
7443,Christopher Neal,wallaceperry@example.com,Saint Barthelemy,2019-02-14,Basic,27568.90
7444,Connie Turner,anthony92@example.com,Cameroon,2018-03-22,Premium,41811.08
7445,Lisa Olson,uhernandez@example.net,Saint Kitts and Nevis,2023-07-19,Basic,30813.24
7446,Steven Mitchell,melissasullivan@example.com,Dominica,2020-02-13,Premium,15059.01
7447,Katrina Valentine,shawn99@example.org,Israel,2020-01-19,Premium,44122.02
7448,Monica Payne,jeffreybridges@example.org,Bahamas,2021-03-21,Basic,11037.71
7449,Kenneth Simpson,walkerrobert@example.com,Mauritius,2021-06-14,Standard,38597.63
7450,Amy Horne,irobertson@example.org,Comoros,2018-11-15,Standard,8494.09
7451,Brenda Pham,cwilliamson@example.com,Comoros,2021-01-05,Standard,21477.19
7452,Kimberly Porter,ballwilliam@example.net,Guam,2021-10-05,Premium,25099.06
7453,Philip Yu,ddavidson@example.org,Montenegro,2022-05-12,Basic,12850.87
7454,Julia Gill,gharris@example.org,Tonga,2024-05-24,Premium,8358.84
7455,Tanner Scott,frederickvelez@example.net,Israel,2021-04-16,Basic,18549.18
7456,Maria Bishop,cynthia10@example.com,Seychelles,2020-07-12,Standard,42119.13
7457,Daniel Thomas,johnsontanya@example.net,Micronesia,2019-07-15,Standard,28014.65
7458,Helen Brooks,sheilagreen@example.com,Malta,2018-06-19,Standard,34441.90
7459,Daryl Trevino,brownjustin@example.net,Finland,2019-12-10,Premium,25834.31
7460,Ethan Hurst,garystewart@example.net,Niue,2020-12-26,Premium,32676.56
7461,Gavin Barnes,fhickman@example.org,Fiji,2018-01-14,Basic,17011.29
7462,Brian Perkins,johnnywells@example.net,Reunion,2023-08-14,Standard,31328.49
7463,Brian Hill,markjoseph@example.net,Argentina,2021-07-05,Standard,37121.73
7464,Gary Reyes,david72@example.com,Cote d'Ivoire,2021-01-02,Premium,4659.38
7465,James Copeland,qpatrick@example.org,Denmark,2021-02-14,Premium,16132.23
7466,Catherine Lee DDS,brockmartha@example.org,United States Minor Outlying Islands,2024-08-13,Basic,898.57
7467,Theresa Molina MD,bradleyhernandez@example.org,Serbia,2018-05-14,Basic,39072.53
7468,Shawn Johnson,kristin03@example.net,Malaysia,2023-05-08,Basic,3974.86
7469,Alan Martin,james62@example.net,Kuwait,2022-10-17,Premium,15305.76
7470,Donald Martinez,margaret97@example.net,Poland,2022-08-09,Basic,4783.78
7471,Kimberly Rogers DDS,pweber@example.org,Hong Kong,2020-06-28,Standard,25308.92
7472,Amanda Duffy,mpalmer@example.net,Saint Barthelemy,2023-11-11,Standard,13862.79
7473,Timothy Ochoa,jennifer12@example.net,Tajikistan,2023-02-16,Premium,19869.35
7474,William Russell,sarah21@example.org,Argentina,2022-03-17,Premium,27157.39
7475,Linda Rivera,sandersdaniel@example.com,Sudan,2023-01-23,Basic,48154.64
7476,Mitchell Cohen,nwebster@example.com,Barbados,2021-12-10,Standard,12894.72
7477,Tracy Anderson,crystalcohen@example.net,Bangladesh,2022-08-24,Standard,6655.54
7478,Christopher Lewis,courtney47@example.net,Iran,2022-05-08,Premium,20266.19
7479,Roy Roberts,bradley85@example.com,Eritrea,2018-10-03,Standard,32990.17
7480,Stacey Burke,hughesbrent@example.org,Mozambique,2018-12-23,Basic,18701.07
7481,Karen Rice,christy84@example.com,Tanzania,2023-10-21,Basic,30485.55
7482,Andrew Kramer,duncanmichael@example.com,Australia,2018-05-18,Premium,7542.72
7483,Mathew Garcia,lopezaaron@example.com,Lao People's Democratic Republic,2023-05-02,Basic,8430.16
7484,Mr. Tyler Shaw Jr.,andrewbooker@example.org,Costa Rica,2019-03-27,Premium,38875.84
7485,James Escobar,jbrown@example.net,Lithuania,2021-06-15,Standard,2146.38
7486,Heather Fernandez,thorntondouglas@example.net,Kiribati,2023-02-05,Basic,42078.76
7487,Ashley Walker,jeffrey32@example.net,Guinea-Bissau,2024-04-21,Standard,1119.65
7488,Kristina Harrington,torreschristian@example.org,Libyan Arab Jamahiriya,2020-08-25,Standard,20653.68
7489,Chad Anderson,davismary@example.com,Gabon,2022-10-21,Premium,16939.30
7490,Emily Knapp,alexis46@example.net,Barbados,2018-05-30,Premium,35323.81
7491,Michael Price,beardtroy@example.org,Tuvalu,2022-12-25,Standard,45750.86
7492,Mr. Ryan Burns,shepardcynthia@example.com,Wallis and Futuna,2024-08-22,Basic,12357.79
7493,Eric Dodson,msmith@example.com,China,2018-04-21,Standard,24204.04
7494,Andrew Walters,albert40@example.org,Cayman Islands,2022-12-08,Basic,10628.42
7495,Justin Blevins,rachelavila@example.org,Iran,2022-07-16,Standard,35072.07
7496,George Holloway,mooreallen@example.org,Belize,2019-05-08,Basic,46657.50
7497,Kendra Graham,cpatterson@example.com,Hungary,2020-01-20,Basic,9252.16
7498,Steven Rasmussen,patrickclark@example.org,Antigua and Barbuda,2022-08-08,Standard,45570.11
7499,Kelly Davis,james99@example.net,Nepal,2021-02-25,Premium,30753.99
7500,Joseph Potts,joneskevin@example.org,Vanuatu,2023-09-28,Standard,25453.45
7501,Sonya Brown,thomasunderwood@example.net,Bulgaria,2023-09-08,Standard,16521.93
7502,James Medina,christophercosta@example.com,Fiji,2023-08-20,Standard,33845.01
7503,Raymond Romero,johnayala@example.net,Congo,2018-07-11,Standard,23589.34
7504,Sandra Reynolds,terri77@example.org,Yemen,2020-04-20,Basic,20794.03
7505,Johnathan Scott,cassandrabanks@example.org,Djibouti,2021-06-01,Basic,40679.00
7506,Travis House,holmesgina@example.net,France,2023-10-11,Basic,30934.08
7507,Hunter Chapman,rhondaking@example.com,Anguilla,2023-08-26,Standard,49371.83
7508,Mikayla Russell,elizabeth26@example.org,United States of America,2018-04-09,Basic,42207.35
7509,Jessica Aguilar,joshuawalker@example.net,Peru,2021-08-14,Premium,42207.74
7510,Brooke Morgan,lopezmichelle@example.org,Belize,2021-05-24,Basic,6988.71
7511,Debra Graham,jessica04@example.org,Ethiopia,2019-04-29,Basic,22825.02
7512,Charles Byrd,nicholas61@example.com,Azerbaijan,2020-12-10,Basic,42836.74
7513,Edward Johnson,gonzaleskevin@example.com,Uganda,2022-09-27,Basic,38265.63
7514,Michael Nixon,kimberly31@example.org,Nicaragua,2024-02-11,Standard,34171.42
7515,Nicole Clark,tim69@example.org,Lithuania,2022-12-19,Premium,20416.03
7516,John French,kelsey24@example.org,Liberia,2020-04-23,Premium,41962.90
7517,Rachel Jones,xbowman@example.org,Burkina Faso,2018-10-13,Standard,38174.00
7518,Kathy Simmons,mooremary@example.net,New Zealand,2024-06-24,Basic,44826.05
7519,Kristen West,donna81@example.net,Georgia,2018-03-02,Standard,9663.73
7520,Amanda Mann,thompsonstephen@example.com,Bermuda,2024-07-04,Basic,8947.84
7521,Elizabeth Johnson,mkennedy@example.org,Gibraltar,2023-09-16,Basic,4096.60
7522,Taylor Gordon,abigail06@example.org,Falkland Islands (Malvinas),2024-05-09,Basic,46531.39
7523,Tom Hughes,ogilbert@example.net,Slovenia,2023-07-03,Premium,28136.43
7524,Nancy Stafford,spearsanthony@example.com,Bouvet Island (Bouvetoya),2022-09-11,Basic,16210.62
7525,Carl Johnson,wmason@example.com,Kyrgyz Republic,2020-04-15,Premium,23236.16
7526,Aimee Fisher,bduarte@example.net,Canada,2023-02-18,Basic,45729.56
7527,Cheryl Martinez,rosskayla@example.net,Monaco,2018-01-25,Basic,21202.14
7528,Robert Fernandez,sierra23@example.com,French Polynesia,2021-06-15,Basic,13194.48
7529,Holly Velazquez,briannasmith@example.com,Mayotte,2022-07-18,Basic,14667.64
7530,Robin Robinson,mary52@example.com,Svalbard & Jan Mayen Islands,2018-05-04,Premium,35926.37
7531,Gina Williams,maria10@example.net,Iran,2024-08-19,Basic,34379.47
7532,Pamela Smith,laneashley@example.net,Eritrea,2020-08-18,Premium,33761.13
7533,Mark Delgado,rogersalisha@example.net,Egypt,2020-08-30,Standard,15194.10
7534,Travis Serrano,jacksondaniel@example.net,San Marino,2024-09-29,Basic,1061.96
7535,Wesley Meyers,lisalynch@example.net,Cocos (Keeling) Islands,2021-03-02,Standard,38776.86
7536,Sarah Scott,bbarr@example.net,Namibia,2024-11-05,Standard,22537.09
7537,Anna Reeves,blevinssavannah@example.com,Eritrea,2022-04-08,Basic,9063.65
7538,Kristen Lopez,vpratt@example.org,Germany,2024-12-01,Standard,40994.35
7539,Daniel Fry,xgill@example.com,Finland,2022-12-04,Premium,199.39
7540,Diane Haynes,brianphillips@example.org,Jersey,2020-11-24,Basic,26572.05
7541,Julie Burgess,lisa66@example.net,Tonga,2021-01-17,Premium,28114.42
7542,Randall Mahoney,ehart@example.com,Uruguay,2023-10-01,Basic,38811.11
7543,William Parker,woodwilliam@example.com,Israel,2020-10-01,Premium,34899.00
7544,Raymond Stanton,kcantu@example.net,Zambia,2018-11-05,Standard,36261.49
7545,Sarah Glenn,kaitlyn73@example.org,Korea,2019-04-03,Standard,23626.65
7546,Joshua Johnson,ugeorge@example.net,Reunion,2018-01-23,Standard,31737.48
7547,Vernon Crawford,rodriguezbriana@example.net,Japan,2021-01-15,Basic,11167.52
7548,Sheena Torres,laura21@example.com,French Guiana,2019-04-12,Standard,44163.11
7549,Marissa Edwards,james86@example.net,French Polynesia,2023-12-02,Basic,43198.50
7550,Sarah Barker,contrerasnicole@example.com,Botswana,2018-08-01,Premium,19042.72
7551,Jacqueline Macdonald,yolanda73@example.net,Tonga,2020-10-31,Basic,46058.30
7552,Mark Love,hday@example.org,Guatemala,2019-08-05,Basic,25599.01
7553,Angela Banks,veronicaburton@example.org,Slovenia,2021-09-07,Premium,10065.69
7554,Dr. Daniel Jacobson,xdawson@example.net,Finland,2023-01-13,Premium,5810.44
7555,Kathryn Stanton,dlong@example.net,Puerto Rico,2018-08-11,Basic,48868.59
7556,Kevin Ortiz,yrodriguez@example.org,Peru,2022-08-16,Basic,14987.36
7557,Heather Perez,carpenterdaniel@example.net,Morocco,2023-01-02,Premium,10259.00
7558,Lisa Barton,daniel75@example.com,Zambia,2023-10-03,Basic,27017.12
7559,Robert Nicholson,gutierrezedwin@example.org,Namibia,2023-10-22,Basic,44922.88
7560,James French,ryanperry@example.com,Uzbekistan,2018-09-26,Standard,8050.77
7561,Dr. Jesse Branch,jasonpacheco@example.org,Hong Kong,2019-09-08,Basic,8363.66
7562,Vanessa Gonzalez,lhogan@example.com,Congo,2022-08-26,Basic,8775.28
7563,Jonathan Jones,paigewilliams@example.com,Moldova,2021-04-27,Standard,42138.12
7564,Joan Henderson,esparzatammy@example.net,Benin,2021-08-29,Premium,33059.62
7565,Misty Harrison,joneschristine@example.net,Croatia,2018-03-20,Standard,7450.53
7566,Patricia Goodman,gina41@example.com,Falkland Islands (Malvinas),2023-09-11,Basic,29014.74
7567,John Rodriguez,smithdanielle@example.net,India,2021-10-20,Basic,9274.15
7568,Christopher Rivera,brendangreen@example.com,Latvia,2023-03-28,Basic,13852.94
7569,Katrina Ross,christine22@example.org,Tonga,2018-11-05,Standard,27037.86
7570,Amy Hammond,jennifer97@example.net,Korea,2022-09-29,Basic,34302.61
7571,Brian Nelson,millerdominique@example.org,Cote d'Ivoire,2024-09-22,Standard,42943.12
7572,Theresa Smith,jkey@example.com,Thailand,2019-12-04,Standard,20366.61
7573,Andrea Porter,mary66@example.net,Latvia,2019-06-27,Premium,27917.72
7574,Alyssa Stanley,lloydcheryl@example.org,British Virgin Islands,2023-12-13,Premium,42049.53
7575,Jeffrey Rodriguez,billyprice@example.com,Madagascar,2020-09-10,Basic,6090.34
7576,Stephen Drake,adkinsemily@example.net,Bhutan,2018-08-21,Basic,37894.76
7577,Jason Gardner,deckerrobert@example.com,Reunion,2019-12-19,Standard,9811.45
7578,Philip Hernandez,danielsmichelle@example.net,Antarctica (the territory South of 60 deg S),2020-12-19,Standard,13539.24
7579,David Smith,angel96@example.org,Netherlands,2021-08-28,Basic,19136.11
7580,Kari Lee,alyssa14@example.com,Albania,2020-01-24,Basic,12728.78
7581,Victoria Hansen,heather40@example.net,Lao People's Democratic Republic,2023-11-08,Basic,41083.88
7582,Shannon Schaefer,larry17@example.com,Honduras,2023-06-08,Premium,4153.03
7583,James Guerra,olopez@example.org,Dominica,2018-02-14,Basic,37344.30
7584,Catherine Brooks,starkstephanie@example.net,Liberia,2019-08-08,Standard,8199.08
7585,Angela Gallagher,leahmyers@example.net,Romania,2022-03-12,Premium,20450.31
7586,Justin Hernandez,sgregory@example.com,Palestinian Territory,2018-03-18,Basic,4592.24
7587,Brian Walker,sarahbrown@example.org,Faroe Islands,2019-10-02,Premium,22980.61
7588,Jordan Foster,mmonroe@example.org,Netherlands Antilles,2020-10-15,Premium,9213.72
7589,Alexandra Anderson,milleranna@example.net,Bahamas,2020-12-26,Basic,22622.32
7590,Caitlin Perez,hubbardsamuel@example.com,Guernsey,2018-08-29,Premium,30541.24
7591,Katherine Lopez,daniel86@example.com,Saint Lucia,2023-01-13,Premium,6679.77
7592,David Mathis,david19@example.com,Sri Lanka,2021-04-17,Premium,18834.09
7593,Wanda Fuller,erikbaker@example.org,Portugal,2019-06-29,Basic,15486.10
7594,Dawn Vincent,lovericardo@example.org,Timor-Leste,2021-12-12,Standard,11193.06
7595,Mark Steele,briangarza@example.com,Reunion,2022-10-07,Standard,25111.48
7596,Sabrina Hughes,kaitlyncastro@example.com,Spain,2018-11-21,Basic,26686.14
7597,Melissa Wilson,gregoryjones@example.org,Russian Federation,2022-12-06,Standard,38966.33
7598,Mr. James Brown,chris20@example.net,Northern Mariana Islands,2021-02-14,Basic,911.79
7599,Jason Morton,acase@example.net,Lithuania,2020-09-22,Standard,41370.75
7600,Christina Walker,scott32@example.com,Cape Verde,2021-01-19,Basic,27384.54
7601,Stacy Vazquez,steven36@example.com,Montenegro,2019-05-02,Standard,43726.49
7602,Lauren Stewart,vasquezjacob@example.com,Tajikistan,2024-05-23,Standard,49904.07
7603,Laura Guzman,jeanette99@example.net,Saudi Arabia,2020-10-15,Basic,18534.99
7604,Susan Mosley,chandlerdouglas@example.org,Pakistan,2022-06-27,Standard,7698.28
7605,Karen White MD,reyeschristopher@example.net,Lebanon,2020-03-20,Premium,11617.97
7606,Jonathan Hernandez,christian26@example.org,Bhutan,2018-06-07,Standard,20221.28
7607,Daniel Dunn,andrewglover@example.net,Benin,2023-03-14,Basic,38795.60
7608,Darrell Martinez,amandadecker@example.com,Tajikistan,2023-12-07,Standard,14256.82
7609,Gary Kirby,byrdjasmine@example.net,Nepal,2018-10-29,Premium,18704.38
7610,Anthony Short,hallsteven@example.net,Mauritius,2021-06-25,Basic,40848.17
7611,Rose Rice,vjones@example.org,Gabon,2019-12-15,Premium,37449.89
7612,David Harrison,bgordon@example.net,Namibia,2020-11-16,Premium,30281.13
7613,Patrick Washington,sjensen@example.org,Saint Barthelemy,2022-05-04,Premium,8372.70
7614,Jesus Johnson,xmoreno@example.org,Holy See (Vatican City State),2022-08-10,Basic,31032.14
7615,Walter Matthews,lopezalexandra@example.com,Yemen,2018-02-15,Standard,20905.95
7616,Bryan Espinoza,john51@example.net,Guinea-Bissau,2018-10-25,Standard,47436.52
7617,Tony Lambert,jorgewilliams@example.com,Saint Barthelemy,2024-05-20,Basic,20468.25
7618,Katie Cox,robin08@example.net,New Caledonia,2020-02-14,Standard,18910.07
7619,Robert Wallace,mcclainelizabeth@example.com,Mauritania,2024-08-13,Basic,32899.48
7620,Bobby Guzman,zmitchell@example.net,Algeria,2019-09-25,Basic,45749.18
7621,Joan Taylor,john77@example.com,Dominica,2024-10-06,Basic,27453.26
7622,Olivia Payne,ibauer@example.org,Heard Island and McDonald Islands,2020-06-01,Standard,37599.63
7623,Donald Warren,smithsamantha@example.org,South Africa,2023-05-10,Standard,27843.30
7624,Brian Lawson,sscott@example.com,Mozambique,2023-03-16,Basic,24822.07
7625,Christina Barnes,drakemonica@example.net,Guatemala,2024-11-07,Premium,18671.23
7626,Angel Roberts,reevesandrew@example.org,Norfolk Island,2022-11-12,Premium,15125.28
7627,Donald Wilson,kroberts@example.org,Dominican Republic,2020-10-08,Standard,26307.07
7628,Jamie Friedman,hornshirley@example.org,Brazil,2018-07-20,Basic,47381.60
7629,Devon Holmes,frank52@example.com,Togo,2020-10-27,Basic,40673.61
7630,Thomas Marshall,bryanespinoza@example.net,Spain,2019-01-27,Standard,10087.09
7631,Zachary Gaines,townsendtimothy@example.org,Guam,2023-12-03,Basic,9561.01
7632,Kristy Harris,tamara59@example.net,Sweden,2024-09-21,Premium,7822.42
7633,Dr. Vanessa Wilson MD,bergersarah@example.net,Nepal,2019-06-01,Standard,591.19
7634,Derrick Anderson,joshuabradley@example.com,Guinea-Bissau,2018-01-19,Premium,14550.68
7635,Luis Arnold,dianecrawford@example.com,Liberia,2018-07-23,Basic,48946.55
7636,Olivia Parker,gchase@example.net,Mexico,2023-03-26,Standard,7425.03
7637,Brenda Singleton,bramsey@example.com,Israel,2024-12-01,Basic,37374.95
7638,Henry Gross,abigailsmith@example.org,Western Sahara,2018-10-03,Standard,37085.44
7639,Jeffrey Harper,joyce44@example.org,Israel,2020-07-18,Premium,43548.69
7640,Tyler Vargas,edward32@example.net,Comoros,2024-04-29,Premium,10964.59
7641,David Oneill,jonesdeborah@example.net,Liechtenstein,2019-04-30,Premium,10285.85
7642,Matthew Bradley,jessicamora@example.org,Puerto Rico,2024-06-12,Standard,16137.72
7643,Hector Patterson,seth23@example.net,Japan,2024-02-05,Standard,6706.52
7644,Jennifer Williams,gjones@example.org,Western Sahara,2024-08-19,Basic,27053.29
7645,Monica Bradford,dbyrd@example.net,Isle of Man,2021-09-02,Basic,19248.85
7646,Theresa Johnson,julie18@example.com,Aruba,2019-10-17,Basic,39316.62
7647,Johnny Freeman,barry18@example.net,Gabon,2019-07-09,Standard,45438.68
7648,Sandra Brown,ianbird@example.com,Guinea,2021-09-11,Basic,48484.09
7649,Thomas Walker,robertpetersen@example.net,Albania,2019-09-12,Premium,25977.65
7650,Sherri Walker,monicaluna@example.org,Luxembourg,2020-08-14,Standard,41599.38
7651,Mary Cooke,wilsonangela@example.net,Montserrat,2018-05-07,Basic,46631.15
7652,Alexander Graves,smithshawn@example.net,Andorra,2022-10-14,Standard,30470.70
7653,Martin Miller,omurillo@example.net,Italy,2019-02-24,Basic,47169.53
7654,Michelle Bennett,tiffanyrobinson@example.net,Equatorial Guinea,2024-04-07,Basic,20093.87
7655,Patrick Zimmerman,gpowell@example.net,Guadeloupe,2024-05-17,Basic,46068.73
7656,Christina Moody,rlindsey@example.com,Madagascar,2018-05-20,Basic,49388.09
7657,Frederick Powell,tammyabbott@example.org,Egypt,2022-02-24,Standard,26744.01
7658,Adam Walker,nelsoncory@example.net,Iraq,2018-01-18,Premium,23745.52
7659,Brittany Mitchell,michaelmcgee@example.org,British Indian Ocean Territory (Chagos Archipelago),2022-02-01,Premium,31434.58
7660,Madeline Aguirre,watkinsalexander@example.org,Botswana,2018-01-12,Standard,30822.78
7661,Kevin Anderson,gbeck@example.org,Mauritania,2022-08-03,Premium,46828.72
7662,Matthew Davis MD,pmckenzie@example.org,Korea,2022-10-30,Basic,16726.96
7663,Andrew Green,daniellewells@example.com,Romania,2023-05-22,Premium,37909.01
7664,David Brooks,michellebell@example.com,Japan,2021-04-04,Premium,15550.04
7665,Beth Becker,stephen66@example.org,Azerbaijan,2021-06-12,Standard,12955.61
7666,Elizabeth Meadows,johnstonrobin@example.org,Oman,2019-11-01,Standard,11354.36
7667,Brian Perez,woodkenneth@example.net,Solomon Islands,2018-10-25,Basic,9789.14
7668,Lisa Sellers,brownstephanie@example.net,Spain,2024-12-09,Standard,42535.97
7669,Jeffrey Arnold,rhart@example.net,Faroe Islands,2019-02-02,Premium,2686.31
7670,Emily Gray,xrosario@example.com,Japan,2023-07-01,Standard,9902.82
7671,Pamela Martin,andre15@example.org,Christmas Island,2019-11-26,Premium,24866.82
7672,Sonya Johnson,howardtimothy@example.org,Nauru,2021-12-03,Premium,11365.21
7673,Debra Johnson,juliestevens@example.org,Armenia,2018-12-19,Basic,38113.58
7674,Courtney Thompson,holmesderrick@example.org,Peru,2020-01-05,Premium,7415.98
7675,Martha Ford,hclark@example.net,Saint Barthelemy,2021-09-28,Basic,37236.12
7676,Jeremy Clark,fperez@example.org,Northern Mariana Islands,2024-07-19,Basic,36139.45
7677,Nicolas Mason,fking@example.net,United States of America,2024-08-16,Premium,25830.26
7678,Heather Manning,rebecca25@example.net,Ghana,2020-03-03,Premium,23035.13
7679,Rhonda Morris,david41@example.com,Egypt,2020-02-17,Standard,36614.94
7680,Anthony Allen,smartinez@example.org,Afghanistan,2021-04-18,Standard,13825.58
7681,Ms. Kristin Sullivan,simmonsjose@example.org,Vanuatu,2023-01-12,Standard,27542.51
7682,Elizabeth Moore,bradleyerica@example.net,Congo,2018-01-01,Standard,24719.78
7683,Jonathan Lyons,garciastephanie@example.org,Marshall Islands,2018-04-16,Standard,37514.64
7684,Shawna Harris,abigail54@example.com,Albania,2023-12-30,Standard,43313.47
7685,Stephanie Guerrero,tanyamorrison@example.com,Dominican Republic,2020-07-12,Standard,49323.61
7686,Dr. Thomas Wells,franklinmichael@example.com,Mexico,2018-01-22,Basic,41863.34
7687,Erik Kelly,joshuaduarte@example.org,Kuwait,2022-08-21,Standard,3903.20
7688,Dennis Henry,martinezjoshua@example.net,Guadeloupe,2024-10-27,Premium,39342.74
7689,Mark Patterson,oscarwalker@example.org,Cape Verde,2018-05-20,Basic,27912.42
7690,Barbara Adams,karen80@example.net,Niue,2022-01-03,Premium,24217.73
7691,Peggy Roberts,fosterjacob@example.com,North Macedonia,2020-09-05,Basic,8406.29
7692,Alicia Henderson,mbuck@example.com,Netherlands,2024-01-14,Basic,17420.95
7693,James Brown,trevor39@example.org,Eritrea,2021-01-02,Standard,19237.98
7694,Mark Lee,lindalee@example.net,Niue,2020-11-13,Premium,30290.43
7695,Christine Wolfe DDS,petersdavid@example.org,Cuba,2018-10-28,Basic,39759.81
7696,Kaitlin Mcfarland,beasleystacey@example.net,Luxembourg,2023-09-16,Premium,17281.23
7697,Kristin Mueller,trevinohayley@example.net,Singapore,2024-02-09,Basic,4044.78
7698,Sylvia Steele,batkins@example.net,Panama,2019-01-26,Standard,44770.36
7699,Tara Carson,hamiltonantonio@example.net,Croatia,2023-01-25,Standard,13635.30
7700,Joseph Beck,staylor@example.net,San Marino,2024-12-11,Standard,33486.94
7701,Ryan Adams,kevin93@example.com,Honduras,2020-10-16,Basic,33353.63
7702,Kellie Boyd,gdouglas@example.com,Egypt,2022-06-20,Premium,32365.96
7703,Robyn Mathews,tiffanygriffith@example.org,Bermuda,2023-04-21,Premium,2623.86
7704,Gabrielle Hall,adriana96@example.org,Tonga,2018-02-16,Basic,12366.91
7705,Dan Larsen,martindaniel@example.net,New Caledonia,2018-02-21,Basic,15642.97
7706,Matthew Moyer,hbrown@example.com,Denmark,2021-06-30,Premium,27024.85
7707,Erica Diaz,brandon18@example.org,Sweden,2018-03-17,Premium,30249.93
7708,Stephanie Charles,fwalls@example.com,Cayman Islands,2024-02-15,Premium,8992.73
7709,Jason Phillips,robertwoods@example.net,Afghanistan,2024-01-20,Premium,34080.53
7710,Lori Lyons,smithbilly@example.net,Tuvalu,2024-08-07,Standard,19743.45
7711,Sean English,harrismarc@example.net,Lesotho,2019-10-19,Basic,36596.11
7712,Troy Fox,sherry42@example.com,Canada,2020-09-04,Basic,18650.16
7713,Patrick Davis MD,smithkimberly@example.com,China,2024-02-07,Basic,20027.08
7714,Jennifer Cruz DVM,qgonzalez@example.org,Thailand,2021-02-15,Basic,48607.88
7715,Juan Jones,johnsonmariah@example.org,Uzbekistan,2018-03-28,Basic,22296.32
7716,David Johnson,larashane@example.com,Somalia,2024-01-23,Premium,7662.43
7717,Tyrone Ewing,nathanielperkins@example.com,Mayotte,2021-08-10,Premium,30443.22
7718,Edward Davis,walter21@example.com,Saint Pierre and Miquelon,2021-10-16,Premium,48544.22
7719,Richard King,christianmckinney@example.com,Azerbaijan,2022-04-15,Standard,34633.25
7720,Stacey Mcgrath,khawkins@example.net,Benin,2024-09-24,Premium,43360.89
7721,John Kim,swarren@example.net,Paraguay,2020-08-27,Standard,36069.56
7722,Lori Lester,chenpatrick@example.org,Portugal,2019-06-26,Premium,2869.14
7723,Robin Hayes,christopher55@example.org,Nauru,2020-02-17,Basic,49274.14
7724,Shane Clark,morrisonadrienne@example.org,Cyprus,2021-05-13,Standard,42515.21
7725,Kayla Bush,reneepayne@example.net,Cape Verde,2023-08-23,Basic,45010.14
7726,Eduardo Griffin DDS,kevin46@example.org,Sri Lanka,2022-11-05,Standard,2224.32
7727,Janet Castillo,kyork@example.org,Egypt,2024-10-14,Basic,24200.10
7728,Adrian Rush,david21@example.net,Marshall Islands,2018-06-24,Basic,8492.56
7729,Stephen Richards,martinronald@example.net,Monaco,2019-04-27,Basic,34994.65
7730,Janet Romero,jesseyoung@example.com,Bolivia,2019-01-15,Basic,41970.87
7731,Matthew Murphy,geraldcortez@example.net,Pitcairn Islands,2021-03-01,Premium,4035.15
7732,Heidi Smith,harrisonamy@example.org,Azerbaijan,2020-03-28,Basic,42822.33
7733,Sally Chaney,mariaramirez@example.org,Thailand,2019-08-18,Standard,18990.76
7734,Mr. Brett Miller,stacygonzales@example.com,Zambia,2019-01-30,Standard,26901.98
7735,Greg Hill,michelle17@example.org,Saudi Arabia,2024-03-17,Standard,28087.77
7736,Abigail Russell,mary76@example.com,Kiribati,2021-11-05,Premium,40037.09
7737,Tina Watson,fishersarah@example.com,Grenada,2020-09-14,Premium,32941.17
7738,Tanya Gibbs,kristahughes@example.org,Belarus,2019-04-02,Basic,32844.27
7739,Jessica Macdonald,toneill@example.com,United States Minor Outlying Islands,2018-05-13,Standard,49710.33
7740,Sheryl Thompson,catherinemercer@example.net,South Georgia and the South Sandwich Islands,2019-10-13,Premium,1002.66
7741,Curtis Garcia,umccarthy@example.org,Hungary,2020-07-14,Basic,45258.69
7742,Dylan Wilcox,caseyjoseph@example.org,Antarctica (the territory South of 60 deg S),2018-01-29,Standard,23922.61
7743,Molly Holmes,ortegacatherine@example.org,Andorra,2021-01-21,Standard,35587.29
7744,Sheri Hodges,ssteele@example.net,Nauru,2021-04-28,Standard,36347.83
7745,Mark Ford,kmurphy@example.net,Belgium,2018-08-21,Basic,33976.92
7746,Brian Wilkerson,brayelizabeth@example.net,Kuwait,2019-07-18,Basic,44780.46
7747,Angela West,heather16@example.com,Bangladesh,2018-11-24,Standard,37560.68
7748,Frank Kennedy,zjordan@example.net,Martinique,2021-03-30,Standard,37320.30
7749,Nicholas Pierce,harrisangela@example.com,Cameroon,2024-12-04,Basic,17014.03
7750,Holly Salazar,jonesmichelle@example.com,Venezuela,2020-09-25,Basic,13687.74
7751,Mary Bentley,lpalmer@example.net,Guam,2023-06-14,Standard,49890.33
7752,Joshua Davidson,,Tanzania,2019-06-26,Standard,9072.12
7753,Christina Dixon,hansenluke@example.net,El Salvador,2021-08-31,Basic,37971.31
7754,Jennifer Jenkins,stephen16@example.net,Ghana,2022-03-20,Premium,18228.77
7755,Charles Davis,kathleenmitchell@example.org,Poland,2018-02-25,Premium,37477.11
7756,Craig Valdez,wmatthews@example.com,Bhutan,2018-10-29,Basic,26777.57
7757,Robin Reid,steven01@example.com,Mexico,2018-03-09,Premium,18761.12
7758,Hannah Garrett,jessicawilkerson@example.org,China,2024-03-25,Standard,396.29
7759,Philip Stokes,bradleymedina@example.com,Saint Martin,2022-05-10,Basic,20124.11
7760,Travis Williams,berrynancy@example.org,Saint Pierre and Miquelon,2021-09-16,Premium,19729.20
7761,Brianna Elliott,edwardnorman@example.net,Slovenia,2018-06-20,Standard,19850.91
7762,Heather Ramos MD,ramseyandrea@example.com,Cook Islands,2022-11-13,Premium,18611.13
7763,Jeremy Gonzales,laurawilliams@example.com,Kyrgyz Republic,2019-06-14,Basic,26592.00
7764,Donald Perkins,coxbarbara@example.org,Andorra,2018-12-26,Basic,31701.04
7765,Franklin Allen,nicholas08@example.net,Maldives,2020-12-25,Premium,31229.83
7766,Mitchell Castro,anneblack@example.com,Uzbekistan,2024-08-04,Premium,646.35
7767,Diana Riley,lfreeman@example.com,Burkina Faso,2020-06-05,Basic,2285.71
7768,Manuel Miller,pattersonstacey@example.org,Korea,2019-04-30,Premium,3029.24
7769,Kelly Ayers,adamsrenee@example.org,Afghanistan,2020-08-29,Basic,1537.74
7770,Nicholas Pineda,veronicalane@example.net,Uruguay,2022-02-03,Premium,1262.94
7771,Katherine Wang,ealvarez@example.com,Papua New Guinea,2020-12-10,Standard,7988.17
7772,Patrick Parks,justin10@example.org,Niger,2020-03-30,Standard,37873.11
7773,Roberta Davis,wendyruiz@example.com,Svalbard & Jan Mayen Islands,2024-05-17,Standard,34836.08
7774,Kevin Duarte,mackenzie42@example.com,Anguilla,2022-02-10,Premium,42887.66
7775,Kayla Rodriguez,raymondbruce@example.com,Comoros,2024-06-11,Basic,41236.55
7776,Jesus Turner,nicolerandolph@example.net,Gambia,2022-05-27,Premium,2572.00
7777,Richard Gibbs,sandrawalsh@example.net,Tuvalu,2023-12-25,Standard,2245.60
7778,Rhonda Sanders,yvette19@example.com,Fiji,2023-03-14,Standard,45869.85
7779,Melanie Clarke,qrios@example.net,Turkmenistan,2023-07-13,Standard,33113.15
7780,Colton Gibbs,qwaller@example.org,Svalbard & Jan Mayen Islands,2020-11-21,Standard,49075.97
7781,Eric Ramirez,sdavis@example.net,Reunion,2024-08-15,Premium,2287.85
7782,Eileen Hughes,robin66@example.org,United States Minor Outlying Islands,2021-03-16,Basic,27886.16
7783,Gregory Miller,zbarnett@example.org,Cayman Islands,2024-10-13,Standard,34704.94
7784,Debra Horn,bassdaniel@example.net,Ireland,2021-09-11,Premium,25738.36
7785,James Singh,silvalisa@example.net,Pakistan,2019-05-25,Basic,912.87
7786,Carla Gross,bennettjoseph@example.org,Saint Martin,2024-04-17,Premium,35946.48
7787,Anthony Lee,carlos09@example.org,Fiji,2024-09-04,Standard,17458.25
7788,Christopher Howard,adam56@example.net,Reunion,2021-12-06,Basic,10646.93
7789,Charles Berry,tmcgee@example.com,China,2021-03-05,Standard,19967.03
7790,Raven Malone,lindaleonard@example.org,Malta,2022-07-22,Premium,43361.10
7791,Laura Johnson,parkerpaul@example.org,Cote d'Ivoire,2024-09-11,Basic,18612.63
7792,Timothy Dennis,njones@example.org,Papua New Guinea,2019-05-21,Standard,30864.90
7793,John Campbell,melissajones@example.org,Zambia,2018-08-03,Standard,35000.63
7794,Donald Ford,boyertammy@example.net,Hong Kong,2022-04-06,Premium,11813.21
7795,Linda Petersen,simpsonjames@example.org,Thailand,2022-07-31,Premium,40561.92
7796,Carrie Wilson,jessicathomas@example.com,Azerbaijan,2019-07-26,Standard,27133.86
7797,Steven Wade,davidanderson@example.net,Kenya,2018-05-05,Standard,623.20
7798,Olivia Fisher,brandon04@example.net,United Kingdom,2023-01-13,Basic,7797.74
7799,Laura Carson,david34@example.net,Rwanda,2022-09-23,Standard,900.17
7800,Jessica Russell,erobinson@example.org,Suriname,2020-03-16,Standard,40008.87
7801,Sara Taylor,cruzjohn@example.com,Guinea-Bissau,2018-09-15,Standard,25248.00
7802,Lisa Woods,carla56@example.com,Guinea-Bissau,2018-04-22,Premium,18785.50
7803,James Henderson,csanders@example.com,Morocco,2020-03-26,Basic,317.96
7804,Colleen Park,longbreanna@example.net,Zimbabwe,2022-12-13,Premium,34001.60
7805,Adam Martin,evanhenderson@example.net,Equatorial Guinea,2019-01-05,Standard,24902.82
7806,Christina Taylor,jennifer42@example.org,Gambia,2019-01-20,Standard,21220.01
7807,Adam Campbell,leslieoliver@example.org,Grenada,2021-11-21,Basic,22057.88
7808,Ariel Montgomery,robertojones@example.com,Iran,2018-09-11,Standard,6534.53
7809,Erica Wade,timothygomez@example.net,Kuwait,2020-11-13,Standard,3845.16
7810,Amanda Flores,kathydavis@example.net,Australia,2020-10-01,Basic,16387.22
7811,Mr. Steven Rivera DDS,yolandanelson@example.com,Bouvet Island (Bouvetoya),2022-12-17,Basic,13340.88
7812,Jeffrey Hill,jessicalawson@example.com,China,2022-03-18,Standard,36622.95
7813,Brittany Meyers,brenda03@example.org,Cameroon,2022-02-05,Premium,4943.98
7814,Melissa Davis,renee59@example.net,Tanzania,2021-08-03,Basic,46954.56
7815,Isabella Rowe,chad71@example.com,India,2023-03-31,Basic,2815.27
7816,Terry Robinson,wilsonchristopher@example.net,Latvia,2023-03-01,Premium,28676.21
7817,Christine Kelley,edwardkelly@example.net,Cook Islands,2018-11-24,Basic,46627.05
7818,Shawn Adams,harrisoneric@example.org,Palau,2024-06-15,Basic,19953.20
7819,Benjamin Flowers,baxtercory@example.com,Ukraine,2021-05-15,Basic,20290.33
7820,Ms. Tiffany Gray,snydertimothy@example.org,British Virgin Islands,2020-05-29,Standard,16571.88
7821,Joshua Gallagher,michael35@example.com,Niue,2019-05-20,Basic,11829.07
7822,Jennifer Murray,gonzalezdaniel@example.org,Cook Islands,2021-08-13,Basic,30402.93
7823,Rhonda Jones,kylescott@example.net,Hong Kong,2020-12-16,Basic,33560.58
7824,James Clayton,choisandra@example.com,Christmas Island,2023-02-28,Standard,27392.24
7825,Darrell Hill,alexis60@example.org,Taiwan,2018-01-29,Standard,34364.57
7826,Jennifer Rodriguez,alberthiggins@example.net,Falkland Islands (Malvinas),2018-07-21,Premium,48531.40
7827,Diana Villa,jeffrey36@example.org,Antarctica (the territory South of 60 deg S),2023-05-13,Standard,40084.31
7828,Jose Morse,mikeclark@example.net,Ecuador,2018-12-30,Basic,13341.42
7829,Susan Hill,gbell@example.org,Peru,2018-01-25,Basic,5103.05
7830,Matthew Hughes,matthewmurphy@example.net,Saint Pierre and Miquelon,2020-01-31,Premium,1374.12
7831,Jeffery Reese,mdavis@example.net,Guam,2022-01-14,Standard,24494.56
7832,Katelyn Smith,adam30@example.net,Saint Pierre and Miquelon,2020-06-07,Premium,42530.41
7833,Karen Anderson,stephanie85@example.com,South Africa,2019-08-12,Basic,35352.76
7834,Jeffery Ramos,durhamjason@example.net,Saint Vincent and the Grenadines,2023-05-17,Premium,39328.09
7835,Christopher Stone,jamesray@example.com,Gambia,2019-06-30,Premium,28319.57
7836,Bruce Miller Jr.,melaniehoward@example.net,Comoros,2022-07-17,Standard,13027.91
7837,Crystal Green,gduke@example.net,Sierra Leone,2020-02-02,Basic,46085.81
7838,Robert Eaton,macknicole@example.com,Samoa,2021-08-12,Premium,38178.02
7839,Rhonda Smith,thompsondiane@example.com,Gambia,2022-06-06,Standard,18865.50
7840,Thomas Cruz,harrismatthew@example.net,Vietnam,2024-08-28,Basic,9422.90
7841,Ryan Bauer,michelle42@example.org,Tuvalu,2019-11-09,Standard,23722.55
7842,Andrew Payne,jason93@example.net,South Georgia and the South Sandwich Islands,2020-08-27,Basic,46659.30
7843,Ronald Mayer,sjohnson@example.org,Tunisia,2019-10-16,Premium,36074.41
7844,Joshua Hernandez,greenebrenda@example.com,Uzbekistan,2021-10-17,Basic,7120.50
7845,Kathryn Sandoval,michael45@example.com,Saint Barthelemy,2019-07-14,Premium,34331.92
7846,Renee Heath,banksmary@example.net,Isle of Man,2018-03-30,Basic,4786.64
7847,Samantha Ward,thomasmckenzie@example.com,Vanuatu,2018-01-01,Premium,21221.66
7848,Sally Thompson,sphillips@example.net,Syrian Arab Republic,2020-02-13,Premium,38081.15
7849,Beverly Simpson DDS,cassandra19@example.net,Namibia,2019-12-19,Basic,14017.12
7850,Ronald Perez,kyle77@example.org,Mozambique,2019-07-21,Premium,48080.22
6558,Joshua Bright,bradley14@example.com,Slovakia (Slovak Republic),2023-07-20,Basic,3623.05
7852,Kristie Faulkner,suttonkristi@example.org,Latvia,2024-08-17,Basic,7552.60
7853,Heather Chase,feliciablack@example.net,Estonia,2024-10-26,Premium,40004.80
7854,Carolyn Ramos,fowlerwilliam@example.org,Estonia,2023-06-03,Standard,41011.93
7855,Logan Davis,saracamacho@example.net,Mongolia,2018-12-11,Standard,42152.78
7856,Christopher Fields,worr@example.net,United States Minor Outlying Islands,2021-11-02,Premium,44845.29
7857,Jeremy Brooks,vchristensen@example.org,India,2018-08-24,Standard,16248.01
7858,Samuel Robinson,djohnson@example.org,Russian Federation,2024-05-17,Basic,30506.66
7859,Scott Gallagher,michaelbennett@example.net,Colombia,2018-10-12,Premium,27600.60
7860,Tyler Smith,tiffanyriggs@example.net,British Indian Ocean Territory (Chagos Archipelago),2020-06-24,Premium,1569.78
7861,Valerie Ho,ndowns@example.net,Greenland,2022-05-31,Standard,49235.60
7862,Ricky Forbes,swalters@example.com,Holy See (Vatican City State),2020-05-24,Basic,7820.80
7863,Andre Cox,wthompson@example.com,Nepal,2022-11-07,Basic,36262.85
7864,Thomas Huerta,kimberly52@example.org,Netherlands Antilles,2019-09-09,Premium,24688.88
7865,Jeffrey Buchanan,michaelrichards@example.net,Finland,2023-03-30,Standard,10995.36
7866,Robert Gentry,derek05@example.com,Saint Lucia,2018-11-05,Standard,44346.47
7867,Molly Hayes,maryoneill@example.net,Bouvet Island (Bouvetoya),2023-09-05,Basic,48008.52
7868,Jonathan Barker,pwest@example.net,Haiti,2022-06-20,Standard,46436.13
7869,Melissa Bryant,jfrancis@example.org,Austria,2023-05-13,Premium,46283.10
7870,Benjamin Miller,tammy57@example.com,Comoros,2022-12-20,Premium,10446.04
7871,Stephen Banks,longrobert@example.org,Turkey,2022-01-20,Premium,11978.21
7872,Jay Boone,jnelson@example.net,Honduras,2018-05-22,Standard,30756.70
7873,Douglas Henry,dawnlewis@example.com,Ecuador,2019-11-26,Basic,25220.83
7874,Kelli Contreras,andersoncourtney@example.com,Sweden,2021-05-31,Premium,31545.71
7875,Jesus Donovan,rebecca05@example.org,Serbia,2018-12-14,Basic,41222.17
7876,Mark Russell,ian88@example.net,Latvia,2023-04-22,Basic,14945.81
7877,Bryce Moore,olivia00@example.org,Turkey,2018-08-08,Premium,44900.56
7878,Aaron Brooks,lindahayes@example.org,Holy See (Vatican City State),2021-01-11,Premium,33802.34
7879,Brandon Chapman,ascott@example.org,Netherlands,2022-11-15,Standard,39096.91
7880,Jeffery Fry,brent71@example.net,China,2022-02-11,Basic,8433.52
7881,Crystal Roberts,urodriguez@example.com,Niue,2023-02-01,Standard,6972.23
7882,Ruben Green,moodystacey@example.net,Sri Lanka,2024-05-20,Premium,42108.68
7883,Cathy Wilson,wilsonsandy@example.net,Pakistan,2022-10-27,Premium,788.29
7884,Linda Lee,tatedana@example.com,North Macedonia,2018-06-13,Premium,35358.77
7885,Rhonda Gomez,dylancampos@example.org,Estonia,2020-02-21,Basic,33151.75
7886,Randy Decker,zjohnson@example.com,Slovenia,2022-01-01,Basic,42362.78
7887,Patrick Robinson,dreyes@example.org,Palestinian Territory,2022-07-11,Standard,47298.63
7888,Sheri Cruz,pattersonsarah@example.net,Turkey,2018-10-18,Standard,28726.46
7889,Jason Johnson,davisjermaine@example.net,Saint Lucia,2020-12-30,Standard,29791.13
7890,Ronald Mcgee,jessica07@example.net,Angola,2024-07-29,Premium,5313.91
7891,Thomas Riddle,manuelgarcia@example.org,Saint Vincent and the Grenadines,2020-06-10,Basic,34979.24
7892,Earl Rodriguez,eric41@example.org,Egypt,2024-05-26,Basic,24271.82
7893,Angela Johns,taylorjessica@example.net,Burkina Faso,2024-06-10,Basic,35432.57
7894,Janice Ryan,markfields@example.com,Dominican Republic,2024-09-16,Premium,12958.60
7895,Sarah Barber,ifrench@example.com,Ireland,2023-09-04,Standard,1815.65
7896,Timothy Costa,mark68@example.net,Thailand,2024-12-15,Standard,40711.99
7897,Anthony Lawson,natalieharvey@example.com,Montenegro,2018-02-28,Standard,29901.05
7898,Jessica Cunningham,tammysanchez@example.net,El Salvador,2020-04-30,Premium,41194.95
7899,Sabrina Petty,christina07@example.net,Puerto Rico,2022-11-23,Standard,10902.26
7900,Erin Mathews,john02@example.org,Azerbaijan,2019-06-24,Basic,11199.34
7901,Dr. Brian Ferrell,diana50@example.net,Peru,2024-08-15,Standard,44670.10
7902,Kristi Smith,murillowilliam@example.com,Ireland,2019-02-20,Premium,5132.13
7903,Zoe Johnson,gloverpaula@example.net,Netherlands Antilles,2024-02-23,Basic,35224.05
7904,Melissa Campos,hrice@example.org,Aruba,2023-12-26,Basic,3824.03
7905,Aaron Pena,joshua44@example.com,Togo,2019-03-04,Standard,30834.30
7906,Patricia Cameron,michaelharrison@example.org,Sweden,2024-04-22,Standard,11476.12
7907,Amy Frazier,charles10@example.net,Faroe Islands,2018-03-08,Premium,35020.18
7908,Michael Hartman,wgomez@example.net,Northern Mariana Islands,2020-01-18,Basic,22576.46
7909,Andrea Peterson,evansryan@example.net,Turkey,2019-11-01,Premium,45489.99
7910,Sarah Smith,tmay@example.net,Solomon Islands,2024-08-20,Basic,35189.63
7911,David Mosley,ernesthunter@example.com,Western Sahara,2021-05-30,Standard,15078.54
7912,Rachel Oconnell,christiancampos@example.net,Djibouti,2019-10-24,Standard,19944.81
7913,Joshua Jones,griffithtravis@example.org,Kyrgyz Republic,2023-03-04,Basic,25250.38
7914,Tim Dawson,garzatina@example.net,Armenia,2023-07-07,Premium,42377.51
7915,Tyler Hayes,davislaura@example.com,Portugal,2023-08-15,Basic,7153.06
7916,Rachel Terrell,michele93@example.org,Greenland,2019-06-12,Premium,22567.54
7917,Emily Neal,elizabeth49@example.com,Armenia,2024-02-15,Basic,24205.64
7918,Kathleen Livingston,epitts@example.org,Denmark,2021-09-12,Basic,27378.11
7919,Patricia Hess,garciatanya@example.org,Bhutan,2021-04-03,Premium,19457.85
7920,Nicole Williams,wwyatt@example.net,Antigua and Barbuda,2018-07-22,Standard,34906.67
7921,William Lane,patricia87@example.org,El Salvador,2020-03-29,Basic,36194.50
7922,Daniel Kim,tsullivan@example.com,Lesotho,2024-06-15,Basic,18566.89
7923,Bonnie Brooks,briana60@example.com,Slovenia,2021-06-07,Standard,37404.91
7924,Joshua Harrison,ncombs@example.net,Antarctica (the territory South of 60 deg S),2024-06-13,Basic,26870.36
7925,Bruce Moore,vphelps@example.com,Cocos (Keeling) Islands,2021-01-15,Standard,1322.62
7926,Megan Hughes,timbaker@example.net,Mongolia,2021-08-22,Basic,21476.23
7927,Martha Baker,vweaver@example.net,French Guiana,2022-12-23,Basic,13540.04
7928,Rodney Mccoy,hosborn@example.net,Greenland,2022-05-04,Premium,44191.34
7929,Valerie Franklin,traceyjones@example.org,Paraguay,2024-01-28,Premium,48556.15
7930,Natalie Lopez,morsekenneth@example.org,Lesotho,2024-12-18,Standard,7792.85
7931,Whitney Evans,robert50@example.com,Georgia,2022-06-06,Premium,2629.70
7932,David Gates,gail41@example.com,Venezuela,2024-02-03,Premium,28739.11
7933,Jeff Keller,state@example.org,Libyan Arab Jamahiriya,2019-07-31,Standard,4275.33
7934,Antonio Robinson,scottmary@example.com,Ethiopia,2022-06-30,Premium,469.71
7935,Audrey Goodman,simmonsmorgan@example.com,Angola,2022-09-11,Standard,17880.80
7936,Michael Mason,robert02@example.net,Monaco,2021-07-29,Basic,22535.97
7937,Anne Jimenez,gonzalesdonald@example.org,Zambia,2023-09-06,Standard,47559.05
7938,Gary Smith,jpitts@example.org,Hong Kong,2021-09-15,Standard,33308.93
7939,Jessica Kaiser,ogalvan@example.com,Niger,2023-11-12,Standard,16191.44
7940,Scott Horton,fbeltran@example.net,Greece,2022-01-08,Standard,17668.05
7941,Amanda Watson,katherine91@example.net,French Guiana,2019-12-07,Standard,23565.99
7942,Hayley Kim,lfrench@example.org,Bouvet Island (Bouvetoya),2021-01-29,Premium,441.74
7943,Austin Morrison,donald17@example.org,Malaysia,2022-05-02,Basic,22375.90
7944,Antonio Richards,michelereeves@example.com,Burundi,2023-11-05,Standard,40437.00
7945,Yvette Ingram,amber54@example.com,Belgium,2019-06-28,Standard,34196.34
7946,Cesar Nguyen,haynesjanet@example.org,El Salvador,2022-01-03,Premium,20794.69
7947,Ann Smith,torrestanya@example.org,Turks and Caicos Islands,2021-12-16,Standard,16322.30
7948,Charles Watson,qbradley@example.com,Ecuador,2019-09-23,Premium,44599.53
7949,Maria Morrison,adrianhawkins@example.org,Vietnam,2021-05-24,Standard,3528.68
7950,Melissa Martin,aaron66@example.org,Antarctica (the territory South of 60 deg S),2023-09-30,Basic,30619.95
7951,Amanda Novak,armstrongjulia@example.org,Somalia,2021-04-27,Premium,7271.64
7952,Joseph Harris,audreyweaver@example.com,Congo,2020-04-06,Premium,26511.26
7953,Wendy Ayala MD,santiagoangela@example.net,Lesotho,2023-12-29,Standard,947.73
7954,Shelly Yu,tturner@example.org,Hungary,2020-08-13,Standard,41047.05
7955,Cassandra Jones,katherinekeller@example.net,Iceland,2018-06-21,Basic,3269.80
7956,Tracey Mora,,Cayman Islands,2018-03-23,Premium,20469.64
7957,Bobby Delgado,krystallewis@example.com,Costa Rica,2018-07-06,Basic,14985.12
7958,Michael Williams,debramontoya@example.net,Namibia,2021-01-01,Premium,45823.72
7959,Richard Benson,vperez@example.com,Heard Island and McDonald Islands,2023-10-01,Basic,20619.49
7960,Patrick Vaughn,dawn08@example.net,Togo,2019-12-12,Premium,39885.95
7961,Chad Mendoza,chelsea40@example.org,Lithuania,2021-09-25,Basic,2520.72
7962,Kevin Benson,tinaeverett@example.net,Malaysia,2024-11-09,Basic,26780.24
7963,Vanessa Dennis,eric25@example.com,French Guiana,2018-05-05,Basic,38865.27
7964,Lisa Scott,garypeterson@example.org,Eritrea,2021-02-12,Basic,3551.24
7965,David Myers,dylanibarra@example.net,Singapore,2021-01-07,Basic,28961.48
7966,Brian Clark,sarahlewis@example.com,Japan,2024-07-19,Standard,31934.71
7967,Steven Santana,milleremily@example.net,Ecuador,2024-10-23,Standard,29859.19
7968,Tom Horton PhD,sharrison@example.net,Austria,2024-06-16,Standard,6832.98
7969,Natalie Martinez,judithwood@example.net,Christmas Island,2021-01-22,Standard,49502.63
7970,Brittany Cervantes,garciabrenda@example.net,Mexico,2024-03-24,Standard,5564.84
7971,Nicholas Romero,nicoleclark@example.net,Palau,2022-01-25,Standard,30508.71
7972,Chelsea Trujillo,mccoycatherine@example.com,Swaziland,2023-11-28,Premium,15011.32
7973,Candice Garrison,annarussell@example.net,Saint Martin,2018-06-23,Standard,10311.73
7974,Bailey Wilson,jamesstewart@example.net,Sri Lanka,2022-03-27,Basic,24657.93
7975,Kelly White DDS,william80@example.com,Mauritius,2023-09-18,Premium,28694.54
7976,Patricia Tucker,dmason@example.com,Moldova,2023-08-03,Basic,31994.00
7977,Anthony Ramirez MD,eric35@example.net,Marshall Islands,2020-07-01,Basic,12635.62
7978,Madeline James,anthony92@example.net,Sierra Leone,2018-03-19,Standard,29265.45
7979,Spencer Ray,qsolomon@example.org,South Africa,2024-02-25,Premium,7103.76
7980,Brittany Mosley,angela80@example.org,Gabon,2022-11-06,Premium,8512.43
7981,Joshua Pierce,mallorylee@example.net,New Caledonia,2024-12-02,Standard,13586.22
7982,Gabriella Dean,kathy66@example.net,Malta,2018-07-01,Premium,48475.40
7983,Ashley Brown,maryryan@example.com,Tuvalu,2021-12-20,Basic,30063.18
7984,Donald Allen,mknight@example.net,Saudi Arabia,2019-07-28,Standard,26077.17
7985,Jason Robinson,faith08@example.net,Barbados,2024-11-05,Premium,23485.33
7986,John Hooper,frussell@example.net,French Guiana,2021-07-02,Premium,2139.36
7987,Jeff Brooks,sarah08@example.net,New Caledonia,2019-01-30,Basic,37230.68
7988,Michelle Ruiz,webbpatrick@example.org,Equatorial Guinea,2023-02-27,Standard,14356.57
7989,Teresa Jackson,margaretmorgan@example.net,Israel,2022-11-25,Standard,18192.45
7990,Thomas Meyer,glenn95@example.org,Nepal,2022-02-05,Premium,32849.67
7991,Donna Graham,amanda48@example.net,Reunion,2018-10-01,Basic,44977.77
7992,Jennifer Farmer,simpsonmarcus@example.net,Germany,2020-12-30,Basic,26181.77
7993,Joseph Anderson,laurageorge@example.net,American Samoa,2019-10-14,Premium,284.31
7994,Susan Carpenter,ohahn@example.net,Solomon Islands,2023-11-09,Basic,6543.91
7995,Jeff Burch,marshalljoshua@example.com,Sudan,2024-10-19,Standard,39356.72
7996,Cindy Evans,knightevelyn@example.org,Gibraltar,2023-10-31,Standard,34846.94
7997,Richard Rodriguez,jamieochoa@example.com,Tonga,2021-02-06,Premium,28570.52
7998,Crystal Davis,rhardy@example.com,Reunion,2019-10-14,Premium,32370.47
7999,Todd Dominguez,masonwilliam@example.org,Samoa,2020-06-19,Premium,48556.59
8787,Phillip Myers,mckenziebrandon@example.com,Samoa,2022-10-25,Premium,36867.75
8001,Erica Berg,kclark@example.org,Uruguay,2022-01-16,Basic,27476.95
8002,Jeremy Frye,terry88@example.com,Italy,2024-12-25,Standard,8370.74
8003,Andrew Combs,andrewterry@example.org,Maldives,2022-09-17,Standard,14697.52
8004,Shaun Thompson,reginaldpaul@example.org,Belgium,2023-10-16,Premium,5022.98
8005,Kimberly Campbell,ccochran@example.net,Equatorial Guinea,2022-12-22,Premium,35019.71
8006,Thomas Underwood,stevenlucas@example.net,Turks and Caicos Islands,2022-04-22,Standard,9171.49
8007,Cory Rodriguez,alicia88@example.org,Lao People's Democratic Republic,2024-08-15,Premium,32894.44
8008,Daniel Clark,ryan57@example.net,Bosnia and Herzegovina,2018-12-21,Standard,4704.41
8009,Melissa Rice,loganramirez@example.org,Taiwan,2023-12-10,Premium,23490.08
8010,Gary Rodriguez,qlopez@example.net,Samoa,2023-08-13,Premium,14815.56
8011,Thomas Martinez,ramosdavid@example.org,Jamaica,2019-08-24,Standard,41184.10
8012,Brian Thomas,riverajoseph@example.org,Switzerland,2021-10-24,Basic,15689.22
8013,David Vega,shayes@example.org,Faroe Islands,2024-12-26,Basic,29726.62
8014,Danielle Haynes,zmiller@example.com,Congo,2018-04-06,Standard,46399.77
8015,Jacob Walton,rossdavid@example.net,Kuwait,2020-08-22,Premium,23062.39
8016,Peter Dunlap,benjamin04@example.org,Bangladesh,2019-08-15,Premium,32722.79
8017,Vanessa Patton,hgarza@example.net,Grenada,2019-05-03,Standard,31271.22
8018,Michael Jones,qmoran@example.com,Poland,2024-06-30,Premium,49036.73
8019,Daniel Perkins,trevormedina@example.org,Iceland,2019-12-03,Premium,23629.16
8020,Amanda Strickland,mperkins@example.org,Rwanda,2024-06-05,Premium,1891.99
8021,Katelyn Frazier,lisaporter@example.net,Morocco,2022-10-21,Standard,41213.71
8022,Cynthia Cantrell,abigailhobbs@example.org,United Kingdom,2024-01-30,Basic,31924.34
8023,Jennifer Anderson,hunterjames@example.net,Grenada,2018-08-16,Basic,44439.74
8024,Brittany Rasmussen,zgreen@example.com,France,2021-02-23,Standard,49223.09
8025,Tammy Jenkins,jessicafranco@example.org,Vietnam,2024-07-07,Standard,35193.02
8026,Nancy Johnson,deborah78@example.net,Switzerland,2018-10-17,Basic,39573.98
8027,Kathryn Peters,waltonpatricia@example.net,Greenland,2022-09-20,Standard,15766.61
8028,Dustin Smith,amandahudson@example.org,Czech Republic,2020-04-09,Basic,26289.08
8029,Zachary Stanley,schmittmichelle@example.net,Finland,2024-02-09,Basic,31253.33
8030,Jonathan Palmer,sanchezjennifer@example.org,Palestinian Territory,2018-06-12,Standard,37472.45
8031,Christopher Arnold,margaret96@example.net,Sierra Leone,2023-03-11,Basic,3408.81
8032,John Rice,jesus75@example.org,Christmas Island,2024-07-16,Premium,16088.24
8033,Alexandra Taylor,laura80@example.com,Hungary,2024-10-03,Premium,27935.53
8034,Thomas Hernandez,opearson@example.org,Norway,2021-05-24,Standard,25545.40
8035,Melissa Young,stevenwalter@example.org,Bahamas,2024-10-28,Basic,31396.66
8036,Eric Jensen,jramirez@example.net,Swaziland,2019-11-18,Standard,41356.03
8037,Troy Cox,benjamin93@example.org,Slovakia (Slovak Republic),2020-05-10,Basic,13252.37
8038,Dr. Amanda Zimmerman DDS,laurieevans@example.net,Solomon Islands,2023-09-28,Standard,20610.14
8039,Barbara Williams,abridges@example.net,Heard Island and McDonald Islands,2023-11-21,Premium,43076.10
8040,Robert Brown,rileyrick@example.org,Sudan,2018-03-11,Basic,24001.43
8041,Janet Rowland,mary18@example.org,Cocos (Keeling) Islands,2018-11-21,Premium,11965.99
8042,Brian Lambert,julieray@example.org,Belarus,2022-06-23,Basic,5527.83
8043,David Lee,jennifermolina@example.org,Cuba,2019-04-15,Basic,39338.93
8044,Marcia Taylor,sara81@example.com,Colombia,2024-10-04,Premium,31638.54
8045,Evan Jackson Jr.,kimberly91@example.com,Thailand,2021-09-28,Basic,4501.97
8046,Michael Miller,jeffrey21@example.org,Greenland,2024-02-18,Premium,7818.85
8047,Kathryn Phillips,lisachase@example.net,Mauritius,2024-05-11,Basic,39476.67
8048,Edward Delgado,cynthiapittman@example.net,Palau,2023-11-13,Basic,19409.63
8049,Elizabeth Mccarthy,yacevedo@example.net,Trinidad and Tobago,2019-02-07,Basic,38374.10
8050,Jason Smith,wheelerdiana@example.org,Botswana,2018-04-19,Basic,41393.24
8051,Robert Clark,cervanteshannah@example.org,Belgium,2018-01-29,Standard,19462.40
8052,Ashley Glass,emily88@example.org,Suriname,2024-09-07,Premium,43666.51
8053,Dennis Bailey,deborahjohnson@example.org,Nicaragua,2018-07-12,Standard,29348.21
8054,Lynn Thornton,ryanrichardson@example.net,Portugal,2020-06-17,Standard,38988.85
8055,Valerie Bishop,nathaniellittle@example.net,Brunei Darussalam,2024-08-11,Basic,7284.53
8056,Zachary Stewart,robert79@example.net,Bhutan,2024-03-16,Basic,44683.93
8057,Jessica Shah,englishdouglas@example.net,Georgia,2020-07-06,Standard,45273.92
8058,Michele Davis,baileybarbara@example.org,Gibraltar,2023-09-26,Basic,46491.88
8059,Danielle Burgess,kelsey97@example.org,Kuwait,2022-11-24,Basic,15259.03
8060,Alexis Hawkins,bmaynard@example.org,Morocco,2023-02-04,Premium,12206.26
8061,Timothy Brown,lorithomas@example.net,Guatemala,2021-07-19,Premium,21094.08
8062,Derrick Thomas,pattersonpeter@example.net,Palestinian Territory,2021-09-05,Standard,25600.52
8063,Michael Garcia,igoodman@example.org,Guam,2022-08-22,Basic,39168.74
8064,Deborah Wilson,russellkelly@example.net,San Marino,2020-07-11,Premium,16982.13
8065,Charlene Gonzales,campbellthomas@example.org,Guam,2023-01-02,Premium,40038.26
8066,Jessica Salazar,ebyrd@example.org,Mozambique,2022-12-17,Premium,37012.78
8067,James Palmer,madison34@example.com,Czech Republic,2019-12-01,Basic,44950.02
8068,Edward Clark,robertchavez@example.net,Pakistan,2020-06-12,Premium,16212.94
8069,Bruce Zavala,reneedunlap@example.net,Guam,2021-10-25,Basic,2231.13
8070,Amanda Cox,matthew80@example.org,Eritrea,2021-07-27,Standard,33838.35
8071,Glen Aguirre,nkelly@example.com,Belgium,2018-05-15,Standard,6436.22
8072,Kaitlin Scott,kimberlytownsend@example.org,El Salvador,2019-01-19,Basic,23974.21
8073,Elizabeth Zimmerman DDS,michelle92@example.net,Andorra,2024-10-07,Basic,43870.99
8074,Diana Diaz,whitealicia@example.org,Syrian Arab Republic,2020-06-30,Basic,13765.04
8075,Jesse Terry,sarah94@example.com,United States of America,2021-02-21,Standard,2331.15
8076,Ryan Young,elizabeth74@example.org,Kazakhstan,2022-02-14,Basic,26916.01
8077,Susan Wu,afigueroa@example.com,Nicaragua,2019-03-05,Premium,15637.03
8078,Samantha Peterson,teresa86@example.net,Finland,2021-06-17,Standard,47553.59
8079,Jeffrey Payne,williamhull@example.org,Saint Helena,2019-02-24,Premium,46816.83
8080,Michelle Elliott MD,martindavid@example.net,Nauru,2021-08-14,Premium,10002.76
8081,Diane Moore,nixonryan@example.com,Heard Island and McDonald Islands,2024-01-04,Standard,5780.16
8082,Sara Price,aparrish@example.org,Vietnam,2022-05-31,Basic,30126.85
8083,Samantha Hess,luisfarrell@example.org,Belgium,2018-06-03,Basic,31979.62
8084,Rodney Smith,mary56@example.net,France,2023-01-19,Basic,22375.79
8085,Deborah Price,vbright@example.net,Zimbabwe,2018-08-07,Premium,11682.83
8086,Melissa Lee,xburnett@example.com,Trinidad and Tobago,2021-05-24,Basic,13423.78
8087,Michael Douglas,aguirrepaige@example.com,Israel,2022-10-13,Basic,14666.93
8088,Nicole Winters,zcollins@example.org,Ecuador,2022-08-15,Standard,28767.80
8089,Gerald Myers,dwilson@example.com,Montserrat,2021-04-16,Premium,45757.47
8090,Julia Price,christinacosta@example.com,Uganda,2020-08-07,Standard,36308.90
8091,Jennifer Moore,justin69@example.org,Macao,2022-10-17,Standard,40738.74
8092,Angela Perry,yvettegeorge@example.com,Kenya,2018-09-29,Standard,10974.67
8093,Dylan Porter,jeffreywright@example.net,Wallis and Futuna,2019-07-06,Basic,16032.97
8094,Anthony Harrison,xwoods@example.net,Aruba,2020-06-14,Standard,25350.99
8095,Douglas Bolton,harrissarah@example.net,Slovakia (Slovak Republic),2020-05-03,Premium,17817.86
8096,Jessica Stevenson,samantha98@example.net,United States Minor Outlying Islands,2023-08-03,Standard,22705.00
8097,Lori Long,patrick87@example.com,Albania,2019-10-19,Basic,45509.60
8098,Mary Watson,twinters@example.com,South Georgia and the South Sandwich Islands,2019-08-27,Basic,22015.19
8099,Christina Bennett,donnakeith@example.org,Mauritania,2019-03-04,Basic,19735.79
8100,Jennifer Thomas,sextontammy@example.org,Benin,2024-04-10,Basic,10498.03
8101,Jason Adkins,tina67@example.org,New Caledonia,2018-06-04,Premium,28290.25
8102,Thomas Parsons,huynhrebecca@example.com,Pitcairn Islands,2018-12-30,Standard,28004.61
8103,Christopher Cobb Jr.,jennifer61@example.com,Kuwait,2021-05-31,Basic,8267.50
8104,Jennifer Schwartz,afuller@example.com,Antarctica (the territory South of 60 deg S),2020-07-17,Premium,8835.01
8105,Brooke Rodriguez,lisascott@example.net,Romania,2019-01-06,Standard,42741.37
8106,Timothy Acosta,josephbaker@example.org,Korea,2022-03-08,Premium,27544.51
8107,Joshua Kerr,zdavis@example.net,North Macedonia,2020-11-07,Basic,12447.20
8108,Kenneth Conway,samantha78@example.org,Monaco,2022-11-08,Standard,1295.90
8109,Joseph Juarez,ocooley@example.net,Dominican Republic,2023-03-27,Premium,15064.57
8110,Heather Duran,msmith@example.org,Oman,2022-04-24,Standard,35480.05
8111,Miss Kim Murphy,amycruz@example.com,Montenegro,2022-05-12,Premium,36385.06
8112,Clayton Gamble,robert91@example.org,Armenia,2021-11-15,Basic,31646.26
8113,Alexis Daniels,hbaxter@example.com,Croatia,2022-01-01,Basic,14243.43
8114,Mary Johnson,brian44@example.org,Venezuela,2018-12-04,Basic,24404.10
8115,James Fields,harrisadam@example.org,Greece,2024-11-02,Premium,21292.27
8116,Gregory Berry,zdavis@example.org,French Guiana,2022-12-16,Premium,16899.84
8117,Rachel Robertson,edwardsdenise@example.com,Trinidad and Tobago,2019-10-24,Premium,3938.44
8118,Kelly Dawson,alyssa40@example.org,French Southern Territories,2019-01-21,Standard,28270.75
8119,Dana Stevens,amandageorge@example.org,Kuwait,2018-10-22,Basic,41723.05
8120,Crystal Caldwell,gina58@example.net,Turkey,2021-03-20,Premium,11473.54
8121,Allison Villarreal,mmeadows@example.net,Bahamas,2021-05-13,Standard,33415.55
8122,Leslie Burke,randymiranda@example.net,Guinea,2022-05-03,Basic,44479.02
8123,Jill Holmes,micheal66@example.org,Jordan,2024-08-16,Standard,40883.19
8124,Ian Taylor,jenkinsmariah@example.net,Myanmar,2020-04-13,Basic,24393.98
8125,Shawn Mcpherson,jameshowe@example.net,Syrian Arab Republic,2023-01-17,Standard,1388.94
8126,Juan Wright,seth01@example.com,Philippines,2019-06-11,Basic,40537.21
8127,Michael Nelson,carneyross@example.net,Christmas Island,2019-05-29,Basic,20312.90
8128,Frank Lopez,joselee@example.com,Kiribati,2020-09-15,Premium,38555.46
8129,Robert Smith,tony92@example.org,Cyprus,2018-04-28,Premium,21295.14
8130,Jessica James,alyssahayes@example.org,Solomon Islands,2021-11-25,Basic,1575.55
8131,Kayla Johnson,mitchell45@example.org,Uganda,2024-07-24,Standard,35383.30
8132,Ryan Ruiz,woodsalexis@example.net,Morocco,2020-02-06,Premium,27935.73
8133,Joshua Graham,joseph59@example.org,Fiji,2020-02-12,Standard,18917.87
8134,Matthew Vasquez,russellemily@example.com,Turkey,2023-02-26,Premium,30029.18
8135,Sara Clark,rsmith@example.org,Andorra,2022-03-27,Standard,20751.76
8136,Megan Anthony,jasonwhite@example.org,Denmark,2018-11-16,Premium,7063.54
8137,Kathleen Simmons,scott08@example.org,Isle of Man,2021-07-07,Basic,19768.40
8138,Amanda Cooper,jennynelson@example.org,Aruba,2020-09-12,Standard,8777.41
8139,Jordan Bishop,hillkelly@example.net,Greenland,2018-05-12,Premium,39692.35
8140,Susan Fuller,jfox@example.net,Czech Republic,2019-06-09,Premium,34034.46
8141,Angel Brown,kristine67@example.net,Guatemala,2020-06-20,Standard,30724.56
8142,Cynthia Kaufman,paul76@example.net,Iran,2024-02-08,Premium,3711.29
8143,Lisa Brown,singhjason@example.org,Dominican Republic,2020-05-05,Basic,21942.13
8144,Tina Norton,melanie43@example.net,Panama,2022-10-01,Basic,11113.29
8145,Joseph Phelps,emily04@example.com,United Arab Emirates,2022-09-21,Standard,17968.36
8146,Gabrielle Bailey,angelarichardson@example.net,Mauritius,2018-03-08,Premium,23770.21
8147,Lori Jackson,perkinsjesus@example.net,Aruba,2023-01-27,Basic,3701.12
8148,Douglas Hartman,julie98@example.org,Albania,2019-09-06,Basic,15291.01
8149,Kelly Greer,lozanoanthony@example.net,Lao People's Democratic Republic,2022-07-12,Premium,13789.96
8150,Miguel Robinson,donnaacosta@example.net,Trinidad and Tobago,2018-04-21,Basic,8293.81
8151,James Farmer,blogan@example.net,El Salvador,2020-10-01,Standard,3227.09
8152,Andrew Robertson,vchristensen@example.com,Saint Pierre and Miquelon,2021-05-30,Standard,45407.49
8153,Kelly Fuller,crystal38@example.net,Algeria,2022-11-14,Standard,7091.61
8154,Holly Spears,chall@example.net,Belgium,2022-03-24,Premium,5591.18
8155,Melissa Simpson,scottlisa@example.com,Pakistan,2022-04-21,Premium,24531.85
8156,Victoria Brown,john29@example.org,Heard Island and McDonald Islands,2019-06-10,Standard,10987.45
8157,Terry Carpenter,amy87@example.com,Greece,2024-05-13,Basic,39136.51
8158,Anne Hunter,connorjoseph@example.com,Mali,2022-01-01,Basic,45239.34
8159,Jasmine Meyer,leah18@example.com,Tanzania,2022-04-12,Basic,31721.91
8160,Frank Jimenez,dale78@example.net,Korea,2021-12-29,Basic,37920.89
8161,Traci Wise,johnsonrichard@example.org,Turkmenistan,2020-01-19,Standard,34296.92
8162,Tanner Anthony,crobinson@example.org,Wallis and Futuna,2022-03-19,Standard,40613.45
8163,Susan Navarro,adaniels@example.com,Tanzania,2021-05-08,Basic,2344.56
8164,John Reyes,nstevens@example.com,Taiwan,2020-06-05,Basic,16236.48
8165,Colleen Thomas,rodriguezerica@example.org,Falkland Islands (Malvinas),2020-01-03,Basic,40098.92
8166,Jeffrey Howard,timothy98@example.com,United Arab Emirates,2021-11-07,Premium,36457.51
8167,Michael Gardner,carl96@example.net,Costa Rica,2020-05-03,Standard,38996.43
8168,Karen Barnes,kristinehardin@example.net,Namibia,2020-11-13,Basic,20026.58
8169,Kayla Moon,xrodriguez@example.net,Italy,2019-07-31,Premium,26718.91
8170,Christopher Perez,hilljean@example.org,Canada,2024-01-05,Premium,28675.88
8171,Rachel White,james75@example.net,Samoa,2021-05-16,Standard,37775.91
8172,Annette Simmons,ashley97@example.org,Macao,2020-08-14,Premium,12709.28
8173,Bryan Santiago,halexander@example.com,Cook Islands,2022-01-19,Standard,18960.73
8174,Ethan Maddox,wheelerrichard@example.net,Saint Pierre and Miquelon,2018-12-09,Standard,34363.22
8175,Kayla Foster,davisjulie@example.org,Mongolia,2021-04-12,Basic,41489.99
8176,David Espinoza,benjamin26@example.net,Rwanda,2019-09-02,Standard,4730.47
8177,Mary Eaton,marvinpeters@example.net,Mauritius,2020-12-03,Basic,39105.22
8178,Julie Walters,nicholastorres@example.net,South Africa,2023-02-19,Basic,25901.23
8179,Timothy Roberts,evanskathleen@example.net,El Salvador,2024-08-12,Standard,10761.45
8180,Cassidy Simpson,bsantiago@example.com,Germany,2019-07-03,Basic,503.05
8181,Joseph Ortiz,collinsmatthew@example.net,Croatia,2018-02-27,Basic,16179.31
8182,Samantha Chambers,mercerwendy@example.org,Samoa,2020-09-25,Standard,24827.80
8183,Katherine Lopez,tamarahopkins@example.org,Mali,2022-11-19,Standard,4828.45
8184,Mark Collins,tatedustin@example.net,French Polynesia,2020-03-06,Premium,34948.42
8185,John Kelly,armstrongdavid@example.com,Lebanon,2022-03-12,Basic,2674.75
8186,Katie Montoya MD,jennifer29@example.com,Belgium,2019-02-14,Basic,34865.84
8187,Alexandria Nixon,emilydixon@example.org,Argentina,2023-05-22,Premium,4380.13
8188,Anthony Moore,ronald52@example.org,Niue,2020-04-24,Basic,4306.96
8189,Beth Hernandez,shernandez@example.org,Kyrgyz Republic,2019-01-13,Premium,12583.51
8190,Christian Lynch,jenniferhardin@example.com,Italy,2022-11-10,Standard,26789.55
8191,Debbie Lowery,dpatton@example.org,Kazakhstan,2019-12-01,Basic,5283.85
8192,Jessica Jones,knightrobin@example.com,Saint Barthelemy,2018-03-02,Standard,39941.75
8193,Karen Maddox,rebekahbeard@example.net,Bulgaria,2018-11-14,Basic,22859.77
8194,Dr. Jody Scott,stephenhester@example.com,Oman,2018-07-05,Basic,33602.26
8195,Sarah Barker,melissa69@example.org,Portugal,2023-11-19,Standard,21219.91
8196,Nathan Wilkinson,masontony@example.com,United States Virgin Islands,2019-06-12,Standard,38073.21
8197,Pam Ward,ricerebecca@example.org,Dominica,2018-08-05,Standard,32151.51
8198,Julie Adams,xjones@example.com,Belgium,2018-01-10,Premium,43199.87
8199,James Calderon,kathleensmith@example.org,Switzerland,2024-06-26,Basic,9976.34
8200,Steven Mann,mccormickkari@example.org,Jordan,2018-10-23,Standard,47109.08
8201,Stephanie Black,patrickjames@example.com,Uruguay,2020-01-05,Basic,37177.99
8202,Joshua Butler,howekevin@example.org,Namibia,2018-02-20,Standard,1758.69
8203,Charles Valencia,glenn78@example.org,Kiribati,2020-01-27,Premium,2806.07
8204,Mrs. Stephanie Rodriguez,thomas12@example.com,Poland,2023-08-20,Standard,43726.51
8205,Jacob Russell,whitneyanderson@example.com,Namibia,2021-10-04,Basic,1041.46
8206,David Anderson,,Trinidad and Tobago,2021-08-30,Premium,8493.16
8207,Mike Fuentes,jperez@example.net,Nauru,2019-01-27,Premium,14534.88
8208,Yvonne Vang,millerandrew@example.org,Namibia,2019-09-21,Premium,20245.42
8209,Joseph Rivera,brittany35@example.net,Colombia,2023-05-22,Premium,5244.53
8210,Danielle Kerr,sean88@example.org,French Southern Territories,2018-11-05,Standard,16055.95
8211,Manuel Martinez,uferguson@example.org,Croatia,2024-08-08,Basic,7169.21
8212,Rachel Hernandez,angelamoore@example.org,Niger,2019-01-26,Standard,21278.30
8213,Michael Ellis,christopher38@example.com,Australia,2020-10-20,Premium,42455.35
8214,Francis Shaffer,roblesmatthew@example.com,Libyan Arab Jamahiriya,2023-10-29,Premium,6523.38
8215,Corey Phillips,mccallrobert@example.net,Armenia,2019-07-14,Standard,1964.18
8216,Amanda Atkinson,brandy14@example.net,Bosnia and Herzegovina,2021-08-01,Premium,43466.14
8217,John Garcia,apalmer@example.com,Sao Tome and Principe,2024-08-01,Premium,9291.04
8218,Dalton Reyes,smithmartha@example.com,Sao Tome and Principe,2019-12-23,Premium,18684.67
8219,Mrs. Lisa Taylor,jerry37@example.org,Chad,2019-07-27,Basic,1473.81
8220,Sarah Watts,james24@example.com,Falkland Islands (Malvinas),2024-11-19,Premium,42531.79
8221,Karen Sampson,samanthagray@example.net,Germany,2019-04-12,Premium,12875.70
8222,Donna Clay,robertmartin@example.org,Bahamas,2021-06-10,Premium,11259.00
8223,Paula Esparza,joe40@example.org,Netherlands Antilles,2019-02-18,Premium,11468.46
8224,Mr. Thomas Gomez,bjohnson@example.net,Eritrea,2019-12-15,Standard,9158.62
8225,Daniel Hensley,angela67@example.net,Sudan,2022-04-01,Premium,39850.69
8226,Russell Stein,qfranklin@example.com,Bangladesh,2019-10-11,Premium,36673.58
8227,Nathan Duncan,danielvelez@example.com,Papua New Guinea,2020-11-07,Standard,41636.95
8228,John Mitchell,murphylaura@example.net,Greece,2022-08-14,Basic,14237.08
8229,Felicia Nelson,ortizbruce@example.com,Italy,2019-06-02,Premium,15283.54
8230,Whitney Murray,macdonaldcharles@example.net,Guyana,2023-08-13,Standard,14990.21
8231,William Greene,ndrake@example.net,Haiti,2021-05-05,Basic,22191.65
8232,Chase Mercado,vwebb@example.com,Albania,2018-01-21,Premium,13259.07
8233,Kristin Collins,ncox@example.org,Slovenia,2023-09-29,Standard,21527.00
8234,Autumn Mclaughlin,marcus16@example.com,Croatia,2021-01-01,Premium,37296.61
8235,Melissa Lawrence,aprilyoung@example.com,Afghanistan,2024-07-17,Standard,12451.11
8236,Jesse Allison,iarnold@example.net,Poland,2023-02-02,Basic,33534.05
8237,Wendy Henry,tracy19@example.net,Mauritius,2020-09-20,Standard,33127.36
8238,Samantha Walters,brettgonzales@example.net,Uzbekistan,2024-03-03,Basic,31291.82
8239,John Dunn,graymichele@example.com,Bolivia,2019-12-28,Basic,23647.70
8240,Christina Smith,sarahmartin@example.com,French Guiana,2020-08-08,Standard,20297.82
8241,Alex Curtis,gjackson@example.org,Israel,2019-01-13,Standard,34449.06
8242,Leslie Torres,cummingsanthony@example.net,Reunion,2022-04-21,Standard,18609.22
8243,Tammy Carlson,jenniferdixon@example.org,Christmas Island,2021-09-23,Basic,42368.43
8244,Peter Wiggins,marthacannon@example.org,Djibouti,2020-12-31,Standard,38225.13
8245,Brian Wu,juliastewart@example.net,Belize,2022-05-17,Premium,18549.62
8246,Jessica Thompson,michaelschmidt@example.com,Djibouti,2020-10-05,Basic,25593.76
8247,Kim Anderson,nguyenjeffrey@example.com,Burundi,2024-12-12,Standard,20882.81
8248,Andrew Reid,onealsamantha@example.org,United States Virgin Islands,2019-03-08,Standard,23689.35
8249,Daniel Fox,michaelcharles@example.org,Chad,2022-02-22,Premium,12535.76
8250,Dennis Gonzalez,ibell@example.org,Bahamas,2024-07-10,Basic,18606.42
8251,Jeremy Fowler,gregory05@example.net,Austria,2021-03-27,Standard,38894.99
8252,Thomas Miller,gwilson@example.org,Malawi,2021-01-14,Standard,21771.68
8253,Lori Miller,hoodmelissa@example.com,Angola,2021-07-25,Basic,11742.93
8254,Elizabeth Martin,jessicacooper@example.org,Brazil,2020-05-03,Basic,29069.95
8255,Susan Bryant,brian82@example.com,Lao People's Democratic Republic,2022-07-29,Premium,38118.28
8256,Chloe Brown,asanchez@example.com,Nicaragua,2024-06-19,Basic,44422.50
8257,Diane Best,gpruitt@example.net,Bermuda,2020-10-20,Premium,14552.84
8258,Jacob Turner,patrick88@example.org,Solomon Islands,2022-05-10,Standard,46196.57
8259,Paul Brown MD,lauraphillips@example.net,Dominican Republic,2019-09-10,Standard,5252.56
8260,Kyle Velasquez,orogers@example.com,Samoa,2023-04-29,Premium,7917.05
8261,Thomas Kennedy,gomezkathy@example.net,Congo,2023-02-18,Basic,34922.32
8262,Mary Parker,alexander91@example.com,Mexico,2022-09-10,Premium,37272.84
8263,Nicholas Lee,rconrad@example.org,Norfolk Island,2024-02-19,Premium,16266.68
8264,Maureen Rose,william11@example.net,Holy See (Vatican City State),2020-05-20,Basic,14402.30
8265,John Ruiz,ramosshannon@example.com,Japan,2024-02-25,Standard,25060.54
8266,Jessica Anderson DVM,brownlisa@example.com,Bosnia and Herzegovina,2022-10-24,Premium,33470.92
8267,Dominique Strickland,wrightthomas@example.net,Saint Martin,2018-04-18,Standard,39261.13
8268,Justin Rice,morrismaria@example.com,Mauritania,2022-05-30,Basic,26966.16
8269,Nathan Galvan,bwu@example.net,Afghanistan,2021-04-27,Basic,23572.41
8270,Joseph Sanchez,dmurphy@example.net,Kazakhstan,2020-08-26,Basic,30460.08
8271,Joseph Green,joel94@example.com,Isle of Man,2024-02-16,Basic,3950.48
8272,Carol Ross,mwise@example.com,Bhutan,2019-01-29,Standard,43036.16
8273,Melissa Rodriguez,amandamclean@example.org,Fiji,2023-08-11,Premium,5165.15
8274,Shelley Newman,floresmatthew@example.org,Montserrat,2023-10-12,Basic,9917.04
8275,Sarah Moore,rruiz@example.com,Benin,2023-03-07,Premium,1558.42
8276,Joseph Jacobs,zwilson@example.com,Angola,2018-04-05,Standard,40339.51
8277,Daniel Wilson,,Latvia,2023-04-26,Premium,19039.03
8278,Rachel Wade,ashleyallen@example.net,Azerbaijan,2023-04-16,Basic,8385.70
8279,Joanne Kennedy,angela00@example.net,Norway,2018-01-17,Premium,13766.10
8280,Jason Lopez,anthony46@example.net,Hungary,2024-11-18,Standard,40744.46
8281,April Stephenson,butlerashley@example.org,Suriname,2024-03-18,Basic,1053.04
8282,Jacob Moore,ogonzalez@example.net,Estonia,2019-07-28,Standard,36622.58
8283,Matthew Baker,perkinsglenn@example.com,Swaziland,2024-06-08,Premium,5979.45
8284,Walter Frank,simpsonyolanda@example.org,Western Sahara,2019-05-17,Standard,19971.77
8285,Mr. Philip Johnson PhD,rachel30@example.org,Peru,2020-03-15,Basic,38433.87
8286,Erin Charles,bcampbell@example.com,Marshall Islands,2022-12-16,Standard,9278.78
8287,Ricardo Williams,christopherdeleon@example.net,French Polynesia,2021-02-12,Premium,37458.40
8288,Sara Martinez,robin50@example.org,Swaziland,2019-11-05,Standard,42138.15
8289,Frank Doyle,smithjonathan@example.net,Cyprus,2021-04-29,Standard,37557.57
8290,Brittany Medina,milleraustin@example.net,Solomon Islands,2020-04-20,Premium,29932.61
8291,Susan Roman,lmayer@example.org,Liberia,2023-02-28,Premium,37427.76
8292,Meghan Coleman,tarmstrong@example.com,Germany,2024-07-24,Basic,31567.40
8293,Ashley Avila,ydyer@example.com,Cambodia,2021-05-16,Premium,10840.05
8294,Robert Graham,vsanchez@example.net,Kiribati,2024-06-03,Standard,25330.79
8295,Maria Aguilar,melissahopkins@example.org,Norfolk Island,2018-11-24,Basic,5580.88
8296,Brian Mcdowell,drakewilliam@example.org,Denmark,2022-08-22,Basic,45561.06
8297,Jimmy Escobar,garzajames@example.com,Jamaica,2021-04-11,Basic,23062.21
8298,Karen Ortiz,foxwilliam@example.org,Spain,2024-12-16,Standard,22629.74
8299,James Smith,santosshannon@example.org,Zambia,2018-04-15,Standard,34128.21
8300,Michael Mcclain,amber93@example.net,Brazil,2024-03-05,Premium,11000.70
8301,Karen Nichols,dadams@example.net,Zimbabwe,2020-06-22,Basic,5635.78
8302,Timothy Nelson,joshuawhite@example.net,Mali,2019-03-06,Standard,5461.07
8303,William Edwards,brownstephen@example.org,Liechtenstein,2021-12-04,Basic,1474.24
8304,Jeffrey Luna,lawrenceperkins@example.org,Switzerland,2022-07-02,Basic,12420.24
8305,Andrea Coleman,evansmith@example.net,Costa Rica,2024-09-30,Standard,36595.94
8306,Melinda Murphy,jesus01@example.org,Bulgaria,2018-05-19,Premium,9814.90
8307,Robin Richards,iwong@example.com,Montserrat,2020-08-06,Standard,48605.93
8308,Jennifer Ashley,kylenichols@example.com,Norway,2020-06-01,Standard,45890.33
8309,Amanda Walker,reevesamanda@example.com,Bulgaria,2022-09-14,Standard,32873.89
8310,Craig Hull,karen18@example.org,Sierra Leone,2020-04-20,Basic,13754.24
8311,Chad Cline,holtrichard@example.com,Ireland,2019-02-16,Standard,2374.96
8312,Sean Graham,qdiaz@example.org,Finland,2024-04-26,Basic,39877.41
8313,Miguel Mayer,newmanjason@example.com,Ethiopia,2020-12-22,Premium,36445.68
8314,Joanne Coleman,robert12@example.org,Reunion,2018-10-19,Standard,24731.83
8315,Lee Daniel,treynolds@example.org,Gibraltar,2020-06-05,Premium,3788.28
8316,Ronald Zamora,davidwright@example.org,Qatar,2020-10-25,Basic,4647.93
8317,Angela Aguilar,pfox@example.net,Tunisia,2022-06-29,Premium,48768.45
8318,Amber Cobb,barbarahamilton@example.net,Christmas Island,2024-06-26,Basic,35547.82
8319,Alan Patrick,carrillodawn@example.org,Yemen,2018-12-07,Premium,2473.28
8320,Robert Joseph,richardstone@example.net,France,2021-06-30,Basic,44958.03
8321,Donna Taylor,ronaldolson@example.com,Liechtenstein,2019-10-24,Premium,7611.05
8322,Tyler Rivera,sampsonashley@example.com,Zambia,2024-04-20,Standard,42675.47
8323,Denise Wolf,efernandez@example.org,Korea,2019-05-03,Standard,45807.33
8324,Amanda Jones,racheldavis@example.com,Bouvet Island (Bouvetoya),2018-05-16,Basic,48244.34
8325,Mr. Kevin Dudley,joseph28@example.org,Myanmar,2024-12-17,Basic,2073.82
8326,Todd Thompson,awilliams@example.com,Chad,2021-04-10,Premium,6187.50
8327,Mary Watson,sheila47@example.org,Chad,2020-04-01,Standard,25147.01
8328,Jeremy Krause,,Hong Kong,2021-09-10,Standard,27720.51
8329,Catherine Thomas,zlittle@example.net,Liberia,2019-10-01,Premium,10555.54
8330,Christina Bentley,beckypierce@example.net,Guam,2020-03-19,Premium,21330.81
8331,Amber Shaw,shelly94@example.net,Cocos (Keeling) Islands,2023-05-13,Basic,49220.06
8332,Roger Fleming,jonesallison@example.org,Tajikistan,2019-01-29,Standard,41882.94
8333,Derrick Hayes,hendersonkaren@example.net,Croatia,2024-08-20,Premium,10349.90
8334,Deborah Allen,johnsonhannah@example.org,Luxembourg,2024-02-05,Standard,3032.16
8335,Tara Gonzales,hartbenjamin@example.org,Burundi,2021-08-19,Standard,5034.21
8336,James Parker,julian49@example.net,Greece,2018-12-20,Standard,5888.71
8337,Lisa Campos DDS,loribrown@example.org,Barbados,2019-07-08,Basic,4978.28
8338,Jack Carter,markkelley@example.com,Bermuda,2021-06-21,Premium,49818.30
8339,John Washington,francojessica@example.org,Congo,2021-05-27,Standard,33483.44
8340,Kelly Harper,dorothyallen@example.net,Chile,2018-01-18,Premium,48535.41
8341,Susan Colon,grosschristopher@example.net,Liechtenstein,2023-11-04,Basic,40169.91
8342,Matthew Williams,wking@example.org,Hungary,2018-12-28,Standard,4691.58
8343,Steven Mccoy,garywalker@example.com,Hungary,2019-06-27,Basic,23022.89
8344,Nicholas Jefferson,nicholas29@example.com,Falkland Islands (Malvinas),2021-05-10,Standard,6922.20
8345,Donna Olson,ericcoleman@example.com,Canada,2023-06-08,Basic,3846.64
8346,Danielle Sanchez,julie26@example.org,Sierra Leone,2024-10-24,Premium,48490.67
8347,Melissa Robinson,edwardgriffin@example.com,Bolivia,2023-05-06,Basic,18488.27
8348,Dr. Zachary Gomez II,emily17@example.org,Anguilla,2022-04-08,Standard,43023.30
8349,Renee Pham,simonzachary@example.org,Saint Barthelemy,2020-02-08,Basic,3680.21
8350,Michelle Pineda,jessica24@example.org,Sudan,2024-03-19,Premium,1971.71
8351,Linda Zavala,lisa75@example.org,Burundi,2023-08-08,Standard,30771.84
8352,Katie Hernandez,briannatate@example.net,Mexico,2019-04-01,Basic,49295.08
8353,Alexander Mccormick,cherylrussell@example.com,Martinique,2019-05-16,Basic,49937.92
8354,Bradley Ayers,joseph94@example.com,Faroe Islands,2019-11-25,Premium,32106.63
8355,Brenda Forbes,fmorse@example.org,Japan,2019-05-03,Standard,14269.55
8356,Carla Hall,amanda37@example.net,Guinea,2018-07-16,Premium,35528.33
8357,Michael Little,travispeterson@example.org,Nepal,2018-12-04,Standard,10967.97
8358,Steven Rodriguez,hrivera@example.org,Tokelau,2018-07-30,Standard,29880.92
8359,Darlene Hurley,wwallace@example.com,Antigua and Barbuda,2022-11-10,Basic,9358.75
8360,Brian Dillon,warddebbie@example.net,Mauritius,2018-09-30,Standard,27438.59
8361,David Leach,michaeljackson@example.net,Palau,2021-11-11,Standard,8444.31
8362,Gabrielle Martinez,kathryn41@example.org,Romania,2021-08-16,Premium,37907.23
8363,Monica Miller,scottunderwood@example.org,Anguilla,2023-07-29,Basic,15663.21
8364,Madison Anderson,millersherri@example.org,Svalbard & Jan Mayen Islands,2018-11-04,Premium,7032.64
8365,Carrie Martinez,champton@example.com,Mauritania,2022-01-28,Standard,24379.28
8366,William Hays,afisher@example.com,Andorra,2018-09-24,Basic,23380.58
8367,Valerie Roman,mlang@example.net,New Zealand,2024-02-02,Basic,35268.85
8368,Jody Finley,johnstoncolleen@example.com,Montserrat,2021-02-04,Basic,26333.02
8369,Angela Cordova,christinefox@example.net,Pakistan,2022-01-10,Standard,19582.29
8370,Scott Flores,dustinramos@example.org,Brunei Darussalam,2021-03-02,Basic,28553.63
8371,Jasmine Roberts,rlee@example.net,Brunei Darussalam,2024-09-14,Premium,49059.97
8372,Timothy Anthony,abbottmary@example.org,Cook Islands,2018-05-06,Standard,5387.75
8373,Kyle Tapia,petersendoris@example.com,Hong Kong,2021-10-27,Standard,22625.74
8374,Michael Rodriguez,morganvirginia@example.com,French Polynesia,2022-07-05,Premium,18344.45
8375,Patricia Short,mrobles@example.org,Congo,2023-08-30,Standard,44336.98
8376,Paula Ho,bhoffman@example.net,Andorra,2020-01-25,Standard,31943.76
8377,Adrian Campbell,gonzalezethan@example.org,Samoa,2018-12-20,Standard,7887.51
8378,Joseph Barton,michele39@example.org,Cook Islands,2022-07-14,Premium,38045.04
8379,Debra Stevens,ibarramargaret@example.com,Croatia,2022-01-21,Standard,18411.22
8380,Kendra Keller,craigmartin@example.net,Algeria,2020-11-26,Standard,43710.84
8381,Shawn Nelson,johnfisher@example.com,Antigua and Barbuda,2023-05-06,Premium,33200.51
8382,Alisha Montes,jhernandez@example.net,Norfolk Island,2018-12-06,Standard,42965.17
8383,Michelle Jackson,meghanroth@example.org,Armenia,2021-01-29,Premium,41957.73
8384,Ivan Garcia,vkaufman@example.net,Liechtenstein,2018-01-21,Standard,25511.28
8385,Elizabeth Olson,campbellemily@example.org,Reunion,2022-09-21,Premium,13107.78
8386,Jeffrey Foley,zbass@example.com,Paraguay,2023-09-28,Standard,38923.66
8387,Ashley Johnson,matthew19@example.net,Togo,2019-02-25,Premium,271.18
8388,Michelle Ramirez,robinreyes@example.net,Sri Lanka,2022-08-14,Standard,27120.62
8389,John Green,lrowe@example.net,Philippines,2018-08-30,Basic,13669.97
8390,John Gray,jamesweiss@example.com,United States of America,2019-02-15,Standard,6865.22
8391,Amanda Bates,lisa48@example.org,Belize,2019-07-31,Premium,23638.45
8392,Thomas Leon DDS,julie36@example.org,South Georgia and the South Sandwich Islands,2019-11-22,Premium,25124.96
8393,Jennifer Graham DDS,bwalker@example.com,Cook Islands,2019-04-01,Premium,17623.60
8394,Christian Eaton,timothy84@example.net,Dominican Republic,2019-10-23,Premium,11545.49
8395,Kyle Wallace,garciajason@example.net,Nicaragua,2024-03-11,Premium,9130.97
8396,Ashley Thomas,madison88@example.org,China,2024-03-27,Premium,14267.03
8397,Christine Jarvis DDS,alyssa23@example.com,Tonga,2024-01-05,Standard,23605.02
8398,Carlos Holloway,douglasturner@example.org,British Virgin Islands,2019-09-30,Basic,9710.98
8399,Donald Mcbride,patriciacox@example.com,Slovenia,2024-10-18,Basic,29815.22
8400,Jeffrey Fisher,orodriguez@example.org,Guinea-Bissau,2018-05-11,Premium,13718.68
8401,Mrs. Cynthia Thompson,weaverjimmy@example.net,Mauritania,2018-06-09,Basic,37590.33
8402,Tara Stephenson,wrightcraig@example.net,Isle of Man,2021-01-02,Standard,30306.44
8403,Jeffrey Holmes,margaretlong@example.net,Moldova,2019-04-20,Premium,18713.98
8404,Patrick Reed,griffinnicole@example.net,Zambia,2019-02-21,Basic,5861.51
8405,Meredith Wilson MD,jmorse@example.com,Solomon Islands,2020-10-05,Standard,33383.99
8406,Joy Simmons,belliott@example.com,Netherlands Antilles,2021-07-11,Premium,16002.35
8407,Margaret Williams,thomaseverett@example.net,French Southern Territories,2022-12-20,Premium,8320.13
8408,William Ramirez,martincarter@example.com,Lao People's Democratic Republic,2023-12-14,Basic,6649.47
8409,Edward Shepherd,billyrodriguez@example.com,Panama,2018-02-01,Standard,14534.49
8410,David Frost,tarafigueroa@example.net,Belarus,2022-01-12,Standard,27870.57
8411,Carl Baker,fryrobert@example.com,Denmark,2018-06-17,Basic,37982.63
8412,Emily Jones,vfields@example.com,Burkina Faso,2023-11-18,Premium,1557.61
8413,Johnny Armstrong,,Cameroon,2024-01-23,Premium,42589.22
8414,Amber Johnson,jamesknapp@example.com,Kyrgyz Republic,2018-04-08,Standard,5206.10
8415,Alicia Johnson,andersonchristopher@example.com,Turkmenistan,2021-03-24,Basic,47166.79
8416,David Daniels,foleycheryl@example.com,Guadeloupe,2020-09-20,Standard,3952.34
8417,Robert Bass,hmartinez@example.org,Hungary,2021-09-25,Premium,39353.50
8418,Kyle Diaz,julie06@example.com,Korea,2023-09-23,Premium,46498.76
8419,Jane Mccarthy,ntaylor@example.net,Antigua and Barbuda,2020-12-11,Standard,23529.60
8420,Vanessa Marquez,bryan51@example.org,Iran,2022-08-07,Standard,14463.07
8421,Sean Sloan,timothynelson@example.net,Bahrain,2019-06-12,Basic,1916.99
8422,Barbara Thomas,zgonzales@example.net,Lithuania,2018-12-15,Basic,25545.98
8423,Pamela Smith,joseph50@example.com,Northern Mariana Islands,2024-03-25,Basic,11241.31
8424,Renee Garrett,nallen@example.net,Tokelau,2022-04-29,Premium,37824.84
8425,Charlotte Clay,sonya33@example.com,Aruba,2023-08-01,Basic,32159.52
8426,Brittney Clark,obrown@example.org,Norfolk Island,2018-04-13,Basic,49769.80
8427,Mr. John Mccullough MD,allenryan@example.net,Norway,2023-03-19,Basic,29300.62
8428,Alan Espinoza,adamspatrick@example.com,Angola,2019-04-18,Basic,7380.86
8429,George Blake,silvajoshua@example.org,Falkland Islands (Malvinas),2020-06-27,Basic,31066.20
8430,Michael Jones,nmiller@example.org,Colombia,2022-12-27,Standard,46565.04
8431,Jessica Hale,robertthompson@example.com,Guadeloupe,2020-09-08,Basic,20184.62
8432,Jill Torres,harveyjose@example.com,North Macedonia,2024-06-16,Premium,16014.93
8433,Amanda Schultz,hamiltonangel@example.com,Djibouti,2021-09-21,Basic,16225.83
8434,Kevin Davis,fwiley@example.com,Mongolia,2021-11-11,Standard,39233.97
8435,David Hurst,johngonzalez@example.com,South Africa,2024-08-23,Basic,15372.45
8436,Kimberly Adams,jacobyang@example.com,Equatorial Guinea,2018-03-27,Basic,38002.07
8437,Robert Bowers,sullivanbrenda@example.com,Israel,2020-02-04,Basic,44750.16
8438,Rachel Liu,uarnold@example.net,Botswana,2018-01-03,Standard,30176.87
8439,John Pearson,mccoyhannah@example.net,El Salvador,2022-10-27,Basic,31917.88
8440,Jessica Benson,hendersonelizabeth@example.net,Bolivia,2021-05-05,Standard,44703.77
8441,Jeffrey Brown,moorechristina@example.net,Chad,2023-10-31,Basic,40070.03
8442,Deborah Pierce,ejones@example.org,Ireland,2022-10-24,Premium,18925.38
8443,Lee Cabrera Jr.,rowedonna@example.org,Tajikistan,2018-07-18,Standard,16644.82
8444,Keith Hayes,whull@example.net,Italy,2023-02-26,Premium,11753.06
8445,Matthew Smith,hannah60@example.org,Iraq,2021-01-24,Standard,22258.20
8446,Benjamin Collins,ataylor@example.net,Guatemala,2018-06-27,Premium,20013.75
8447,Ryan Jones,warrensoto@example.org,Hong Kong,2019-08-13,Standard,20777.29
8448,Rachel Ochoa,harold28@example.net,French Guiana,2020-07-01,Standard,33227.72
8449,Mr. John Cooper Jr.,ehorne@example.net,Falkland Islands (Malvinas),2018-10-11,Standard,29428.52
8450,Kimberly Davidson,jessica35@example.net,Mexico,2024-03-10,Premium,7086.67
8451,Sabrina Mcgee,sarahcole@example.org,New Zealand,2020-06-19,Basic,1122.73
8452,Brian Martinez,danielwhite@example.org,Guatemala,2021-02-22,Premium,23997.64
8453,Taylor Gordon,silvajames@example.com,North Macedonia,2022-06-21,Basic,30727.65
8454,Tammy Brooks,christopherwalker@example.net,Gabon,2024-11-15,Standard,14858.47
8455,Jessica Owens,ballernest@example.com,Western Sahara,2021-05-19,Standard,38716.21
8456,Bethany Bernard,amycooper@example.org,Chad,2023-08-06,Premium,16223.12
8457,Colleen Lynn,savannah31@example.org,Guyana,2018-02-07,Basic,14171.01
8458,Emily Roth,asoto@example.com,Tunisia,2020-01-25,Premium,37222.94
8459,Lori Duncan,christianatkins@example.org,Andorra,2020-10-23,Premium,10708.33
8460,Andrew Petersen,monica43@example.net,Chad,2023-09-30,Premium,38362.94
8461,Destiny Skinner,noblemary@example.net,Senegal,2021-01-26,Premium,22773.02
8462,Kimberly Horton,james07@example.com,Montserrat,2019-06-01,Standard,5619.49
8463,Deborah Esparza,rperry@example.org,Kenya,2021-09-17,Standard,12405.37
8464,Shawn Richards,whitakercraig@example.net,Turkey,2022-06-20,Basic,5489.82
8465,Dr. Jason Houston,dylanduncan@example.com,Azerbaijan,2023-12-30,Standard,15834.73
8466,James Cameron,millerrobert@example.org,Vietnam,2021-02-28,Basic,46415.51
8467,Dana Jackson,briggssteven@example.com,Niue,2022-04-23,Premium,41721.41
8468,Michelle Gibson,charlesmcconnell@example.net,Niger,2024-04-25,Standard,845.82
8469,Jessica Knox MD,beckronald@example.com,Djibouti,2021-02-10,Premium,18509.24
8470,Steven Johnson,ryanpreston@example.org,Isle of Man,2018-09-09,Premium,49837.79
8471,Chad Ellis,jim99@example.com,Eritrea,2020-05-22,Premium,32892.23
8472,Meghan Hale,edavis@example.net,Ireland,2024-12-16,Standard,33815.26
8473,Ashley Ramirez,denisewilson@example.com,Morocco,2021-04-07,Standard,9146.03
8474,Timothy Williams,kocherica@example.com,New Caledonia,2020-06-29,Premium,16175.71
8475,Taylor Adams,gmorales@example.com,Swaziland,2024-01-12,Premium,26315.50
8476,Caleb Nichols,djohnson@example.org,Switzerland,2020-07-16,Premium,14048.75
8477,Kenneth Brown,jhall@example.net,Jordan,2019-07-27,Basic,21810.66
8478,Ian Lam,mvance@example.com,Zambia,2020-01-23,Basic,30900.11
8479,Christopher Williams,chad38@example.com,Sudan,2019-01-07,Standard,7980.79
8480,John Villegas,deborahhernandez@example.com,Chile,2023-06-12,Standard,47568.80
8481,Kevin Klein,wdunlap@example.net,Puerto Rico,2024-09-24,Premium,41478.09
8482,Christopher Wilson,charles00@example.net,Netherlands Antilles,2018-04-19,Standard,4441.94
8483,Ashley Weber,tonyabriggs@example.net,Vanuatu,2023-03-16,Basic,46387.80
8484,Anna Sutton,smithnicole@example.net,Anguilla,2019-12-26,Premium,18023.21
8485,Sean Miller,martinsharon@example.com,Saint Barthelemy,2020-09-13,Basic,8887.04
8486,Michael Hall,mfranklin@example.com,Czech Republic,2022-07-22,Standard,30245.77
8487,Elizabeth Wright,michelle81@example.net,Israel,2023-04-29,Premium,19871.13
8488,Ronald Snow,smithmichelle@example.org,India,2019-06-01,Standard,37601.06
8489,Richard Fleming,timothy08@example.org,Greenland,2020-06-01,Premium,41966.18
8490,Joshua Cantrell,shepardkristina@example.com,Turkey,2024-07-29,Premium,25055.57
8491,Courtney Wise,robertroberts@example.net,Gabon,2021-05-22,Basic,39033.73
8492,Steven Davenport,shane31@example.org,Tuvalu,2022-01-07,Premium,9328.83
8493,Chad Ortiz,mfriedman@example.net,Kenya,2018-07-04,Standard,4851.46
8494,Todd Wells,rdonovan@example.net,Nepal,2024-07-24,Premium,5401.52
8495,Casey Watson,christineshelton@example.com,Cook Islands,2020-09-07,Basic,12251.58
8496,Sabrina Bradley,shannon01@example.net,Uruguay,2022-03-11,Basic,11362.08
8497,Felicia Lucas,sfox@example.net,Suriname,2024-10-10,Standard,4329.16
8498,Robert Ward,melanie28@example.org,Taiwan,2018-09-11,Premium,3000.93
8499,Sharon Hernandez,lidevon@example.org,Mali,2018-03-30,Premium,35465.79
8500,Sue Le,fernandonovak@example.net,Finland,2021-10-31,Standard,5062.56
8501,Jeremiah Waller,tonya10@example.org,Taiwan,2019-08-22,Premium,42100.15
8502,Danielle Evans,elizabeth90@example.org,Turkey,2022-03-23,Basic,35925.29
8503,Amanda Ramos,qpetersen@example.net,North Macedonia,2021-02-24,Basic,24662.25
8504,Latoya Mcintosh,donaldknight@example.org,Bouvet Island (Bouvetoya),2023-10-07,Basic,18486.46
8505,Mike Tanner,zjohnson@example.org,Tuvalu,2024-09-22,Standard,222.62
8506,Austin Mullins,lauragriffith@example.net,Moldova,2023-01-16,Basic,49875.29
8507,Julie Thomas,ynelson@example.com,New Caledonia,2019-08-08,Premium,123.48
8508,Aaron Macdonald,davidcannon@example.com,Tajikistan,2021-11-10,Basic,40209.69
8509,Angel Willis,timothyfloyd@example.net,Spain,2020-06-08,Premium,37170.70
8510,Patrick Santos,iroberts@example.com,Zambia,2018-12-06,Standard,32579.39
8511,Jacob Ramos,xlee@example.net,Timor-Leste,2023-04-04,Standard,45810.85
8512,Cheryl Miller,michaelchandler@example.org,Germany,2023-12-30,Premium,14314.70
8513,Julie Flores,larry31@example.org,Central African Republic,2022-03-24,Standard,22110.50
8514,Ashley Reese,amiller@example.net,Colombia,2021-03-25,Premium,22252.50
8515,David Stanley,cindyjohnson@example.com,Jersey,2019-04-30,Basic,14855.85
8516,Joseph Carter,cproctor@example.com,Burkina Faso,2021-12-15,Premium,33916.19
8517,Ricardo Spears,changdaniel@example.com,Nigeria,2019-03-04,Premium,33536.99
8518,Karen Harrington,bmcfarland@example.net,South Georgia and the South Sandwich Islands,2023-08-06,Standard,48462.90
8519,Brad Fitzpatrick,tracyhorton@example.org,Guinea-Bissau,2022-10-20,Standard,3014.82
8520,Carla Morris,owensjessica@example.org,Saudi Arabia,2019-12-26,Basic,23599.48
8521,Samuel Serrano,austinbrown@example.com,Tajikistan,2022-09-09,Premium,6338.58
8522,Christopher Jackson,gjackson@example.org,Norway,2024-06-15,Premium,27733.34
8523,Nancy Perkins,fhart@example.org,Somalia,2021-08-08,Standard,27417.25
8524,Alexander Perez,zhughes@example.net,Romania,2022-07-25,Basic,3801.54
8525,Steven Lane,mbuchanan@example.com,Malta,2018-09-03,Premium,6689.07
8526,Christopher James,toddcaleb@example.net,China,2018-10-11,Basic,5782.47
8527,Michael Carpenter,brownjason@example.org,United States Minor Outlying Islands,2023-05-14,Basic,27400.01
8528,Robert Hayes,christophergomez@example.net,South Georgia and the South Sandwich Islands,2022-12-15,Premium,19380.46
8529,Matthew Smith,dwebster@example.org,Botswana,2023-05-12,Basic,21436.14
8530,Karen Decker,angelagreen@example.com,Libyan Arab Jamahiriya,2021-10-05,Premium,6860.62
8531,Nancy Summers,albert48@example.com,Uzbekistan,2020-03-23,Basic,24366.09
8532,Mrs. Alicia Rodriguez,ehunt@example.org,Latvia,2024-01-18,Standard,29330.11
8533,Devin Montgomery,swebb@example.net,Haiti,2018-10-21,Premium,18989.68
8534,Shannon Franklin,katherinekent@example.com,Moldova,2023-10-18,Basic,14295.75
8535,Valerie Thomas,caitlin33@example.net,Mongolia,2023-10-01,Standard,20762.84
8536,Angela Henry,robertfisher@example.com,Cayman Islands,2023-08-02,Premium,4248.01
8537,Barry Browning,jasminemyers@example.org,Namibia,2019-09-16,Basic,15647.30
8538,Misty Rose,timothystewart@example.net,United States Minor Outlying Islands,2018-03-30,Premium,1543.01
8539,Lawrence Robles,tiffanypatterson@example.net,Niue,2020-09-29,Standard,41525.89
8540,Todd Moore,wanda26@example.net,Israel,2020-10-03,Basic,37641.84
8541,Jessica Johnson,sandra35@example.net,Burundi,2024-05-01,Basic,7510.28
8542,Mr. Derek Campbell,vjones@example.net,Iraq,2020-09-23,Basic,34894.84
8543,Nicholas Morales,timothy48@example.com,Antarctica (the territory South of 60 deg S),2020-04-28,Premium,13056.69
8544,Janet Fritz,perezjeanette@example.com,Iran,2021-11-12,Basic,32969.41
8545,Richard Ramsey,tthomas@example.com,British Indian Ocean Territory (Chagos Archipelago),2023-08-20,Standard,19061.47
8546,Nicholas Pitts,burkebrett@example.net,Eritrea,2020-05-04,Premium,48547.85
8547,Alexis Spencer,hensoncourtney@example.net,Syrian Arab Republic,2024-01-02,Basic,12966.95
8548,Melissa Woodward,rmonroe@example.org,Jersey,2023-07-04,Basic,27731.84
8549,Darrell Morris,wendy43@example.org,Zimbabwe,2023-07-29,Standard,17190.68
8550,Jason Dudley,ycastro@example.net,Uruguay,2018-10-21,Standard,44786.29
8551,Scott Bennett,stephaniecervantes@example.net,San Marino,2023-11-16,Premium,2158.08
8552,Dr. Kelly Abbott,salinasjason@example.org,Latvia,2019-02-07,Standard,33398.22
8553,Ana Brady,vtorres@example.org,Isle of Man,2018-05-05,Standard,40211.04
8554,Eric Watson,usimpson@example.net,Bulgaria,2019-11-02,Basic,21455.72
8555,Alexander Herrera,mary55@example.org,Korea,2021-04-14,Premium,21611.02
8556,Wesley Green,xgarrett@example.net,Cocos (Keeling) Islands,2020-06-21,Standard,3274.32
8557,Justin Wilson,rcollins@example.net,Uganda,2019-08-15,Standard,9235.63
8558,Douglas Gonzalez,kelly51@example.net,Belarus,2021-02-19,Standard,47159.05
8559,Sarah Williams,jeanettehernandez@example.net,Greenland,2020-06-22,Premium,24501.55
8560,Jennifer Walter,roberttaylor@example.org,Togo,2022-02-05,Basic,19673.37
8561,Mitchell Francis,qfrench@example.org,Thailand,2022-04-30,Basic,23516.16
8562,Michael Williams,uward@example.net,Vanuatu,2022-08-10,Standard,26493.85
8563,Ashley Russell,dianerasmussen@example.org,Puerto Rico,2023-09-26,Standard,29475.16
8564,Kevin Meyers,wmedina@example.com,Lesotho,2019-10-17,Premium,14006.24
8565,Brandon Meadows,apatterson@example.net,El Salvador,2024-06-24,Standard,35437.07
8566,Timothy Pratt,qcunningham@example.org,Denmark,2019-05-08,Premium,15410.67
8567,Amber Johnson,romeroricky@example.net,Saint Martin,2019-07-20,Standard,390.10
8568,Rebekah Hall,cynthia14@example.org,Lao People's Democratic Republic,2022-08-20,Basic,6567.73
8569,Daniel Miller,,Canada,2024-05-13,Standard,16416.85
8570,Matthew Cabrera,stephanielewis@example.org,Saint Helena,2023-12-27,Standard,42951.54
8571,Mrs. Sharon Perry,stephaniewilliams@example.net,Uganda,2019-08-09,Basic,2806.41
8572,Jason Blake,kirbykaren@example.org,Russian Federation,2022-09-24,Premium,37559.62
8573,Joshua Pope,joneschris@example.org,North Macedonia,2022-09-08,Basic,24660.28
8574,Brandon Johnson,vrich@example.com,Tunisia,2024-09-12,Premium,37010.78
8575,Michelle Ford,flambert@example.net,Faroe Islands,2018-03-31,Basic,22098.40
8576,Anthony Lowery,morganherrera@example.com,French Guiana,2020-06-01,Standard,34272.26
8577,Katie Dixon,zimmermanjohnny@example.net,Puerto Rico,2021-01-08,Premium,3740.17
8578,James Rogers,montesjoyce@example.com,Switzerland,2024-06-15,Premium,15127.97
8579,Patrick Hill,delacruztodd@example.net,Botswana,2022-03-01,Premium,9383.72
8580,Christopher Jones,angelica63@example.com,Jamaica,2020-03-13,Standard,44659.68
8581,Casey Stewart,samantha59@example.net,Turkmenistan,2023-03-06,Basic,49199.90
8582,Patricia Glass,zmurphy@example.org,Togo,2018-01-26,Standard,45544.32
8583,Shannon Hines,morrowmichael@example.org,Malta,2023-07-12,Basic,28405.16
8584,Diane Mullen,christyjohnson@example.net,Benin,2019-07-15,Standard,5899.25
8585,Jessica Marquez,rthompson@example.org,Mongolia,2023-10-30,Standard,34935.91
8586,Monica Wilkerson,ydavis@example.org,Greece,2018-08-01,Standard,1308.94
8587,Alejandra Mack,tylerburton@example.net,Poland,2020-07-31,Basic,30587.11
8588,Robert Carney,gmcfarland@example.com,Argentina,2019-07-03,Premium,14700.99
8589,Mitchell Owens,seth15@example.com,Solomon Islands,2024-03-25,Basic,42059.71
8590,Janice Vang,barbaracampbell@example.com,Georgia,2019-08-13,Premium,9734.09
8591,Sarah Padilla,doylemary@example.com,Malawi,2019-10-02,Basic,2899.40
8592,Lisa Lyons,rileydavid@example.net,Mexico,2024-05-13,Basic,35187.69
8593,Alyssa Edwards,,Swaziland,2021-07-21,Premium,35916.61
8594,Ryan Franco,jessicapeterson@example.org,Azerbaijan,2022-06-05,Standard,20070.03
8595,Jackson Wright,pburnett@example.org,Afghanistan,2022-12-29,Premium,19831.67
8596,Carla Jenkins,nbarnes@example.net,Italy,2022-07-26,Basic,11063.51
8597,Kristen Vincent,colemankelly@example.org,Malawi,2019-07-30,Basic,21374.29
8598,William Guerrero,smithdiana@example.net,Nicaragua,2018-01-18,Premium,3461.44
8599,Kathleen Thompson,michael57@example.org,Wallis and Futuna,2019-07-21,Premium,1450.62
8600,Dale Campbell,gonzalesnicole@example.net,Australia,2018-07-20,Basic,33826.86
8601,Matthew Sampson,coconnell@example.com,Turkmenistan,2021-04-11,Basic,45913.48
8602,Marissa Maynard,mary43@example.net,Libyan Arab Jamahiriya,2019-06-03,Standard,40873.63
8603,James Jordan,vyoder@example.org,Mongolia,2024-02-03,Premium,10309.18
8604,Stephanie Crosby,ygriffith@example.net,Pakistan,2020-05-20,Standard,42470.85
8605,Tammy King,maddoxlindsay@example.org,Guinea-Bissau,2024-06-18,Standard,1244.75
8606,Richard Santos,sharon64@example.org,Romania,2023-09-18,Premium,46931.39
8607,Tyler Reed,potterrichard@example.com,Heard Island and McDonald Islands,2024-01-22,Basic,20333.04
8608,Jorge Cruz,stephenmorgan@example.org,United States Virgin Islands,2018-12-18,Basic,10421.59
8609,Amanda Perkins,patriciamoore@example.org,Bermuda,2018-02-05,Standard,32041.74
8610,Bryan Bell,royhenry@example.org,Russian Federation,2020-11-03,Basic,45875.99
8611,Mr. Christopher Jones,david92@example.com,Samoa,2022-11-17,Basic,6740.73
8612,Cynthia Smith,mwilliams@example.net,Niger,2024-04-22,Standard,45869.62
8613,Brett Davis,crystalcarroll@example.com,Sierra Leone,2021-02-20,Basic,35788.10
8614,Teresa Jordan,brooke12@example.org,Algeria,2018-08-01,Premium,43367.64
8615,Kaitlyn Kelly,pturner@example.com,Yemen,2019-08-20,Standard,31119.42
8616,Amanda Foster,derrickgutierrez@example.net,Singapore,2019-01-19,Basic,46533.37
8617,Jeffrey Mckay,moorekimberly@example.org,French Southern Territories,2022-03-13,Premium,41261.02
8618,Oscar Weaver,collinsmary@example.org,Ecuador,2018-01-04,Premium,5503.23
8619,Miguel Garcia,ryan22@example.com,Heard Island and McDonald Islands,2021-09-21,Standard,19636.07
8620,Shelby Porter,theresasmith@example.com,Falkland Islands (Malvinas),2023-05-01,Standard,39375.45
8621,Brian Craig,qmartin@example.net,Libyan Arab Jamahiriya,2023-12-14,Basic,34577.06
8622,Chelsea Anderson,marcus81@example.org,Serbia,2018-09-03,Basic,43900.98
8623,Belinda Burton,raguirre@example.net,American Samoa,2020-06-06,Basic,36714.04
8624,Sheena Trujillo,rojasangela@example.org,Saint Pierre and Miquelon,2024-06-21,Basic,37890.87
8625,Nicholas Williams,xthomas@example.net,Benin,2018-05-27,Standard,12838.52
8626,Deborah Pope,sestes@example.com,South Africa,2018-10-07,Premium,14164.09
8627,Antonio King,dawnmccann@example.net,Central African Republic,2021-01-18,Premium,3287.33
8628,Micheal Butler,jeffreyramos@example.com,North Macedonia,2022-07-20,Standard,44691.88
8629,Michael Powers,suarezjeffrey@example.net,Ukraine,2021-10-24,Premium,34386.47
8630,John Valdez,isaac32@example.com,Cook Islands,2021-09-14,Premium,26169.79
8631,Karen Phillips,ericjenkins@example.com,Bahrain,2019-02-27,Standard,25801.07
8632,Joshua Allen,david54@example.net,Peru,2020-06-08,Standard,15583.69
8633,James Morris,wesleycox@example.com,Guernsey,2021-08-02,Standard,25333.72
8634,Gina Duncan,grossmegan@example.net,Mongolia,2020-03-18,Premium,31260.82
8635,Amy Galvan,qstevens@example.com,Samoa,2018-02-19,Premium,46116.50
8636,Hannah Glenn,jason91@example.org,Sao Tome and Principe,2023-10-16,Standard,19133.52
8637,Sara Walker,trujillolori@example.org,Saint Pierre and Miquelon,2023-01-07,Premium,24404.21
8638,Angela Lopez,wgarcia@example.net,Uganda,2023-01-21,Basic,13186.98
8639,Charles Dougherty,rclark@example.org,Northern Mariana Islands,2019-01-09,Basic,1956.37
8640,Ricky Bates,jefferydavis@example.com,Greece,2023-03-10,Basic,5225.10
8641,Brenda Mason,riddlerebecca@example.com,Spain,2024-10-19,Basic,34726.35
8642,Shelly Payne,,Equatorial Guinea,2020-04-16,Standard,35116.16
8643,Amanda Logan,brownsarah@example.com,Isle of Man,2022-11-21,Premium,5424.48
8644,Troy Jones,christylynn@example.com,Cape Verde,2023-10-15,Standard,21272.23
8645,Shawn Townsend,paulayala@example.net,Guernsey,2023-10-21,Standard,5729.86
8646,Michael Jordan,heather92@example.org,Guyana,2024-05-18,Basic,23554.14
8647,Justin Cox,jwinters@example.com,Kyrgyz Republic,2022-04-28,Standard,17876.77
8648,Jennifer Stanley,meltonrachel@example.org,Israel,2023-11-06,Premium,33233.38
8649,Holly Clark,billaustin@example.com,Israel,2019-10-17,Standard,3377.08
8650,William Tanner,kristina70@example.org,Burkina Faso,2018-06-20,Basic,16110.29
8651,Alexandria Pierce,alvarezsharon@example.net,Malaysia,2018-04-26,Standard,48485.36
8652,Charles Martinez,william99@example.org,Turkmenistan,2024-01-06,Premium,18808.71
8653,Jose Cook,qwagner@example.com,Costa Rica,2020-11-12,Standard,32216.83
8654,Zachary Hall,slozano@example.com,Kazakhstan,2018-10-02,Basic,17454.10
8655,Adam Lopez,mpreston@example.com,Mongolia,2021-09-02,Standard,35308.90
8656,Teresa Short,harrisscott@example.org,Russian Federation,2024-02-13,Standard,12421.00
8657,Tammy Ray,cfigueroa@example.org,Colombia,2020-09-07,Premium,28967.27
8658,George Fox,jamesjensen@example.net,Saint Vincent and the Grenadines,2024-08-27,Basic,8238.41
8659,Andrew Weaver,brandon26@example.org,Nigeria,2019-10-15,Standard,20068.97
8660,David Edwards,nelsonmelissa@example.com,Kazakhstan,2019-08-05,Premium,23459.42
8661,Elaine Hudson,david83@example.com,Malaysia,2023-05-29,Standard,28021.95
8662,Abigail Carpenter,willisjames@example.org,Kazakhstan,2018-09-30,Basic,16579.52
8663,Dominique Hardy,alvarezmichael@example.com,Bulgaria,2021-01-01,Standard,21445.07
8664,Sandy Hall,simskathryn@example.com,Gibraltar,2023-06-10,Basic,43463.45
8665,Frank Santana,brentjohnston@example.com,Uzbekistan,2018-01-18,Premium,422.36
8666,Nicholas Booth,batesthomas@example.net,Lebanon,2023-10-13,Standard,10304.98
8667,Cristian Shields,nicolewilson@example.net,Guadeloupe,2023-03-08,Premium,24001.59
8668,Kathryn Clark,mclark@example.net,Tonga,2022-04-23,Standard,29667.10
8669,Kayla Cooper,rmarshall@example.org,Norfolk Island,2020-06-28,Standard,15901.12
8670,Edgar Cohen,johntaylor@example.net,Poland,2022-02-28,Basic,35535.01
8671,Tara Gonzales,adam09@example.com,Rwanda,2019-11-06,Standard,6376.52
8672,Vanessa Brown,craigpeter@example.net,Norway,2023-10-23,Standard,47175.05
8673,Andrea Mcpherson,richardsnorma@example.com,Central African Republic,2022-10-13,Premium,48417.21
8674,Joan Gonzalez,griffinpeter@example.net,Saint Lucia,2018-01-19,Basic,23409.08
8675,Dan Villegas,paul10@example.net,Korea,2020-02-20,Premium,26805.03
8676,Nina Jackson,qatkinson@example.net,British Virgin Islands,2024-04-30,Standard,6340.58
8677,Gabriel Dillon,jeffreygreene@example.com,Saint Barthelemy,2018-02-02,Basic,22888.33
8678,Andrew Weber,stephanie18@example.com,Israel,2020-07-05,Basic,43264.96
8679,Cynthia Orr,danieljimenez@example.net,Australia,2019-11-15,Standard,39688.57
8680,Jesse Mccall,darlene09@example.net,Equatorial Guinea,2023-04-06,Standard,46000.71
8681,Logan Howard,gonzaleztracy@example.com,Haiti,2019-04-20,Premium,43953.10
8682,Kyle Walters,michaelparrish@example.net,Angola,2023-08-16,Standard,7096.41
8683,Susan Lucas,castanedajames@example.net,Bulgaria,2019-06-10,Basic,36651.14
8684,Brittney Allen,bentleyjamie@example.com,Madagascar,2023-08-27,Standard,10001.13
8685,Cynthia Crawford,jbuchanan@example.net,New Caledonia,2024-10-04,Premium,530.14
8686,Nicholas Garcia,debbie79@example.net,Panama,2018-12-06,Premium,3751.85
8687,Sarah Martin,kimberlywilson@example.com,Antarctica (the territory South of 60 deg S),2019-08-03,Basic,42891.72
8688,Amber Marquez,erikacraig@example.com,Dominican Republic,2019-07-31,Premium,14830.64
8689,Angela Miller,trevinojessica@example.com,Cote d'Ivoire,2021-04-03,Standard,10908.66
8690,Wendy Shaffer PhD,martinmegan@example.org,Lao People's Democratic Republic,2018-08-01,Standard,36969.08
8691,Kimberly Garcia,johnrobinson@example.com,Equatorial Guinea,2023-06-04,Basic,33144.54
8692,Charles Quinn,adkinserin@example.net,Bouvet Island (Bouvetoya),2023-04-08,Premium,37893.82
8693,Cassandra Rodriguez,stephanie76@example.com,Pakistan,2022-10-16,Premium,33925.00
8694,Jeffrey Smith,shernandez@example.com,Turkmenistan,2024-07-14,Basic,23789.36
8695,Daniel Edwards,caleblopez@example.org,Honduras,2022-03-21,Standard,35517.86
8696,Barbara Baker,zavalajulie@example.com,Finland,2022-11-15,Standard,38616.85
8697,Travis Lopez,vegajonathan@example.org,Puerto Rico,2022-07-08,Standard,20395.31
8698,Devin Howard,mdavis@example.com,Suriname,2018-06-16,Basic,30509.06
8699,David Marshall,jeffhunt@example.com,New Caledonia,2022-03-27,Basic,42749.25
8700,Samantha Brock,colleenjackson@example.net,Taiwan,2020-03-08,Standard,38971.04
8701,James Alexander,harperashley@example.com,Costa Rica,2018-03-07,Premium,30788.16
8702,Victoria Gomez,crawforddavid@example.net,Ghana,2022-02-10,Premium,8157.70
8703,Sarah Gregory,brookssandra@example.com,Burkina Faso,2021-02-27,Premium,49322.04
8704,Kenneth Wright,goldenwilliam@example.org,Costa Rica,2022-04-05,Basic,35661.06
8705,Brian Davis,parkersherri@example.org,Bosnia and Herzegovina,2020-03-14,Standard,31244.74
8706,Catherine Glenn,paulwilliams@example.net,Qatar,2020-01-17,Premium,41905.65
8707,Jessica Wilson,jessicawaters@example.com,Latvia,2024-07-01,Premium,38035.93
8708,Jason Bush,bgonzales@example.org,Finland,2020-09-25,Basic,35200.68
8709,Cheyenne Graham,jenniferdavila@example.net,Taiwan,2023-02-22,Premium,18156.10
8710,David Cox,barbara85@example.com,French Southern Territories,2021-03-11,Standard,33620.92
8711,Mrs. Katherine Rodriguez,robert89@example.net,Honduras,2022-09-22,Premium,38136.93
8712,Christian Reeves,omatthews@example.org,Sudan,2021-10-02,Standard,39450.68
8713,Madison Nguyen,nsmith@example.org,Romania,2024-07-31,Premium,4222.54
8714,Lynn Hughes,james92@example.com,Cayman Islands,2021-09-08,Premium,37286.56
8715,Douglas Taylor,rodriguezrenee@example.org,Bangladesh,2019-01-29,Premium,3555.22
8716,Daniel Rodriguez,hopkinslori@example.com,Dominican Republic,2019-09-13,Standard,544.78
8717,Melissa White,qgarcia@example.org,Guam,2023-08-27,Premium,6814.06
8718,Theresa Glenn,osaunders@example.net,Bahamas,2021-11-29,Basic,28633.85
8719,Paul Carroll,marygarcia@example.net,Singapore,2020-05-05,Basic,13156.54
8720,Jacqueline Grimes,benjamin34@example.org,Belize,2023-04-04,Standard,29933.88
8721,Susan Buchanan,courtney34@example.com,Niger,2024-03-28,Premium,11110.79
8722,Nicole Wiley,vzimmerman@example.net,Mexico,2021-03-29,Basic,25069.64
8723,Kara Davis,jennifer42@example.net,Burkina Faso,2020-04-27,Standard,24650.63
8724,Lori Williams,nicholas72@example.org,Turks and Caicos Islands,2019-01-01,Basic,9425.86
8725,Amber Morris,robertdunn@example.net,Saint Helena,2021-03-07,Basic,20205.69
8726,Amy Johnston,jeffrey38@example.org,Antigua and Barbuda,2024-05-24,Premium,40928.28
8727,John Gutierrez,martinkristen@example.com,Uzbekistan,2022-04-24,Premium,48517.93
8728,Darlene Jones,woodcrystal@example.net,Botswana,2023-09-01,Standard,49249.06
8729,Johnny Brown,ylee@example.com,Christmas Island,2022-05-06,Standard,33971.06
8730,Vincent Brewer,tylergreen@example.com,Korea,2020-09-10,Premium,1244.99
8731,Samantha Perkins,xruiz@example.org,Korea,2020-04-30,Premium,47126.32
8732,Charles Garza,dean55@example.com,Puerto Rico,2023-07-20,Basic,7021.58
8733,Theresa Randolph,gzamora@example.org,Bouvet Island (Bouvetoya),2022-07-28,Standard,18306.87
8734,Samuel Smith,robert55@example.com,Vietnam,2023-10-25,Premium,15587.86
8735,Paul King,ryates@example.org,Niue,2024-01-16,Standard,13267.09
8736,Christina Ellis,ehodge@example.net,United Kingdom,2024-08-22,Premium,49426.21
8737,Mitchell Perez,justinlee@example.com,El Salvador,2023-08-03,Basic,6513.93
8738,Victoria Wright,amysmith@example.net,Latvia,2018-01-11,Premium,40561.12
8739,James Tucker,norrisstephanie@example.net,Jersey,2019-08-02,Premium,27350.61
8740,Leah Sanchez,breannapadilla@example.net,Guam,2018-07-23,Premium,15279.29
8741,Cheryl Burton,eneal@example.org,Syrian Arab Republic,2022-03-25,Premium,16049.51
8742,Amy Robinson,karen58@example.net,Kyrgyz Republic,2024-08-10,Premium,28017.97
8743,Darlene Austin,bradleylisa@example.net,Pakistan,2021-10-16,Standard,10502.73
8744,Carlos Singh,curtis50@example.net,Israel,2019-08-10,Standard,43882.84
8745,Chelsea Wright,anthony59@example.net,San Marino,2022-06-30,Basic,10225.62
8746,Dana Russo,johngonzalez@example.com,Philippines,2018-08-22,Basic,34834.09
8747,Christine Barrett,julie05@example.net,Central African Republic,2020-03-22,Premium,16081.39
8748,Sandra Willis,ashley81@example.com,Zimbabwe,2022-09-20,Basic,45487.85
8749,Alexandria Duffy,carl56@example.com,Falkland Islands (Malvinas),2022-04-12,Basic,35667.14
8750,Casey Holder,stevenwilliams@example.com,Dominican Republic,2020-04-02,Premium,4561.52
8751,Joel Ramirez,ibrown@example.net,United States Minor Outlying Islands,2018-08-27,Premium,36146.86
8752,Tracy Mcintosh,munozchristine@example.net,Faroe Islands,2024-08-10,Premium,26363.54
8753,Daniel Reid,mburns@example.net,Turks and Caicos Islands,2024-09-03,Basic,11816.33
8754,Albert King,hmueller@example.org,Tajikistan,2024-03-15,Standard,26099.95
8755,William Jordan,hendricksbrittany@example.net,Ukraine,2018-01-15,Standard,42695.03
8756,Johnny Cunningham,hartmanspencer@example.net,Kiribati,2023-12-18,Premium,8757.16
8757,Alex Williams,tonyjones@example.org,Zambia,2020-08-02,Standard,34981.11
8758,Robert White,michael84@example.org,Mongolia,2021-02-15,Premium,16821.64
8759,Charles Anderson,robinsonheidi@example.net,Japan,2024-09-24,Premium,31287.17
8760,Susan Jones,bhamilton@example.com,American Samoa,2018-07-27,Basic,37005.79
8761,Elizabeth Vazquez,tracey72@example.com,Benin,2018-07-22,Standard,35343.23
8762,Kristin Harmon,michael36@example.net,Malawi,2022-12-22,Standard,21292.41
8763,Angela Williams,james40@example.com,Cyprus,2020-09-20,Standard,19756.01
8764,Ryan Hudson,bobfernandez@example.org,Latvia,2023-12-27,Basic,1334.15
8765,Lauren Clarke,josephsullivan@example.org,Trinidad and Tobago,2018-12-04,Premium,49253.76
8766,Melvin Massey,paulgreer@example.net,Taiwan,2022-10-24,Basic,3432.31
8767,David Perez,uanderson@example.net,Nauru,2024-06-01,Standard,39012.51
8768,Jessica Pierce,valdezrachel@example.com,Bolivia,2020-11-16,Standard,42355.53
8769,Shane Chavez,sfoley@example.org,Saint Martin,2021-11-24,Basic,11092.37
8770,Jason Valenzuela,drodriguez@example.org,Hong Kong,2018-12-28,Premium,48975.96
8771,Cheryl Riggs,matthewgarcia@example.com,Madagascar,2024-02-25,Premium,33749.72
8772,Richard Hernandez,alexander57@example.net,Mauritania,2020-09-28,Premium,43114.70
8773,Eric Jones,donovannancy@example.net,Slovakia (Slovak Republic),2022-11-08,Standard,46500.44
8774,Kara Conner,collinsjose@example.org,Bahamas,2024-10-12,Standard,30974.82
8775,Kevin Freeman,jeffrey52@example.org,Libyan Arab Jamahiriya,2021-04-03,Premium,4823.76
8776,Lisa Rodriguez,wtorres@example.com,Vietnam,2024-07-22,Premium,37375.10
8777,Jacob Carey,,Anguilla,2019-07-28,Basic,21167.32
8778,Paul Gibbs,jacobwilliams@example.org,Syrian Arab Republic,2020-08-11,Standard,49935.04
8779,Dylan Hernandez,steven04@example.org,Mali,2021-12-29,Basic,1536.20
8780,Wendy Mason,brandon13@example.com,Liberia,2019-03-02,Standard,40633.49
8781,George Castro,donaldbrown@example.org,Marshall Islands,2022-10-16,Standard,34534.95
8782,Patrick Pierce,emorris@example.net,Czech Republic,2019-02-07,Basic,24812.46
8783,Larry Hill,gtorres@example.org,Brunei Darussalam,2022-06-19,Premium,32944.28
8784,Nancy House,elliottryan@example.com,Uruguay,2024-02-01,Premium,20517.44
8785,Lorraine Vasquez,wwu@example.com,Burkina Faso,2020-08-25,Standard,27282.87
8786,Patrick Jackson,qjensen@example.net,Croatia,2022-01-04,Premium,4480.30
8787,David Smith,donald89@example.org,British Indian Ocean Territory (Chagos Archipelago),2022-06-13,Basic,8157.10
8788,Antonio Owens,joshua50@example.org,Oman,2022-07-03,Premium,29647.01
8789,Jason Chen,howardjames@example.com,Georgia,2020-01-24,Standard,21669.54
8790,Maureen Lynch,hcastro@example.org,Anguilla,2022-12-24,Basic,41557.05
8791,Keith Nixon,milessteven@example.org,Paraguay,2023-10-10,Premium,28536.81
8792,Jared Hayden,kenneth40@example.net,Mauritius,2020-03-08,Standard,32214.71
8793,Gabriela Smith,zmartin@example.net,Costa Rica,2018-12-17,Standard,49476.57
8794,Scott Peters,meyerkenneth@example.org,Namibia,2021-08-23,Premium,9444.34
8795,Alicia Dawson,zmoore@example.net,Luxembourg,2024-10-02,Basic,44610.33
8796,Joshua Walker,coryduran@example.org,Somalia,2024-01-12,Basic,133.72
8797,Stephanie Hendrix,gfisher@example.org,Niue,2021-04-08,Basic,29228.23
8798,Rodney Hunter,katie74@example.org,Romania,2021-07-26,Basic,26819.49
8799,Matthew Greene,lindsey55@example.org,Solomon Islands,2019-07-10,Standard,17135.78
8800,Crystal Johnson,heather41@example.org,Somalia,2023-05-07,Standard,23296.17
8801,Amanda Hurst,monica32@example.net,Libyan Arab Jamahiriya,2022-11-12,Standard,48729.12
8802,Melissa Smith,sharimartinez@example.org,Dominica,2023-07-25,Standard,14889.65
8803,Jodi Douglas,ericbriggs@example.net,Burundi,2024-02-27,Premium,45615.53
8804,Valerie Lawson,rpope@example.org,Peru,2022-02-21,Basic,26656.83
8805,Amanda Reid,brucebradford@example.org,Antarctica (the territory South of 60 deg S),2021-07-22,Premium,46221.46
8806,Kelly Rodriguez,pachecopaul@example.net,United States of America,2021-04-06,Premium,38683.01
8807,Kathleen Mcdaniel,irogers@example.org,Mexico,2019-03-24,Standard,16550.11
8808,Matthew Washington,sandrasimon@example.org,Brazil,2024-03-08,Basic,9504.70
8809,George Hays,kmartin@example.net,Saint Helena,2018-10-14,Premium,29552.54
8810,Alicia Cummings,randydavis@example.net,French Polynesia,2021-12-14,Standard,17610.85
8811,Chelsea Lewis,changdeborah@example.com,Netherlands,2019-01-16,Basic,26690.55
8812,Lauren Miller,berryamber@example.com,French Southern Territories,2018-11-25,Basic,5796.12
8813,Michael Reeves,danielle70@example.org,El Salvador,2021-06-17,Basic,21483.67
8814,Sydney Thompson,,Monaco,2018-08-18,Basic,18116.94
8815,Todd Jones,travispearson@example.org,Yemen,2018-06-28,Premium,35948.13
8816,Crystal Griffith,stephaniekeller@example.com,Palau,2020-01-23,Standard,13561.51
8817,Alex Sanchez,shannon68@example.net,Nepal,2020-01-12,Basic,47399.92
8818,Kevin Walker DDS,williamschristopher@example.com,Guinea,2024-04-17,Standard,17544.08
8819,James Washington,justin70@example.org,Ukraine,2023-03-12,Premium,31360.32
8820,Melissa Crawford,ecabrera@example.com,Netherlands Antilles,2018-03-10,Premium,29523.56
8821,Alison Houston,psalazar@example.org,Malta,2018-03-15,Premium,5173.60
8822,David Webb,bthomas@example.net,Greenland,2019-09-07,Standard,31717.64
8823,Jennifer House,warnersteven@example.com,United States Virgin Islands,2018-09-19,Basic,25408.07
8824,Thomas Sanchez,lauren52@example.net,Pakistan,2018-05-28,Standard,13834.33
8825,Joseph Thomas,carolynreilly@example.org,Mozambique,2024-05-30,Premium,20134.86
8826,Michael Vasquez,dennisharris@example.com,Myanmar,2024-09-26,Standard,7546.82
8827,Ronnie Atkins,douglas92@example.com,Cyprus,2020-01-13,Premium,11430.39
8828,Elizabeth Evans,adamrodriguez@example.org,Tanzania,2020-02-14,Standard,30275.93
8829,Eric Rios,msmith@example.org,Northern Mariana Islands,2019-05-03,Basic,28083.59
8830,Richard Jackson,uhinton@example.net,Saudi Arabia,2022-04-24,Premium,44333.13
8831,Patrick Cooke,vlee@example.net,Portugal,2018-02-25,Standard,31983.04
8832,Judy Martinez,ggarcia@example.org,Ireland,2018-03-23,Premium,40638.07
8833,Erica Johnson MD,manderson@example.org,Eritrea,2019-12-09,Standard,32595.29
8834,Melanie Tyler,hernandezruth@example.com,Guinea-Bissau,2022-10-01,Premium,13052.16
8835,Laura Rosario PhD,alexa34@example.org,Seychelles,2024-06-09,Standard,18237.65
8836,Devin Hurley,ydavenport@example.net,Chile,2023-04-08,Basic,31789.31
8837,Michael Carroll,cnunez@example.net,United Arab Emirates,2018-04-12,Basic,40467.73
8838,Barbara Oconnell,francosusan@example.net,Lithuania,2023-07-20,Basic,4691.88
8839,Jason Charles DDS,brian95@example.org,Indonesia,2021-02-08,Standard,19612.31
8840,Tammy George,maria91@example.org,Guatemala,2024-09-13,Standard,45074.44
8841,Jessica Waller,christinataylor@example.net,Moldova,2023-07-25,Standard,2580.01
8842,Colton Thomas,ingramjoseph@example.com,Latvia,2022-04-08,Basic,45170.58
8843,Colleen Gonzalez,brandyfrench@example.org,Canada,2020-05-03,Standard,32332.47
8844,Julie Hughes,emmacruz@example.net,Trinidad and Tobago,2020-11-02,Standard,11021.60
8845,Thomas Perez,leemary@example.com,Malta,2021-09-14,Basic,3372.62
8846,Emily Evans,thompsonmegan@example.org,Barbados,2022-04-09,Basic,21513.96
8847,Allison Snyder,ahall@example.net,Ghana,2024-02-27,Basic,33166.73
8848,David Frederick,sara76@example.org,Brazil,2022-09-12,Standard,46381.18
8849,Joseph Campbell,gtate@example.com,Algeria,2023-10-07,Premium,33346.23
8850,Brian Clayton,melanie12@example.com,Angola,2021-01-01,Basic,9995.13
8851,Karen Cummings,smills@example.org,Nicaragua,2021-04-30,Basic,37096.33
8852,Paige James,james83@example.com,Denmark,2020-07-25,Basic,46994.96
8853,Angel Gonzales,samuel03@example.org,Armenia,2021-12-17,Basic,27396.93
8854,Jimmy Brewer,joeortiz@example.org,Faroe Islands,2022-10-24,Basic,8085.05
8855,Ann Castillo,timothy98@example.net,American Samoa,2022-09-02,Standard,10870.13
8856,Paul Brown,markbarrera@example.org,Cape Verde,2022-05-24,Standard,25927.50
8857,Luke Chavez,matthew67@example.net,Azerbaijan,2020-09-11,Premium,1562.00
8858,John Vega,gwilliams@example.org,Solomon Islands,2023-03-03,Standard,18309.44
8859,Alicia Hoffman,leecory@example.org,India,2023-04-14,Premium,46223.15
8860,Jason Johnson,morenobrian@example.com,Congo,2024-10-30,Standard,12260.79
8861,Timothy Walters,bvillegas@example.org,Sri Lanka,2022-08-01,Basic,28086.55
8862,Jennifer Johnson,jlee@example.net,South Georgia and the South Sandwich Islands,2020-10-28,Standard,12268.37
8863,Kyle Cruz,lisa94@example.com,Kazakhstan,2022-10-30,Basic,34556.39
8864,Marc Sharp,priley@example.org,Panama,2024-01-03,Premium,17865.95
8865,Patricia Gonzalez,timothy85@example.org,Marshall Islands,2021-06-05,Standard,40005.52
8866,Chelsey Brooks,daniel51@example.com,United Kingdom,2022-01-19,Basic,1690.87
8867,Jennifer Garcia,stevenjames@example.net,Oman,2019-12-18,Basic,13530.08
8868,Jose Sharp,dtanner@example.net,Cook Islands,2023-03-14,Premium,36667.54
8869,Kyle Hood,patrick80@example.net,Western Sahara,2018-02-03,Premium,22948.49
8870,Nancy George,jkim@example.org,Vietnam,2021-02-22,Premium,45896.52
8871,Steven Andersen,alicia86@example.net,Ethiopia,2024-10-07,Premium,28400.51
8872,Dr. Kelly Martinez MD,santoswilliam@example.org,Panama,2023-03-30,Standard,11441.10
8873,Jaime Torres,moorelisa@example.org,Haiti,2023-07-01,Premium,42242.36
8874,Erica Roberson,cynthia88@example.org,Qatar,2024-08-14,Standard,13555.09
8875,Hannah Bennett,jessicawest@example.net,United States Virgin Islands,2021-11-15,Basic,31481.40
8876,Jessica Maddox,grahamheather@example.org,Indonesia,2018-01-20,Premium,28155.18
8877,Zachary Conrad,goldenthomas@example.net,Nicaragua,2018-04-28,Premium,21143.34
8878,Jamie Garcia,lynchmark@example.com,Reunion,2021-10-04,Basic,49641.06
8879,James Berry,jennysanchez@example.net,Congo,2019-03-27,Standard,2018.73
8880,Michael Allen,gloria01@example.net,Saint Martin,2019-06-28,Basic,34890.38
8881,Bryan Davis,andrewdennis@example.com,Chile,2018-01-20,Standard,49623.61
8882,James Best,rphillips@example.net,Bhutan,2018-04-05,Basic,9331.07
8883,Sarah Bolton,donnasanchez@example.com,United States of America,2024-04-22,Premium,15651.43
8884,Lisa Rogers,ssanchez@example.com,Myanmar,2021-11-07,Premium,44247.45
8885,Richard Reyes,jtaylor@example.net,Saint Lucia,2019-07-25,Standard,29871.59
8886,Shelia Coleman,lweiss@example.org,Trinidad and Tobago,2020-08-10,Premium,37554.78
8887,Destiny Stanley,gharris@example.net,Nigeria,2024-12-16,Standard,9485.73
8888,Charles Rich,smithmadison@example.net,Latvia,2019-02-16,Premium,7197.59
8889,Reginald Mullins,zsmith@example.net,Congo,2021-12-15,Basic,1556.71
8890,Austin Caldwell,perrymoore@example.net,Cuba,2019-11-15,Standard,17962.69
8891,Brandon Garza,whitney49@example.com,Guernsey,2023-03-03,Standard,7534.46
8892,Melissa Maldonado,eric85@example.net,Morocco,2022-11-14,Basic,19077.18
8893,Gregory Woodward,ebryant@example.org,Cambodia,2020-01-21,Basic,17262.91
8894,Michael Robinson,rileynicole@example.org,Dominican Republic,2018-07-29,Basic,18237.52
8895,James Carter,cassandrapark@example.com,Philippines,2020-07-04,Basic,9702.70
8896,Connie Orozco,marymcconnell@example.net,Burkina Faso,2021-12-04,Standard,14698.52
8897,Jessica Williams,wilsonyvonne@example.org,Madagascar,2018-11-25,Standard,31632.85
8898,Richard Salazar,mevans@example.org,Egypt,2022-11-02,Premium,39929.50
8899,Megan Hubbard,yowens@example.net,Nauru,2018-11-28,Basic,11684.30
8900,Shawn Harris,chansen@example.com,Niue,2019-01-20,Premium,23884.16
8901,Janet Foster,daniellozano@example.com,Latvia,2021-05-31,Standard,41456.99
8902,Jason White,melinda68@example.net,Uruguay,2021-07-04,Basic,11073.98
8903,Kathleen Olson,sandra38@example.com,Iceland,2023-02-02,Basic,1659.41
8904,Melissa Zimmerman,uclark@example.com,Oman,2022-09-08,Premium,23747.92
8905,Ashley Barrera MD,danielmorse@example.net,Madagascar,2024-02-06,Premium,20845.08
8906,Shawn Patton,xray@example.net,Samoa,2020-03-29,Premium,22168.87
8907,Wayne Turner,riverarichard@example.org,Korea,2022-04-28,Premium,49884.61
8908,Ian Serrano,ycole@example.com,Turkmenistan,2019-07-30,Premium,33423.26
8909,Steven Sweeney,brooksdebra@example.org,South Georgia and the South Sandwich Islands,2023-05-03,Standard,48169.80
8910,Bryan Li,courtney05@example.org,Afghanistan,2019-11-15,Standard,12940.67
8911,Anne Elliott,aaron98@example.net,Latvia,2019-02-20,Premium,37687.55
8912,Devon Barnes,dgarcia@example.com,South Georgia and the South Sandwich Islands,2018-04-28,Basic,12951.17
8913,Adam Berry,mary15@example.com,Saint Martin,2019-05-01,Basic,48787.77
8914,Kent Green,laura42@example.net,Greece,2022-12-16,Standard,8073.21
8915,Anne Mathews,christina74@example.com,Greece,2024-08-10,Basic,46652.17
8916,Joseph Henderson,nicholas16@example.org,South Africa,2022-10-03,Basic,11778.66
8917,Marvin Stanley,emily97@example.net,Switzerland,2024-10-07,Standard,12100.90
8918,Elizabeth Benson,wmartinez@example.org,Puerto Rico,2020-08-20,Basic,29925.87
8919,Brandi Pierce,sheltonallison@example.org,Bhutan,2018-10-30,Standard,37262.11
8920,Willie Brennan,alvaradoedwin@example.org,Armenia,2018-08-31,Standard,16845.78
8921,Cameron Best,robertsellen@example.net,Puerto Rico,2021-09-13,Basic,30815.71
8922,Kimberly Daniels,joel67@example.net,Afghanistan,2024-08-14,Basic,7227.65
8923,Tina Ibarra,debra61@example.com,Bangladesh,2019-05-28,Basic,35224.55
8924,Matthew Ayers,ifrost@example.net,Saint Helena,2022-09-12,Standard,11455.44
8925,Michelle Nunez,hamiltonivan@example.com,Vietnam,2019-02-14,Premium,47618.19
8926,Jordan Adams,ethanyoung@example.org,Uruguay,2020-05-31,Standard,39104.07
8927,Dr. Valerie Torres,ricardo17@example.net,Saint Lucia,2023-12-16,Basic,26576.57
8928,Emily Wheeler,sandra71@example.net,Swaziland,2018-06-07,Standard,25153.88
8929,Richard Phillips,dawn41@example.com,Venezuela,2019-01-06,Basic,14658.44
8930,Zachary Scott,mcdanieldarlene@example.net,Turkmenistan,2019-09-16,Premium,7347.96
8931,Angela Clayton,codycohen@example.org,Reunion,2024-10-25,Premium,20096.82
8932,John Williams,melendezphillip@example.org,Algeria,2022-02-09,Premium,42965.15
8933,Tammy Anderson MD,whunt@example.org,Italy,2019-08-16,Basic,8867.64
8934,Doris Manning,davidsonroger@example.org,Turkey,2020-08-30,Premium,12391.19
8935,Juan Mccall,stephanie51@example.net,Spain,2019-06-27,Standard,18154.41
8936,Shawn Haney,christymcguire@example.net,Niger,2022-02-28,Standard,18991.98
8937,Ashley Henderson,saguirre@example.net,Lebanon,2020-01-27,Basic,30520.73
8938,Derrick Burgess,leslieburke@example.com,French Southern Territories,2019-03-28,Basic,16628.65
8939,Holly Rodriguez,jamieporter@example.net,Mozambique,2024-08-15,Premium,37449.50
8940,Courtney Richardson,kimberlyclark@example.net,Benin,2020-11-25,Premium,44775.48
8941,Ashley Garza,xmcgee@example.com,Jersey,2023-11-06,Basic,10235.85
8942,Penny Contreras,karenfuller@example.org,Georgia,2021-05-10,Premium,21850.34
8943,Joy Stone,etaylor@example.net,Montserrat,2024-11-24,Standard,11328.69
8944,Ryan Jones,morrisjoshua@example.org,Jamaica,2018-12-13,Premium,34315.23
8945,Mr. Chris Robinson MD,hamiltonchristina@example.net,Nauru,2019-10-05,Basic,49067.99
8946,Derek Burton,kristintaylor@example.com,Gibraltar,2023-06-05,Standard,6023.25
8947,Jean Matthews,gedwards@example.net,France,2019-03-16,Standard,888.40
8948,Shannon Craig,raymondbeasley@example.org,Nicaragua,2019-08-26,Basic,29268.87
8949,Shannon Osborn,collinsjoseph@example.org,Haiti,2023-03-31,Basic,6412.70
8950,Natalie Berry,esimpson@example.net,Eritrea,2021-10-23,Premium,45494.13
8951,Denise Dean,cmiller@example.net,Uganda,2020-05-25,Premium,25510.76
8952,Jody Parker,dakota26@example.com,Swaziland,2022-10-17,Premium,34296.89
8953,Samuel Wright,derek93@example.org,Burkina Faso,2018-12-08,Basic,2773.40
8954,Jennifer Graves MD,nguyenspencer@example.org,Malawi,2023-08-25,Standard,11506.54
8955,George Benton,davidgraham@example.com,Niger,2024-12-08,Premium,7920.87
8956,William Scott,daniellebishop@example.com,Norway,2024-08-28,Basic,12384.66
8957,Jeremy Clements,holmesalex@example.com,Solomon Islands,2024-05-12,Premium,39363.63
8958,John Brown,whouse@example.net,Marshall Islands,2022-12-19,Premium,34001.93
8959,Mr. Nathan Garrett,bdelgado@example.com,Saint Pierre and Miquelon,2022-11-18,Standard,5784.03
8960,David Gillespie,brandon97@example.com,Cameroon,2018-04-21,Standard,6931.76
8961,Sheila Ramos,juliegrant@example.org,Uzbekistan,2023-10-06,Basic,22615.92
8962,Paula Sanchez,dennisrichard@example.net,Korea,2018-01-05,Standard,32209.12
8963,Jacqueline Cooley,gonzaleskayla@example.com,Mauritania,2021-11-19,Basic,37050.21
8964,Vickie Sharp,woodwardpatricia@example.com,Tonga,2018-11-28,Standard,43183.10
8965,Tara Ramirez,marydavis@example.com,Libyan Arab Jamahiriya,2018-08-20,Standard,13780.79
8966,Peter Campos,erika27@example.net,Netherlands,2018-07-29,Premium,40462.34
8967,Pamela Lopez,imoore@example.com,Guernsey,2019-12-29,Premium,6633.51
8968,Angela Johnson,dmurphy@example.net,Greenland,2022-03-26,Basic,40365.14
8969,Samantha Noble,jason64@example.com,Australia,2020-09-26,Basic,24768.93
8970,Steven Baker,smorgan@example.com,Argentina,2024-11-15,Premium,44364.01
8971,Mr. Todd White,michael88@example.net,Montserrat,2021-06-22,Basic,17376.38
8972,Charles Holder,walshtimothy@example.org,Mexico,2018-08-15,Premium,29762.82
8973,Timothy Flowers,cunninghambrian@example.org,Equatorial Guinea,2023-08-23,Standard,22684.20
8974,Karen Howard,jasonramos@example.net,Djibouti,2022-06-13,Premium,11963.21
8975,Juan Campbell,bianca86@example.com,North Macedonia,2018-07-14,Standard,524.59
8976,Anna Gordon,karenvaughn@example.org,Trinidad and Tobago,2020-04-22,Standard,20463.54
8977,Annette Russell,zfrank@example.net,Fiji,2023-02-25,Basic,17464.49
8978,Melvin Yang,pamelakelly@example.com,Egypt,2018-10-09,Basic,35578.07
8979,Megan Johns,rebeccamartin@example.com,Algeria,2019-08-22,Premium,39461.50
8980,Tara Wilkerson DDS,fporter@example.org,Antigua and Barbuda,2024-01-28,Basic,4903.29
8981,Emily White,rebecca77@example.org,North Macedonia,2018-11-06,Premium,41522.21
8982,Jeffrey Davis,cortezjonathon@example.com,Slovenia,2019-06-26,Standard,8708.91
8983,Michael Thomas,millerselena@example.com,Honduras,2018-07-18,Standard,5096.42
8984,Benjamin Simon,grossdanielle@example.net,Palau,2020-09-28,Standard,18827.32
8985,Megan Lopez,jessica94@example.net,Canada,2019-02-16,Basic,15594.17
8986,Tammie Nunez,wilsonmark@example.net,Azerbaijan,2019-09-02,Premium,5017.15
8987,Abigail Banks,nguyenkimberly@example.org,Bolivia,2024-01-03,Basic,27390.55
8988,Natalie Gardner,tjones@example.net,Cape Verde,2022-01-21,Premium,8773.25
8989,Brian Le,julia59@example.com,Slovenia,2024-03-03,Basic,9929.64
8990,Raymond Meyer,jflores@example.com,Turkmenistan,2018-11-11,Basic,19398.11
8991,Anthony Butler,angela56@example.org,Cocos (Keeling) Islands,2019-05-13,Basic,39008.78
8992,Sandra Roberts,rojasjeremy@example.org,Iran,2022-08-11,Premium,20825.26
8993,Jonathon Goodwin,connie98@example.com,Poland,2018-02-07,Premium,26919.80
8994,Jerry Kennedy,janderson@example.net,Colombia,2018-12-19,Basic,46926.74
8995,Michael Burgess,icastillo@example.com,Faroe Islands,2023-05-16,Premium,36940.14
8996,Matthew Lopez,bevans@example.net,Kenya,2024-09-24,Premium,23346.25
8997,Michael Guerrero,pgriffin@example.com,Norfolk Island,2023-09-22,Basic,35350.90
8998,Adam Walters,steven66@example.net,Netherlands Antilles,2023-06-15,Standard,24158.92
8999,Holly Cooper,fjohnson@example.org,Falkland Islands (Malvinas),2018-07-09,Premium,1254.42
9000,Susan Brown,emily65@example.net,Cape Verde,2019-06-15,Premium,12923.26
9001,Pamela Reed,jackevans@example.com,British Virgin Islands,2019-02-13,Premium,48329.53
9002,Chelsea Walsh,drakemary@example.net,Tajikistan,2018-02-06,Standard,5795.58
9003,Brian Barrera,dawn26@example.org,Nauru,2020-09-15,Standard,28075.37
9004,Andrew Shah,dstewart@example.net,Singapore,2018-04-23,Basic,33597.46
9005,Gabriella Berg,eugenejones@example.net,Algeria,2024-10-20,Standard,5299.56
9006,Johnny Carey,hunttiffany@example.org,Romania,2020-06-06,Standard,420.35
9007,Jennifer Norris,rshaw@example.org,Trinidad and Tobago,2022-03-01,Premium,38260.92
9008,Jessica Lozano,sarakim@example.net,Togo,2024-07-20,Premium,31148.57
9009,Vanessa Stewart,kcox@example.com,Cameroon,2021-05-29,Standard,13051.13
9010,Samantha Rodriguez,emily47@example.com,Colombia,2022-01-28,Standard,30314.85
9011,Megan Hicks,phillipfarmer@example.org,Slovenia,2019-08-04,Basic,19831.85
9012,Donna Jones,eford@example.org,Turkey,2021-10-18,Standard,41152.86
9013,Sierra Ramirez,bakerrobert@example.com,Turks and Caicos Islands,2024-09-23,Premium,22730.62
9014,Laura Miller,rubengonzalez@example.org,Cameroon,2023-08-04,Premium,11892.74
9015,Stephanie Stanley,gburke@example.org,Slovenia,2023-01-02,Basic,34249.33
9016,Angel Farmer,chernandez@example.net,Jordan,2019-04-22,Basic,37786.91
9017,David Barber MD,ncooper@example.com,Holy See (Vatican City State),2023-08-15,Basic,20822.16
9018,Robert Mooney,allenclaire@example.net,Uruguay,2019-08-03,Standard,12101.83
9019,Eric Moses,phillipssheila@example.org,Nicaragua,2021-12-22,Standard,5416.93
9020,Megan Cardenas,pamela08@example.net,Congo,2022-07-04,Standard,46190.96
9021,James Gay,steinkelly@example.com,Uruguay,2022-12-10,Basic,11016.06
9022,Bill Bernard,nataliewilliams@example.org,Saint Vincent and the Grenadines,2018-04-14,Standard,18236.48
9023,Elizabeth Wagner,youngbenjamin@example.org,Kiribati,2020-04-29,Standard,5012.43
9024,Jacob Newman,ufrank@example.org,Montenegro,2024-02-09,Basic,23943.59
9025,Alicia Miller,tylerarcher@example.com,Russian Federation,2021-03-19,Premium,8377.08
9026,Brooke Alexander,rebecca79@example.org,Thailand,2019-07-27,Premium,34400.79
9027,Michael Solis,brandtedward@example.net,Honduras,2021-03-28,Basic,19100.96
9028,Logan Webb,eharris@example.org,Vanuatu,2018-10-09,Standard,14926.26
9029,Andrea Harris,dillonanthony@example.net,Korea,2022-05-21,Standard,8877.85
9030,Jennifer Brown,mcdonaldjames@example.net,Kazakhstan,2022-10-04,Premium,36403.31
9031,Daniel Martin,andreagarcia@example.net,Turks and Caicos Islands,2018-01-04,Standard,47576.26
9032,David Miles,leonard42@example.net,North Macedonia,2019-03-29,Premium,40296.25
9033,Julie Ramirez,mreed@example.net,Taiwan,2022-09-01,Premium,34241.47
9034,Jo Holland,donnadavis@example.net,Cameroon,2019-12-15,Basic,33580.02
9035,Lisa Gonzalez DDS,michaelarmstrong@example.net,Netherlands Antilles,2022-03-15,Premium,14846.53
9036,Jason Estrada,grayanthony@example.org,Iran,2020-07-17,Premium,30088.18
9037,Joseph Everett,cody50@example.org,Gibraltar,2023-12-19,Basic,21132.76
9038,Juan Solis,nunezgina@example.org,Israel,2022-08-30,Standard,24011.97
9039,Allen Henderson,zcastillo@example.org,Northern Mariana Islands,2020-10-22,Standard,15728.37
9040,Victor Smith,jessica38@example.org,United States Virgin Islands,2024-01-16,Basic,19436.21
9041,Nicholas Cherry,troytaylor@example.org,Jamaica,2023-09-23,Standard,46355.94
9042,Tiffany Smith,cbates@example.org,Switzerland,2020-06-05,Standard,27605.20
9043,Laura Cochran,elizabethwatts@example.net,Turks and Caicos Islands,2020-08-05,Premium,1512.51
9044,Gary Barnes,johnsonmarcia@example.org,Bosnia and Herzegovina,2024-01-27,Premium,24372.43
9045,Gary Preston,smithjared@example.net,Korea,2024-10-07,Basic,11469.08
9046,Kari Brown,alejandrokeller@example.com,Wallis and Futuna,2020-07-18,Basic,42162.67
9047,Matthew Smith,bradyshannon@example.net,Mozambique,2021-11-12,Basic,48778.93
9048,Zachary Delgado,bridgetcannon@example.org,Czech Republic,2019-08-17,Basic,49392.78
9049,Gregory Baker,debbiescott@example.org,Poland,2024-08-29,Premium,33099.90
9050,Carrie Logan,ericagonzalez@example.org,Cambodia,2019-11-18,Standard,46758.60
9051,Matthew Gentry,heatherrobinson@example.net,Barbados,2022-04-20,Standard,29955.67
9052,Charles Henry,agross@example.com,Swaziland,2021-02-21,Premium,2279.68
9053,Melissa Gould,kenneth30@example.net,North Macedonia,2020-12-18,Premium,18918.31
9054,Ashley Roberson,ublankenship@example.net,American Samoa,2019-08-18,Basic,4799.97
9055,Sara Freeman,tcastillo@example.com,Costa Rica,2024-02-04,Standard,8599.91
9056,Mrs. Margaret Lee,michaelparsons@example.net,French Southern Territories,2023-10-05,Premium,14110.21
9057,Andrew Jones,romerostacy@example.org,Congo,2019-05-24,Basic,9709.72
9058,William Dillon,petercastillo@example.com,Anguilla,2018-12-25,Basic,5799.21
9059,Erik Walker,connor16@example.org,South Georgia and the South Sandwich Islands,2024-07-17,Standard,32634.98
9060,Mary Mendoza PhD,tina57@example.net,Zimbabwe,2023-05-22,Standard,33889.54
9061,Robert Jackson,alexanderadams@example.net,Brunei Darussalam,2023-11-24,Basic,36482.01
9062,Rachel Smith,lhouston@example.org,Iran,2023-11-03,Basic,12677.01
9063,Lisa Hahn,htaylor@example.com,Anguilla,2024-06-19,Standard,44730.06
9064,Larry Mcgee,matthewstracy@example.org,Tanzania,2024-07-10,Basic,22494.91
9065,April Lopez,catherineallison@example.com,Algeria,2024-09-24,Premium,15854.62
9066,Rachel Gutierrez,jmcdonald@example.net,Uruguay,2019-07-07,Premium,24567.59
9067,James Merritt,catherine81@example.com,Bahrain,2019-03-29,Standard,27359.63
9068,Stephen Walker,kristencarter@example.org,Saint Helena,2022-08-04,Standard,49393.45
9069,Daniel Carter,jeffdavis@example.org,Turkey,2021-12-28,Basic,36914.69
9070,Pamela Henson,robertssamantha@example.net,Greenland,2024-03-14,Basic,26773.40
9071,Colton Goodwin,feliciaperkins@example.net,Liechtenstein,2019-02-22,Premium,21690.16
9072,Allison Johnson,dkelly@example.org,Taiwan,2023-07-11,Premium,31628.94
9073,Erika Long,christopherarcher@example.org,Jordan,2021-07-07,Standard,43092.37
9074,Courtney Little,bakeralison@example.com,Gabon,2019-01-23,Standard,10085.80
9075,Samuel Smith,theresagilbert@example.org,Western Sahara,2019-01-21,Premium,29859.25
9076,David Johnson MD,oreyes@example.net,Colombia,2022-02-10,Standard,22486.70
7842,Jimmy Sanchez,fmckee@example.com,Mexico,2019-12-31,Basic,43350.03
9078,Crystal Lane,dustin03@example.com,Guyana,2022-08-25,Premium,20985.77
9079,Lisa Collins,john40@example.org,Dominica,2021-06-03,Basic,20584.98
9080,Kristina Hale,evan95@example.org,Russian Federation,2023-06-22,Basic,25405.12
9081,Michelle Murray,pam28@example.com,American Samoa,2018-12-30,Basic,41975.09
9082,Melissa Patel,robert38@example.org,Cocos (Keeling) Islands,2020-05-15,Basic,42661.99
9083,Paula Hernandez,katherinewilliams@example.com,Norway,2024-08-13,Basic,29080.02
9084,Derek Spencer,jenna55@example.net,Togo,2024-07-25,Premium,19659.00
9085,Joshua Woods,lopezmary@example.org,Maldives,2019-11-14,Basic,2463.32
9086,David Richardson,barberamy@example.net,Mexico,2020-04-28,Basic,41182.58
9087,Carmen Hall,christine02@example.net,South Georgia and the South Sandwich Islands,2023-08-09,Premium,21358.31
9088,Kenneth Benson,oarnold@example.com,Niue,2023-07-16,Standard,9507.40
9089,Michael Maddox,douglascohen@example.com,Sierra Leone,2019-12-05,Premium,19511.97
9090,Jeffrey Cox,diaztravis@example.com,Brunei Darussalam,2020-03-07,Standard,46054.07
9091,Stephanie Morgan,,Fiji,2020-09-18,Premium,23563.30
9092,Kirsten Gibson,tanneroneal@example.net,Netherlands Antilles,2023-11-29,Standard,13461.27
9093,Shawn Ramirez,coleleslie@example.com,Azerbaijan,2018-05-31,Premium,15592.57
9094,Jonathan Raymond,agross@example.com,Saint Kitts and Nevis,2024-10-02,Premium,12209.36
9095,Elizabeth Franklin,suttonpaul@example.org,North Macedonia,2019-11-01,Basic,17927.13
9096,Sydney Brown,gsherman@example.org,Japan,2021-04-26,Standard,25842.84
9097,Katie Macdonald,kimberlythomas@example.com,Peru,2021-09-25,Basic,11322.88
9098,Jennifer Howell,brownamy@example.org,Finland,2022-09-21,Premium,34036.12
9099,Kimberly Munoz,vparks@example.com,Barbados,2024-07-28,Basic,37949.37
9100,Catherine Carney,tamarageorge@example.org,Jamaica,2019-05-22,Premium,24143.27
9101,Angela Buchanan,kristenwilson@example.net,Cayman Islands,2021-02-14,Basic,10969.58
9102,Lori Morrow,hansenryan@example.net,Thailand,2019-09-24,Premium,45547.72
9103,Robert Keller,bwebb@example.net,Korea,2021-11-01,Premium,21953.47
9104,Jacob Roberts,jwalker@example.com,Swaziland,2021-01-20,Premium,41697.98
9105,Kendra Cook,ffrost@example.net,Niger,2020-01-25,Standard,27926.81
9106,Melissa Campbell,morenoscott@example.com,Congo,2018-10-01,Basic,36978.79
9107,Mark Roberson,stephanie26@example.com,Saint Helena,2020-11-06,Standard,43395.55
9108,Ruben Francis,youngcameron@example.net,Saint Martin,2020-01-06,Premium,40963.13
9109,Jennifer Williams,sanderson@example.net,Sweden,2020-01-17,Basic,9474.69
9110,Michael Moore,olsoncrystal@example.net,Tuvalu,2018-06-02,Premium,34841.05
9111,Luis White,christopher32@example.com,Guam,2022-06-07,Premium,28615.27
9112,Morgan Swanson,ericajones@example.net,Pitcairn Islands,2020-12-05,Standard,12984.58
9113,Christopher Cain,matthewbond@example.com,Saint Pierre and Miquelon,2020-05-01,Basic,38650.76
9114,Regina King,jeff25@example.org,Azerbaijan,2020-10-27,Standard,11764.33
9115,Monica Arroyo,tiffanybailey@example.org,Congo,2021-07-09,Standard,10959.64
9116,Ricardo Ward,karen92@example.net,Mayotte,2018-08-04,Basic,12193.84
9117,Kevin Hernandez,michaelhensley@example.org,Kenya,2023-04-11,Basic,20057.15
9118,Adam Olson,hillmarisa@example.com,French Guiana,2021-10-15,Basic,2402.46
9119,James Austin,phenson@example.org,Dominica,2024-08-01,Standard,34818.60
9120,Bonnie Thompson,justinmayo@example.net,Kuwait,2021-06-06,Standard,44108.27
9121,Michelle Townsend,mullendaniel@example.org,Argentina,2024-06-30,Basic,23294.21
9122,Dwayne Heath,bsmith@example.org,Cayman Islands,2021-02-10,Basic,1702.31
9123,Sarah Olson,hartamanda@example.org,Cayman Islands,2024-11-08,Basic,43325.56
9124,Andrew Lam,james15@example.org,Brazil,2019-03-17,Standard,24224.41
9125,Riley Ochoa,hmartinez@example.com,Saint Helena,2020-02-10,Standard,32577.44
9126,Steven Stanton,richardsonjohn@example.net,Mauritius,2019-01-16,Standard,20082.96
9127,Denise Caldwell,deborah45@example.com,Morocco,2018-09-21,Premium,43879.51
9128,Ralph Perry,aprilperez@example.net,Palestinian Territory,2020-06-02,Basic,23576.38
9129,Samantha Jacobs,ricesusan@example.com,Belarus,2022-10-23,Standard,1536.26
9130,Angela Neal,xhall@example.com,Comoros,2019-07-12,Premium,23993.21
9131,Crystal Herring,,Samoa,2020-07-16,Basic,14757.34
9132,Nathan Mitchell,timothy83@example.net,Samoa,2018-02-15,Basic,46002.09
9133,Sara Ramirez,flawson@example.org,Dominican Republic,2021-06-05,Premium,32557.77
9134,Daniel Poole,sullivanteresa@example.com,Saint Barthelemy,2019-12-01,Basic,42564.10
9135,Luis Ross,deleonjonathan@example.org,Nepal,2021-01-12,Premium,34448.44
9136,Allen Webster,talexander@example.net,Benin,2023-11-22,Basic,11553.75
9137,Adam Willis,philipwilliams@example.com,Cape Verde,2018-09-09,Standard,33718.10
9138,Cindy Zhang,benjamin88@example.net,Guadeloupe,2020-10-03,Premium,36702.63
9139,Eric Phillips,sanchezkathleen@example.net,Taiwan,2022-11-13,Standard,15496.20
9140,Joshua White,kimberlybell@example.org,India,2018-03-01,Premium,44588.85
9141,Daniel Nichols,mooneypatrick@example.org,Lithuania,2019-02-14,Basic,39566.04
9142,Kyle Elliott,melissa38@example.net,Benin,2021-04-03,Standard,8492.97
9143,Alexandra Lewis,edwardscaitlyn@example.net,Suriname,2024-03-14,Standard,7849.54
9144,Alyssa Casey,scottemily@example.net,Japan,2018-05-07,Premium,34687.05
9145,Ashley Keller,olsonkristen@example.org,Moldova,2020-09-29,Standard,465.41
9146,Brian Greene,williamsdaniel@example.com,Netherlands,2024-09-27,Standard,22016.99
9147,Lindsay Wilson,bpeters@example.net,United Kingdom,2021-12-08,Basic,44732.83
9148,Kayla Guzman,nhowell@example.net,Taiwan,2019-01-08,Premium,33448.55
9149,Megan Stark,rebecca90@example.net,Italy,2023-10-10,Standard,32902.76
9150,Alexis Simmons,paulameyer@example.org,Uruguay,2021-10-09,Standard,49485.70
9151,Brittany Boone,ianbrooks@example.com,Ghana,2018-02-03,Basic,40155.06
9152,Jonathan Taylor,cookdavid@example.net,Ghana,2021-03-13,Premium,15515.57
9153,Austin Stephens,ahernandez@example.net,Iran,2021-12-10,Premium,31087.76
9154,Randy Moody,usullivan@example.com,Mayotte,2024-12-14,Basic,3341.19
9155,Kathy Martinez,huntjonathan@example.net,Cote d'Ivoire,2020-02-28,Standard,2042.68
9156,Bonnie Hendricks,nwarner@example.org,Niger,2021-06-28,Basic,6798.33
9157,Jordan Fernandez,tgomez@example.net,Western Sahara,2021-08-23,Premium,34250.42
9158,Pam Dickson,omarshall@example.org,Jersey,2024-12-29,Premium,25477.69
9159,Latoya Sweeney,ahardin@example.org,Cuba,2020-01-04,Standard,43017.89
9160,Robin Keith,scottnancy@example.net,Afghanistan,2018-10-17,Premium,32185.91
9161,Samuel Jones,smithmichael@example.net,Cote d'Ivoire,2021-07-27,Standard,16044.30
9162,Connor Watts,denise84@example.org,Greenland,2020-12-30,Premium,37492.51
9163,Benjamin Sexton,cuevasscott@example.net,Gabon,2024-08-28,Premium,1858.11
9164,Tyler Lloyd,xjohnson@example.net,Samoa,2019-12-16,Premium,24066.22
9165,Chelsea Howard,sheppardpatrick@example.com,Qatar,2022-04-13,Standard,29195.99
9166,Crystal Cabrera,josebarber@example.net,Comoros,2022-10-01,Basic,8746.13
9167,Jessica Green,markfitzpatrick@example.org,Eritrea,2019-11-19,Basic,17414.01
9168,Melanie Page,mendezjohn@example.net,South Africa,2020-08-07,Basic,19247.80
9169,Robert Andrews,mannwilliam@example.com,Dominica,2024-05-18,Standard,4733.97
9170,Diana Bird,tyler43@example.com,Pakistan,2018-09-25,Basic,41153.73
9171,Kevin Mccoy,shelleyhawkins@example.net,Grenada,2020-02-25,Basic,33872.68
9172,Phillip Walker,dakotawilliams@example.org,Mauritania,2024-12-19,Premium,39193.74
9173,Ricky Taylor,williamsstephen@example.com,Nepal,2021-06-05,Premium,14094.09
9174,Dale Oconnor,melinda70@example.net,Serbia,2019-09-02,Standard,209.81
9175,Robert Miller,william24@example.org,South Africa,2022-10-06,Basic,8965.97
9176,Mrs. Gina Nguyen,nicole57@example.org,Nepal,2020-02-09,Standard,20564.56
9177,Lisa Adams,wsmith@example.com,Aruba,2020-04-05,Standard,33759.84
9178,Matthew Moore,laura99@example.org,Ethiopia,2024-01-16,Basic,11580.60
9179,Tonya Greer,jeff95@example.net,Spain,2020-09-02,Standard,10513.48
9180,Lance Martinez,stacyruiz@example.org,Jordan,2022-02-28,Premium,46959.64
9181,Lisa Underwood,thomasprice@example.org,Bhutan,2023-11-28,Standard,21865.38
9182,Matthew Ruiz,ddavila@example.com,Saint Barthelemy,2024-11-12,Standard,36609.57
9183,Stephanie Martinez,joshua78@example.net,Timor-Leste,2023-09-11,Standard,38824.70
9184,Chris Garcia,keith90@example.org,Thailand,2022-01-22,Standard,8868.82
9185,Gloria Morris,udixon@example.com,Congo,2020-10-17,Basic,28144.80
9186,Victoria Johnson,michellejohnson@example.org,Korea,2022-04-21,Basic,47241.25
9187,Danielle Soto,bobby53@example.org,Poland,2024-03-21,Standard,17241.92
9188,Paula Smith,butlerteresa@example.net,Kuwait,2023-01-17,Standard,10289.70
9189,Heather Brown,ndonovan@example.net,Denmark,2018-03-30,Basic,43112.24
9190,Benjamin Herrera,william51@example.org,Bulgaria,2019-10-31,Basic,31716.72
9191,Melissa Cisneros,likeith@example.com,Eritrea,2023-11-13,Basic,49435.94
9192,Ashley Stokes,glennpacheco@example.org,Somalia,2024-10-29,Standard,43968.98
9193,Taylor Jones,gabrielleheath@example.org,Netherlands Antilles,2023-05-19,Basic,43294.88
9194,Jessica Guzman,belliott@example.com,Lao People's Democratic Republic,2020-10-15,Basic,21403.31
9195,Amanda Callahan,uwhite@example.org,Belarus,2024-10-14,Standard,14240.62
9196,Robin Cook,marshalljulian@example.net,Oman,2020-05-08,Standard,30086.89
9197,Vanessa Mcfarland,melaniefloyd@example.org,Ireland,2023-04-11,Standard,16474.05
9198,Mercedes Davidson,usmith@example.net,Andorra,2020-11-25,Standard,6317.58
9199,Anthony Howard,ihuang@example.com,Costa Rica,2024-02-29,Basic,10150.32
9200,Rachel Heath,tammysimon@example.org,Saint Martin,2018-06-04,Basic,39928.67
9201,Leslie Huffman,ruthmiller@example.net,Netherlands Antilles,2021-10-25,Standard,6905.07
9202,Rachel Rodriguez,francescohen@example.com,Guatemala,2023-09-15,Standard,10692.10
9203,Lee Jenkins,tracysanchez@example.org,Sweden,2021-01-30,Standard,37004.64
9204,Diane Wells,jeffrey50@example.org,Niue,2024-11-05,Basic,20158.06
9205,Eddie Hart,vincentcraig@example.net,Hong Kong,2022-03-26,Basic,48147.29
9206,Ethan Campbell,ortizbrian@example.net,Germany,2022-10-27,Standard,29493.24
9207,Nancy Simpson,vincent60@example.com,Cayman Islands,2024-11-08,Basic,12984.88
9208,Ryan Jacobson,jamescooley@example.net,Cyprus,2018-03-09,Standard,35069.73
9209,Alison Williams,ltownsend@example.org,American Samoa,2023-02-18,Basic,42682.29
9210,Richard Davila,matthew28@example.org,Costa Rica,2018-04-02,Standard,29253.68
9211,John Stewart,jnoble@example.org,Cameroon,2018-12-15,Standard,31099.15
9212,Brady Johnson,danielwarren@example.org,Albania,2018-12-03,Premium,1413.21
9213,Rebecca Williams,nathanchase@example.org,Ecuador,2020-05-30,Basic,13109.43
9214,Justin Soto,mnicholson@example.com,Cocos (Keeling) Islands,2023-01-10,Premium,16902.45
9215,Mary Russell,bgallagher@example.com,Angola,2023-05-22,Standard,20999.68
9216,George Thompson,michael27@example.com,Cape Verde,2021-08-27,Premium,32665.70
9217,Ashley Hudson,silvamichael@example.com,Guinea,2018-11-10,Basic,36425.77
9218,Rachel Torres,kingjoseph@example.net,Australia,2022-09-27,Premium,34342.63
9219,Eric Shields,chelseaturner@example.net,Nicaragua,2022-04-24,Standard,33143.10
9220,Jasmine Patterson,reillydonna@example.net,Trinidad and Tobago,2020-12-04,Basic,44352.24
9221,Shelley Kirk,xadams@example.net,New Caledonia,2020-01-11,Premium,14275.92
9222,Alexis Davis,hernandezantonio@example.org,Brazil,2020-04-29,Standard,30573.74
9223,Jeffrey Marshall,jacob63@example.com,Niger,2022-11-17,Basic,25904.43
9224,Brooke Scott,kevin50@example.com,Jordan,2018-03-18,Standard,16277.84
9225,Mrs. Kelsey Woodard,salinaslaura@example.net,Dominican Republic,2018-03-10,Basic,16822.67
9226,Lauren Henry,sherri14@example.org,Ghana,2022-08-03,Standard,42857.92
9227,Kathryn Crawford,dustin12@example.org,Slovakia (Slovak Republic),2024-06-19,Premium,24275.18
9228,Xavier Harrison,laurensmith@example.org,Gabon,2021-06-27,Premium,6872.15
9229,Timothy Thompson,kathleenrodriguez@example.com,Burkina Faso,2020-12-18,Premium,39790.70
9230,Amanda Goodwin,tchapman@example.net,Greece,2022-11-16,Premium,23634.28
9231,Eddie Smith,gjones@example.com,Isle of Man,2024-01-09,Basic,8474.15
9232,Lawrence Sanchez,daniel49@example.org,Palau,2021-09-18,Standard,6306.14
9233,Thomas Baird,ashleymercado@example.net,Argentina,2018-05-17,Premium,16588.88
9234,Heather Kennedy,frazierjames@example.org,Guyana,2020-09-12,Basic,16253.93
9235,Pamela Gutierrez,psutton@example.net,Tanzania,2023-07-03,Standard,37253.95
9236,Joseph Sullivan,frenchjasmine@example.org,Macao,2022-03-22,Standard,25756.70
9237,Andrew Tyler,alexandrashepherd@example.com,Cayman Islands,2018-10-20,Basic,20622.48
9238,Michael Campbell,kenneth75@example.com,Barbados,2020-10-18,Basic,32376.57
9239,Peter Morales,yeseniamoore@example.net,Swaziland,2024-06-04,Premium,37961.17
9240,Michaela Kelley,martinnancy@example.org,New Caledonia,2022-07-26,Basic,43421.80
9241,Rhonda Elliott,mcdonaldheidi@example.org,Morocco,2022-04-28,Premium,16221.51
9242,Kelly Hood,ylucas@example.org,Korea,2021-12-07,Premium,1045.37
9243,Jennifer Stone,bmontoya@example.org,Cape Verde,2018-12-13,Premium,38512.05
9244,Jerry Klein,victoria44@example.org,Guatemala,2019-08-02,Standard,27508.65
9245,Heather Mitchell,vstafford@example.net,Marshall Islands,2022-03-26,Basic,16739.83
9246,Todd Jones,sarakramer@example.org,Madagascar,2024-11-05,Basic,10498.97
9247,Rachel Yu,michael44@example.com,Kiribati,2021-04-19,Basic,46040.97
9248,Erika Myers,phamdaniel@example.net,Zimbabwe,2022-02-19,Premium,45336.91
9249,Mark Duncan,danielbaker@example.net,Holy See (Vatican City State),2023-06-29,Standard,17578.88
9250,Eric Stanton,michael45@example.com,South Africa,2022-03-21,Standard,2533.76
9251,Mark Andrews,allisonthompson@example.com,Bolivia,2020-06-04,Standard,16444.64
9252,Kevin Hayes,richardwalker@example.com,Antigua and Barbuda,2019-08-24,Premium,47273.19
9253,Tina Johnson,david39@example.org,Philippines,2022-09-27,Premium,12761.10
9254,Sara Moore,jgarcia@example.com,Slovakia (Slovak Republic),2021-02-26,Premium,31480.51
9255,Michael Miller,lsteele@example.org,Dominican Republic,2020-11-23,Standard,25482.63
9256,Gary Lewis,doughertykatherine@example.org,Nigeria,2024-09-14,Standard,37385.70
9257,Mr. Curtis Mccall,deanmelissa@example.net,Zimbabwe,2020-09-28,Premium,5337.08
9258,Anna Serrano,kyle62@example.net,Singapore,2018-10-22,Basic,48153.90
9259,Matthew Meyer,hoffmanjake@example.com,Saint Kitts and Nevis,2020-03-14,Premium,18602.11
9260,Pamela Taylor,kreynolds@example.net,El Salvador,2022-09-24,Premium,23891.21
9261,Nicole Pierce,garzarichard@example.com,Portugal,2018-07-15,Standard,44151.49
9262,Patricia Parks,jcollier@example.com,Reunion,2019-05-24,Standard,15142.51
9263,Caitlyn Salazar,walkermelissa@example.com,British Virgin Islands,2022-01-03,Standard,23131.39
9264,Jose Rodriguez,doughertytracy@example.com,Angola,2022-10-20,Premium,33792.58
9265,Steven Stephens,thall@example.net,Australia,2019-07-11,Standard,12325.65
9266,Bruce Mcdaniel,andersonvictor@example.org,Mongolia,2022-05-27,Standard,26955.32
9267,Patricia Brown,butlerjeremy@example.org,Jamaica,2018-06-18,Basic,30751.24
9268,Ethan Dougherty,rivasshannon@example.org,Mozambique,2024-03-20,Basic,24470.41
9269,Thomas Hamilton,carl66@example.org,Iraq,2023-07-25,Standard,39199.48
9270,George Dunn,kristie44@example.net,Burkina Faso,2022-03-14,Basic,13703.49
9271,Anthony Nelson,wcarter@example.org,Macao,2021-03-20,Basic,12047.41
9272,William Adkins,daniel65@example.org,Lithuania,2021-03-14,Basic,35671.82
9273,Jennifer Richmond,stacycooper@example.org,Germany,2019-07-21,Basic,17771.67
9274,Anna Owens,reneedavis@example.org,Hong Kong,2020-02-19,Standard,37520.24
9275,Tiffany Tran,andrew63@example.com,Greece,2020-11-05,Premium,48118.92
9276,Kelsey Peterson,esellers@example.org,France,2020-09-10,Standard,19525.74
9277,Wesley Wagner,ryanhale@example.com,Christmas Island,2022-09-16,Basic,23818.46
9278,Catherine Ward,alyssameyer@example.com,Algeria,2018-04-13,Standard,43618.75
9279,Evelyn Bailey,phillipalvarez@example.org,Greece,2018-04-03,Standard,21120.40
9280,Shelby Wilson,coreysims@example.org,Russian Federation,2021-12-23,Premium,15475.46
9281,Traci Acosta,agreen@example.org,Guatemala,2022-12-29,Standard,10066.09
9282,Emily Wilson,caseydaniel@example.org,Latvia,2018-12-28,Premium,15922.79
9283,Mark Allen,tiffanyjohnson@example.org,Bouvet Island (Bouvetoya),2023-04-14,Premium,32621.86
9284,Megan Mccormick,wspencer@example.org,Nicaragua,2020-05-01,Premium,31137.31
9285,Rebecca Strickland,jacksonjennifer@example.org,North Macedonia,2018-08-27,Premium,32203.15
9286,Caitlin Flores,erin96@example.org,Spain,2018-07-10,Basic,42570.18
9287,Tracy Rios,peter74@example.net,Barbados,2018-05-18,Standard,18692.77
9288,Wayne Boyd,stewartmarcus@example.org,Congo,2022-01-02,Basic,25361.41
9289,Jessica Wolfe,thomas51@example.net,Albania,2020-09-18,Basic,14596.19
9290,Derrick Taylor,phillip89@example.net,Cote d'Ivoire,2020-12-14,Standard,12283.89
9291,Ricky Morgan,westryan@example.net,Guyana,2021-09-28,Basic,32895.53
9292,Roger Sawyer,andrew47@example.com,Cameroon,2022-02-05,Premium,17163.63
9293,Todd Moore,oliverdominic@example.com,Samoa,2020-01-09,Premium,43259.47
9294,Elizabeth Ritter,laura40@example.net,Luxembourg,2019-06-18,Standard,21548.88
9295,Ariel Wells,hrodriguez@example.com,Korea,2018-05-11,Basic,34208.56
9296,Brittany Blackwell,rhondamyers@example.org,Pakistan,2018-02-25,Premium,13085.40
9297,Wesley Davis,foxkim@example.net,Netherlands,2018-04-29,Basic,36869.44
9298,Mark Case,dennis12@example.org,Sri Lanka,2018-10-15,Premium,36807.05
9299,Laura Collins,psanchez@example.net,Botswana,2021-06-14,Basic,49481.04
9300,Natasha Donaldson,dylan69@example.org,Bolivia,2022-01-21,Standard,3982.05
9301,Alexander Bennett,vaughnmark@example.org,United States of America,2024-09-23,Basic,38292.62
9302,Antonio Martinez,nicholasmorrison@example.net,New Zealand,2023-08-18,Basic,29619.31
9303,Rachel Russell,samantha43@example.com,El Salvador,2022-06-23,Standard,49681.56
9304,Keith Marquez,cooperjennifer@example.org,Belarus,2018-12-22,Basic,5179.94
9305,Rachel Jackson,umartinez@example.net,Slovenia,2021-07-27,Basic,10830.32
9306,Denise Phillips,dperry@example.net,Palestinian Territory,2023-01-09,Standard,20149.47
9307,Norman Kim,rebecca60@example.org,Samoa,2018-11-10,Standard,36535.30
9308,Joe King DDS,bmccormick@example.net,Guernsey,2023-04-11,Standard,21310.01
9309,Debra Copeland,lawrencemorgan@example.net,Djibouti,2019-01-16,Basic,32177.53
9310,Joseph Gordon,kyle80@example.org,Brunei Darussalam,2022-07-31,Basic,24394.35
9311,Adrian Salazar,xhill@example.org,Bangladesh,2018-01-01,Standard,36055.31
9312,Kathleen Ortega,ariana27@example.com,Brunei Darussalam,2024-07-18,Standard,20054.77
9313,Crystal David,shannoneric@example.net,Dominican Republic,2022-04-20,Basic,44283.36
9314,Thomas Walsh,djohnson@example.com,Colombia,2024-11-20,Premium,37044.67
9315,Louis Butler,tim39@example.org,Hong Kong,2019-06-30,Standard,20265.39
9316,Ashley Howell,mpierce@example.org,Dominica,2024-09-25,Basic,18808.87
9317,James Donovan,bennettjeff@example.net,Fiji,2023-11-28,Basic,30979.33
9318,Rachel Ellis,matthewthompson@example.com,Liberia,2021-02-05,Basic,8287.16
9319,Bryan Bailey,haydenhamilton@example.org,Northern Mariana Islands,2020-08-11,Basic,11654.71
9320,Darrell Palmer,rosemichael@example.org,Antigua and Barbuda,2020-01-10,Basic,35248.15
9321,April Sims,chelseygarrett@example.com,Austria,2023-07-27,Standard,45422.58
9322,John Armstrong,barbara35@example.org,Iran,2018-03-13,Standard,13984.15
9323,John White,paulaanderson@example.com,Guernsey,2023-05-25,Basic,12174.26
9324,David Hansen,cmorgan@example.net,Italy,2024-01-01,Standard,8819.29
9325,Kristin Smith,brucemartin@example.org,Bolivia,2019-09-30,Premium,12743.50
9326,Mr. Justin Flores,katherine43@example.org,Cambodia,2021-12-23,Premium,10892.44
9327,Jason Wright,hensleykeith@example.com,Ecuador,2018-12-28,Basic,19488.63
9328,Brian Mitchell,silvaallison@example.net,Vanuatu,2018-05-13,Standard,24279.22
9329,Jennifer Williams,owolfe@example.com,Armenia,2023-01-22,Premium,10739.38
9330,Robert Randolph,benjaminbailey@example.org,Djibouti,2024-08-16,Premium,12741.19
9331,Christine Chavez,romerojeremy@example.org,Ireland,2023-08-12,Standard,8466.21
9332,Mr. Chad Koch,vcantrell@example.net,Mexico,2023-02-08,Standard,43250.73
9333,John Cook,mitchelllisa@example.net,Saint Barthelemy,2019-06-10,Premium,9480.08
9334,Gregory Yoder,elizabethedwards@example.org,Cambodia,2024-10-16,Standard,14173.10
9335,Mark Jackson,zparker@example.net,Western Sahara,2018-03-10,Basic,43700.69
9336,Tracy Anderson,wmiller@example.com,Saint Pierre and Miquelon,2019-11-13,Basic,11373.91
9337,John Clark,jennifer97@example.net,Kuwait,2023-08-29,Standard,32292.47
9338,Kimberly Oconnor,hansenwilliam@example.com,Bolivia,2022-01-03,Premium,26909.80
9339,William Ferrell,ywilliamson@example.org,Nicaragua,2022-07-23,Standard,15573.68
9340,Cindy Carlson,joanna99@example.net,Greenland,2023-07-29,Standard,15192.07
9341,Cathy Anderson,patriciamartin@example.org,Gabon,2020-04-14,Premium,48471.79
9342,Susan Wilson,sarah81@example.org,Turks and Caicos Islands,2022-02-10,Premium,25323.58
9343,Taylor Horne,johnlewis@example.com,Congo,2020-02-09,Premium,7153.58
9344,Mary Roberts,jasonmorris@example.net,Puerto Rico,2023-10-07,Standard,9860.21
9345,Natasha Lawson,hadkins@example.org,United States of America,2022-09-10,Standard,26772.14
9346,John Lopez,mary10@example.org,Pakistan,2018-11-18,Standard,10580.87
9347,Richard Montoya,chill@example.net,Ethiopia,2024-12-22,Basic,38813.43
9348,William Hale,handerson@example.net,United States of America,2022-02-02,Basic,8472.60
9349,Jessica Johnson,megangordon@example.org,Botswana,2019-05-03,Standard,27563.83
9350,Jose Jones,jacksonnicholas@example.com,Venezuela,2021-09-04,Standard,43853.54
9351,Joseph Christensen,barnettrobert@example.com,Saint Martin,2024-12-14,Premium,40461.41
9352,Michael Morgan,jacobsmicheal@example.com,Saint Vincent and the Grenadines,2023-11-11,Standard,35323.50
9353,Erin Rose,jonesjeremy@example.org,Belarus,2018-11-08,Premium,48559.17
9354,Roy Burke,greenjesse@example.org,Ukraine,2024-03-19,Standard,16581.57
9355,Maria Maxwell,michaellynch@example.com,Ecuador,2023-10-27,Premium,18901.81
9356,Michael Mckenzie,kendrapatterson@example.net,Faroe Islands,2021-11-14,Basic,8972.94
9357,Ashley Wheeler,ashleyfisher@example.org,Kenya,2024-01-13,Premium,47128.96
9358,Susan Ramos,adamalvarez@example.org,Peru,2019-02-02,Basic,11094.93
9359,Adam Foster,smithhaley@example.net,Zimbabwe,2023-12-22,Basic,4675.82
9360,William Mitchell,vfletcher@example.net,Zimbabwe,2018-06-18,Basic,2868.81
9361,Maureen Chavez,sophia72@example.com,Samoa,2020-03-14,Basic,3345.03
9362,Dr. Pedro Moore Jr.,jamesreyes@example.net,Grenada,2020-11-23,Standard,9535.02
9363,David Green,adamjones@example.com,Nicaragua,2019-06-05,Basic,30374.35
9364,Timothy White,youngbreanna@example.org,Peru,2019-12-10,Standard,45744.92
9365,Rachael Harris,tamara56@example.com,Cook Islands,2019-02-26,Basic,30452.48
9366,Riley Grimes,grayashley@example.net,Austria,2022-02-24,Basic,23219.18
9367,Donna Salazar,mcleansydney@example.com,Georgia,2020-09-18,Premium,42036.78
9368,Jacob Rivera,washingtonbecky@example.net,Djibouti,2019-02-21,Premium,3259.38
9369,Mrs. Breanna Gordon,belinda28@example.com,Sri Lanka,2021-07-11,Premium,23661.88
9370,Garrett Cowan,alvarezmaureen@example.org,Svalbard & Jan Mayen Islands,2020-03-02,Standard,4624.83
9371,Kaylee Wiggins,gonzaleztony@example.net,Poland,2018-12-23,Standard,36214.08
9372,Alvin Williams,smithvictoria@example.com,Marshall Islands,2018-12-27,Premium,12547.98
9373,Laura Webb DDS,sheenacummings@example.com,United Kingdom,2021-09-23,Basic,17882.29
9374,Jamie Turner,marywilson@example.com,Myanmar,2020-03-12,Premium,47618.27
9375,Michael Lawson,heatherreynolds@example.com,Myanmar,2021-08-06,Premium,2045.67
9376,Toni Carpenter,vincent59@example.com,Tuvalu,2018-08-30,Standard,14911.94
9377,Isaac Martinez,jennystewart@example.net,Iraq,2023-01-17,Standard,26687.91
9378,Michael Ellis,amy57@example.com,Marshall Islands,2019-02-13,Premium,30870.28
9379,Alexander Jones,kristopher75@example.org,Christmas Island,2022-07-27,Standard,30734.18
9380,Jacob Young,william00@example.org,Spain,2021-05-26,Basic,38425.89
9381,Michael Jackson,wyork@example.org,Kenya,2021-08-02,Standard,20398.18
9382,Patricia Mathews,mendozajennifer@example.org,South Georgia and the South Sandwich Islands,2022-11-06,Premium,37490.69
9383,Stephen Anderson,georgedamon@example.com,Saint Helena,2021-06-05,Standard,49398.87
9384,Jodi Moore,jackpark@example.com,Turks and Caicos Islands,2021-05-28,Premium,39175.96
9385,Jesse Howard,philliphaley@example.net,Marshall Islands,2020-01-23,Basic,29591.51
9386,Tina Jackson,tayloredward@example.com,Micronesia,2019-08-03,Standard,46944.10
9387,Marc Todd,ballchristian@example.net,Faroe Islands,2024-09-15,Standard,17128.04
9388,Jennifer Warner,samuelbell@example.org,Angola,2018-08-14,Standard,15408.62
9389,Timothy Clark,angela77@example.org,Ethiopia,2018-12-03,Basic,45876.31
9390,David Newman,deandavid@example.net,Kenya,2019-02-26,Premium,21025.62
9391,Joseph Mckenzie,zbaker@example.org,Brazil,2019-03-05,Basic,37435.83
9392,Dylan Boyer,pyates@example.com,Belize,2022-04-08,Basic,30831.39
9393,Ashley Juarez,miranda76@example.net,Serbia,2018-03-12,Premium,44769.06
9394,Sarah Proctor,rebecca21@example.net,Iran,2023-11-27,Basic,6707.50
9395,Tammy Franklin,christopherturner@example.com,Belize,2020-10-21,Premium,40023.08
9396,Peter Sanchez,pdavis@example.net,Anguilla,2019-05-21,Standard,26823.81
9397,Elizabeth Smith,olivialee@example.com,Cyprus,2022-09-06,Basic,46260.26
9398,Gary Munoz,james72@example.org,Seychelles,2019-09-15,Basic,4277.56
9399,Michelle Wolfe,osmith@example.com,Russian Federation,2023-08-07,Standard,46400.75
9400,Elizabeth Taylor,melissaabbott@example.net,Liechtenstein,2022-07-06,Premium,32554.14
9401,Lisa Perry,griffinpatricia@example.org,Armenia,2022-04-10,Basic,28467.19
9402,Robert Zuniga,warnercrystal@example.org,Czech Republic,2022-04-12,Premium,1620.80
9403,Daniel Wade,michaeltorres@example.org,Portugal,2020-03-03,Basic,13622.40
9404,Thomas Flores PhD,raymond26@example.com,Romania,2024-06-04,Basic,4408.88
9405,Brett Jackson,grobinson@example.org,El Salvador,2018-01-16,Premium,17328.61
9406,Terry Gillespie,stephanieperez@example.net,North Macedonia,2020-08-01,Premium,33136.23
9407,Donald Arroyo PhD,ashleycummings@example.net,Saint Helena,2021-12-11,Standard,6562.36
9408,Steven James,popebrandi@example.net,Tonga,2019-06-28,Basic,31402.13
9409,Gregory Davis,figueroachad@example.org,Vietnam,2018-07-21,Basic,10141.71
9410,Samantha Gutierrez,james59@example.net,Panama,2019-08-21,Premium,2426.66
9411,Monica Brown,dawn32@example.org,Rwanda,2023-03-13,Standard,27986.95
9412,Kristin Valdez,josephsantos@example.net,Netherlands,2024-11-26,Standard,36777.30
9413,Michael Flores,jenniferfleming@example.org,Austria,2020-11-06,Premium,27869.40
9414,Jennifer Copeland,omartinez@example.com,Kiribati,2019-05-16,Premium,30542.00
9415,Rebecca Perkins,josephfletcher@example.net,Iran,2018-12-28,Standard,16800.39
9416,Lisa Jackson,hharris@example.net,Pakistan,2018-07-03,Standard,33876.88
9417,Jennifer Smith,jenniferbennett@example.net,New Zealand,2023-09-28,Basic,1251.09
9418,Anthony Flores,ypowell@example.org,Saint Vincent and the Grenadines,2019-08-27,Basic,47391.49
9419,Dillon Thomas,marydavis@example.net,Uganda,2022-06-25,Premium,40320.08
9420,George Miller,nicholasgibbs@example.net,Nepal,2018-06-29,Standard,27665.66
9421,Matthew White,dmoore@example.org,Bouvet Island (Bouvetoya),2019-12-12,Premium,13181.16
9422,Luis Johnson,kpatterson@example.org,Namibia,2022-09-11,Standard,42375.20
9423,Benjamin Kelly,wilsonhenry@example.org,French Polynesia,2023-05-09,Standard,22612.64
9424,Alexandra Gregory,tina17@example.com,Albania,2022-06-23,Basic,48988.54
9425,Lisa Wilson,nwoods@example.org,Mali,2021-10-29,Premium,35929.05
9426,Alex Owens,nelsonsara@example.org,Panama,2018-04-06,Standard,43544.17
9427,Sarah Solis,tristan86@example.org,Haiti,2023-08-21,Basic,29262.74
9428,Melissa Wright,flynndavid@example.net,Gabon,2021-09-15,Standard,19667.91
9429,David Morris,davidruiz@example.org,Oman,2020-11-29,Premium,1860.33
9430,Hannah Williams,rebeccabrown@example.com,Tonga,2022-05-13,Standard,31387.55
9431,James Oliver,glennwhite@example.org,Romania,2021-12-22,Standard,40282.43
9432,Sabrina Meyer,cynthia74@example.net,Congo,2020-06-22,Basic,27987.31
9433,Deborah Miller,nicoleabbott@example.org,Gibraltar,2023-12-15,Basic,46344.63
9434,Brandi Porter,sheila02@example.net,Bouvet Island (Bouvetoya),2022-12-19,Basic,44015.67
9435,Christine Hernandez,nvincent@example.net,Cocos (Keeling) Islands,2021-11-24,Standard,34893.12
9436,Kristine Hatfield,gmarsh@example.org,Iceland,2024-11-17,Basic,41496.44
9437,Daniel Garrett,kristy12@example.net,Mozambique,2018-10-31,Premium,19528.71
9438,Jennifer Young,blackanthony@example.net,Ecuador,2018-08-03,Standard,32393.00
9439,Alejandra Hayes,floydkenneth@example.com,Cook Islands,2019-07-20,Basic,1249.20
9440,Allison Wells,kelleyamanda@example.net,Dominica,2018-12-28,Premium,39988.28
9441,Julia Allen,brooke40@example.net,Western Sahara,2020-03-03,Basic,19171.31
9442,Whitney Pena,wendymeyers@example.org,Oman,2021-02-18,Standard,41552.32
9443,Mark Wright,melissamurphy@example.org,India,2021-02-08,Basic,37686.49
9444,Kelsey Roberts,john89@example.org,Central African Republic,2018-11-23,Basic,30808.39
9445,Derek Adkins,thomasstephens@example.com,Honduras,2020-05-27,Basic,932.15
9446,Eric Diaz,ycochran@example.net,Portugal,2021-09-10,Premium,38020.41
9447,Kaylee Jackson,jennifer12@example.com,Seychelles,2020-11-16,Basic,29384.48
9448,Natalie Garcia,robertfoster@example.org,South Georgia and the South Sandwich Islands,2021-08-14,Basic,12370.00
9449,Tammy Crawford,matthew56@example.net,Guadeloupe,2019-11-22,Basic,28519.94
9450,Don Davis,gregory38@example.com,Belarus,2021-06-15,Premium,29497.15
9451,Emily Franklin,walkerdenise@example.org,Cape Verde,2019-05-15,Standard,23034.11
9452,Patricia Brown,milleralbert@example.org,Paraguay,2024-04-26,Basic,2484.20
9453,Alexander Johnson,jessica28@example.org,Italy,2022-01-21,Premium,15450.51
9454,Evan Watts,banksallison@example.org,North Macedonia,2019-06-09,Basic,12044.49
9455,Melody Stout,craig72@example.com,Comoros,2022-01-08,Premium,47869.91
9456,Don Flores,mary24@example.com,Israel,2022-08-02,Standard,10831.14
9457,Melissa Bridges,michael72@example.org,Australia,2018-08-19,Basic,16635.92
9458,Bryan Miller,johnsondonald@example.net,Gabon,2020-06-24,Premium,32909.65
9459,Jessica Ellis,hhamilton@example.net,Christmas Island,2022-06-02,Standard,490.54
9460,Kent Owens,scottpeterson@example.com,Panama,2024-03-29,Standard,43240.12
9461,Lisa Phillips,dalecohen@example.org,Thailand,2023-10-19,Standard,40753.16
9462,James Hobbs,rosslindsey@example.org,Grenada,2023-12-06,Basic,38534.11
9463,William Nicholson,kjackson@example.net,Belgium,2021-09-20,Standard,34469.45
9464,Marcia Harris,xmorgan@example.org,Niue,2019-09-04,Basic,44556.85
9465,Carlos Gomez,robinsonkimberly@example.com,Mali,2022-02-14,Basic,46969.13
9466,Brenda Johnson,hestermelissa@example.net,United States Minor Outlying Islands,2023-12-31,Basic,9360.01
9467,Maxwell Mccann,kevin07@example.net,Eritrea,2019-10-13,Basic,45321.04
9468,Danielle Lewis,garciastephanie@example.com,French Southern Territories,2024-01-07,Premium,38030.81
9469,Melissa Lucas,brandon96@example.com,Portugal,2019-03-30,Basic,10994.86
9470,Sean Sanders,steven05@example.com,Russian Federation,2020-10-02,Standard,10562.46
9471,John Smith,xsmith@example.com,San Marino,2022-11-25,Basic,25760.54
9472,Samuel Romero,ibarnett@example.org,Lesotho,2022-10-16,Basic,36401.90
9473,Cassandra Harrison,michaelmorales@example.net,Guinea-Bissau,2022-09-27,Standard,45341.73
9474,Christian Gutierrez,katherinemontgomery@example.net,Palau,2023-07-22,Basic,1021.76
9475,Lisa Campbell,crawfordsamuel@example.com,Turkmenistan,2022-06-24,Standard,16264.99
9476,Jenny Henderson,haley89@example.net,India,2024-03-09,Premium,24033.54
9477,Timothy Rogers,sandovalryan@example.org,Moldova,2021-01-06,Basic,14108.25
9478,Duane Harris,michellecortez@example.org,Afghanistan,2021-08-26,Basic,23799.70
9479,Michael Ruiz,bburton@example.org,United Kingdom,2019-08-24,Premium,11629.45
9480,Deborah Finley,andrewpena@example.net,Kuwait,2020-04-01,Premium,46887.65
9481,Diana Ward,qhill@example.org,Saint Vincent and the Grenadines,2021-08-13,Standard,34215.59
9482,Charles Martinez,susanlynch@example.com,Dominican Republic,2021-09-12,Basic,31462.56
9483,Kelly Wilson,fernandeztravis@example.net,Guinea,2023-08-23,Basic,31170.36
9484,Jordan Phillips,jessicasmith@example.org,Uzbekistan,2021-01-29,Basic,35456.02
9485,Shane Gonzales,gabriela86@example.org,Swaziland,2021-02-06,Premium,48351.70
9486,Madison Shea,katherinereyes@example.com,Mauritania,2018-09-21,Basic,31842.06
9487,Kathryn Clay,francokaren@example.org,Guernsey,2023-11-27,Standard,34226.82
9488,Paula Jordan,edward05@example.org,Sudan,2019-10-03,Standard,22243.76
9489,Sarah Brown,thompsonmichael@example.com,Lao People's Democratic Republic,2019-05-08,Basic,32630.49
9490,Jenna Liu,guzmanjennifer@example.com,Kuwait,2024-12-02,Basic,24701.69
9491,Kyle Juarez,susan18@example.com,Poland,2020-11-19,Standard,11278.59
9492,Benjamin Webster,wesleygonzalez@example.net,Paraguay,2024-11-16,Standard,17844.08
9493,David Wright,whitney65@example.net,Falkland Islands (Malvinas),2021-07-27,Premium,38398.41
9494,Molly Spencer,olivia76@example.org,Afghanistan,2022-11-21,Standard,44347.36
9495,Keith Hall,kimberly67@example.org,Korea,2024-11-09,Standard,22085.93
9496,Michael Rodriguez,hmyers@example.com,Sweden,2024-09-18,Standard,11955.38
9497,Charles Fisher,castillolauren@example.org,Guyana,2018-02-02,Premium,28329.65
9498,Edward Spencer,andrew82@example.net,Myanmar,2020-04-26,Standard,36846.26
9499,Alexis Davis,brownnicholas@example.net,Pitcairn Islands,2020-01-23,Premium,41770.00
9500,Michael Trevino,westjesse@example.com,Monaco,2022-06-11,Premium,41872.47
9501,Danielle Smith,carolynhenderson@example.org,Korea,2018-12-18,Basic,16431.32
9502,Sara Abbott,mthompson@example.com,Australia,2023-05-02,Basic,32001.14
9503,Ernest Lowe,elizabethjackson@example.com,United States of America,2019-12-08,Standard,7314.72
9504,Ralph Mitchell,christinawolf@example.com,French Guiana,2023-11-18,Standard,37990.29
9505,Frederick Vasquez,albertgates@example.org,Bosnia and Herzegovina,2020-05-30,Standard,38637.44
9506,Daniel Martin,johndavis@example.net,Turks and Caicos Islands,2024-09-24,Premium,24031.91
9507,Ryan Robinson,osnow@example.net,Singapore,2022-08-08,Basic,2536.11
9508,James Sanford,matthewgarcia@example.net,Tunisia,2023-10-31,Standard,21851.11
9509,Jason Campbell,paul97@example.net,Mayotte,2018-07-21,Premium,40242.77
9510,Hunter Duffy,sydneyfrost@example.net,Saint Barthelemy,2023-09-05,Premium,13802.26
9511,Ebony Parker,tgreene@example.net,Malta,2020-04-15,Premium,45508.47
9512,James Fry,bgarcia@example.net,Norway,2024-03-17,Premium,3692.27
9513,Ashley Poole,imiller@example.net,Jersey,2021-09-28,Premium,21987.82
9514,Jenna Green MD,williamsjames@example.com,Saint Kitts and Nevis,2020-09-18,Standard,39748.57
9515,Bradley Farmer,qchavez@example.org,Belgium,2023-11-29,Standard,20072.23
9516,Alison Parker,julia13@example.com,Bolivia,2023-06-14,Premium,46434.34
9517,Michelle Vance,kgraves@example.org,Solomon Islands,2021-08-29,Standard,13701.02
9518,Brian Higgins,alexanderamber@example.com,Tuvalu,2018-03-06,Standard,12327.92
9519,Tiffany Kidd,gregorygrant@example.net,Peru,2019-09-24,Standard,2141.06
9520,Autumn Heath,losborn@example.com,South Georgia and the South Sandwich Islands,2022-11-27,Standard,42804.02
9521,Zachary Waller,joseburch@example.net,Jersey,2022-07-09,Basic,35055.71
9522,Donald Hartman,pwilson@example.net,Austria,2023-07-24,Premium,2499.08
9523,Jason Morgan,markjohnson@example.net,Saudi Arabia,2021-09-24,Basic,10389.89
9524,Tina Porter,gjones@example.net,Timor-Leste,2021-05-09,Basic,28711.94
9525,Michael Jordan,hallsusan@example.com,Angola,2019-03-15,Basic,34574.61
9526,Carlos Hinton,rharding@example.com,Somalia,2023-12-14,Standard,20497.52
9527,Christian Bates,bradley74@example.com,Jordan,2019-09-21,Basic,18285.09
9528,Justin Monroe,sherridaniels@example.org,Samoa,2018-06-24,Premium,49057.65
9529,Laura Smith,qhunter@example.net,Kenya,2022-01-03,Standard,36160.48
9530,Austin Matthews,timothy11@example.com,Belarus,2020-06-09,Basic,12370.42
9531,Scott Johnson,justinherrera@example.com,Ghana,2018-03-22,Basic,24906.66
9532,Jennifer Harris,crosskatie@example.org,Lao People's Democratic Republic,2021-10-25,Standard,27496.22
9533,Aaron Abbott,rsalazar@example.org,Israel,2019-01-01,Premium,19375.24
9534,Donald Valentine,richard10@example.org,Nauru,2022-09-04,Standard,10955.45
9535,Elizabeth Martinez,sanchezlarry@example.com,Cote d'Ivoire,2024-10-23,Standard,19943.48
9536,Chelsea Reid,jennifer21@example.com,Guyana,2023-09-29,Standard,14499.71
9537,Kathryn Miller,wparsons@example.net,Saudi Arabia,2022-06-08,Premium,22345.97
9538,Craig Bass,hwade@example.net,Netherlands Antilles,2024-11-01,Premium,41576.36
9539,Ronald Oneill,traceybrown@example.org,Niger,2021-11-07,Premium,33348.56
9540,Mckenzie Anderson,vasquezkari@example.org,New Zealand,2024-04-23,Basic,28518.95
9541,Daniel Davis MD,markryan@example.org,Fiji,2019-02-14,Basic,25293.13
9542,Anna Quinn,codypayne@example.net,Cocos (Keeling) Islands,2023-02-12,Standard,18794.75
9543,Nicole Jackson,greenlance@example.com,Aruba,2018-10-08,Premium,28672.07
9544,Erica Moses,jasondavis@example.com,Namibia,2021-02-09,Standard,4889.27
9545,Martha Clay,donaldhorton@example.com,Russian Federation,2021-06-10,Basic,39059.55
9546,Leonard Thompson,probertson@example.net,Bouvet Island (Bouvetoya),2021-10-20,Premium,33642.00
9547,Erin Mcclain,jessica08@example.net,Saint Vincent and the Grenadines,2022-10-26,Standard,31033.63
9548,Mark Murray,sarahwerner@example.com,Myanmar,2019-12-30,Basic,37990.84
9549,Brett David,xrobinson@example.org,Ghana,2020-09-28,Basic,39053.11
9550,Colleen Fuller,roger94@example.org,Guatemala,2021-10-09,Basic,28561.19
9551,Michael Preston,robert74@example.com,Ghana,2021-01-19,Standard,22302.57
9552,Riley Peters,martineztodd@example.org,Saint Barthelemy,2021-12-06,Standard,39028.58
9553,Darrell Harrell,fosterkenneth@example.net,Italy,2024-07-13,Premium,24122.30
9554,Anne Koch,nicholashernandez@example.org,Serbia,2022-01-21,Standard,15219.32
9555,Ashley Mack,scott77@example.com,Western Sahara,2024-11-14,Standard,32467.24
9556,Carlos Mcdonald,benjamin90@example.net,North Macedonia,2020-05-11,Basic,41783.68
9557,Julia Bailey,katelynsmith@example.org,Syrian Arab Republic,2020-06-30,Standard,26898.47
9558,Michael Chen,garciajeremy@example.net,Albania,2023-07-11,Premium,16880.65
9559,Rachel Molina,lindsaymendez@example.com,Botswana,2022-08-09,Basic,8818.59
9560,Heather Hunter,donglenn@example.org,Sao Tome and Principe,2019-07-31,Basic,233.38
9561,Angela Williams DDS,haynesamy@example.com,Vanuatu,2024-07-12,Standard,38407.32
9562,Jason Watson,matthewwall@example.net,Faroe Islands,2018-08-09,Standard,20305.28
9563,Allison Ramsey,emma28@example.com,Algeria,2020-09-14,Standard,43269.93
9564,Kevin Aguirre,qrodgers@example.com,Saint Kitts and Nevis,2021-11-17,Premium,18061.11
9565,John Greene,gilbert49@example.net,Estonia,2023-03-15,Standard,6336.97
9566,Maria Riley,kzamora@example.org,Honduras,2018-07-28,Basic,2482.16
9567,Jerry Carroll,steelemark@example.net,Kyrgyz Republic,2019-05-20,Standard,32208.11
9568,Steven Bailey,brian63@example.com,French Southern Territories,2023-03-09,Standard,42954.53
9569,William Mcmahon,owallace@example.com,Cyprus,2021-03-24,Basic,48050.97
9570,Eric Hughes,deanna81@example.net,Wallis and Futuna,2020-09-11,Basic,3680.65
9571,Jennifer Randall,katherine33@example.com,Algeria,2020-12-10,Basic,26874.33
9572,Tanya Petty,kanedavid@example.com,Eritrea,2019-07-01,Premium,17684.64
9573,Tammy Dawson,vthomas@example.net,Marshall Islands,2022-02-05,Standard,48100.02
9574,Thomas Johnson,awade@example.com,Puerto Rico,2021-10-11,Standard,12802.66
9575,Laura Rojas,natalieschneider@example.net,Kyrgyz Republic,2020-07-03,Standard,13591.14
9576,Jennifer Rowland,teresaschmidt@example.com,Ireland,2023-06-22,Standard,4852.01
9577,Brooke Fox,sdavis@example.net,Kazakhstan,2023-12-28,Standard,43789.26
9578,Jennifer Medina,williamcooke@example.org,Angola,2022-03-13,Standard,10778.43
9579,Andrew Porter,antonio89@example.net,Djibouti,2021-07-10,Premium,11965.58
9580,Faith Ramsey,doylesarah@example.org,Bahrain,2019-08-16,Basic,18399.26
9581,Kim Bryant,logannelson@example.org,Colombia,2022-03-08,Standard,27679.12
9582,Thomas Bennett,lindagibson@example.com,Syrian Arab Republic,2024-07-12,Standard,24350.62
9583,Jean White,eenglish@example.net,Zambia,2024-09-14,Standard,41659.93
9584,Ronald Guerrero,dosborn@example.net,New Caledonia,2022-01-23,Basic,4976.28
9585,Scott Sanchez,nathan77@example.net,Turkey,2022-08-02,Standard,2311.13
9586,Justin Scott,boydfrederick@example.org,Malta,2023-12-15,Standard,31440.68
9587,Wesley Rice,ythomas@example.org,Honduras,2019-04-27,Premium,20586.18
9588,Jeffrey Moore,hruiz@example.org,Svalbard & Jan Mayen Islands,2020-09-03,Premium,37109.01
9589,Ashley Davies,zmason@example.net,Uzbekistan,2021-05-21,Standard,193.86
9590,Christopher Ryan,markhudson@example.com,Tuvalu,2018-03-16,Standard,5177.92
9591,Christopher Phillips,keith15@example.com,Bangladesh,2022-06-29,Basic,49854.86
9592,Christopher Hudson,zmassey@example.net,Mongolia,2022-12-27,Basic,35844.23
9593,John Moody,martin51@example.com,Jersey,2020-11-08,Basic,48955.72
9594,Lisa Wagner,adamsvanessa@example.net,Uzbekistan,2024-08-13,Standard,36046.18
9595,Haley Moore,daniellucas@example.com,Poland,2020-10-02,Standard,6311.83
9596,Gabriel Dixon,xmiranda@example.com,Mayotte,2021-12-01,Basic,16035.15
9597,David Gordon,colemandaniel@example.org,Lithuania,2021-10-24,Premium,25958.26
9598,Jack Miller,vhanson@example.com,Papua New Guinea,2020-06-06,Standard,46947.62
9599,Michael Macias,wallkimberly@example.net,Haiti,2022-03-08,Basic,38352.50
9600,Beth Foley,austinholly@example.net,Honduras,2018-06-01,Premium,23127.83
9601,Robert Pena,joshuaruiz@example.net,Papua New Guinea,2020-02-22,Basic,41249.82
9602,Sabrina Williams,phillipsmichelle@example.net,Tanzania,2019-02-17,Premium,3983.87
9603,Anthony Stevenson,ajohnson@example.com,Western Sahara,2021-11-26,Basic,33922.44
9604,Michelle Stone,katelynhall@example.com,Malta,2018-06-11,Premium,21972.64
9605,Frank Patterson,zguzman@example.org,French Guiana,2018-05-25,Standard,23054.59
9606,Stephanie Scott,vjacobs@example.org,Mauritius,2021-01-09,Basic,1768.83
9607,Andrea Whitney,hsmith@example.com,Antarctica (the territory South of 60 deg S),2024-02-03,Standard,35066.38
9608,Matthew Hoover,ramirezdaniel@example.org,United States Minor Outlying Islands,2019-12-31,Basic,15698.79
9609,Anthony Steele,trose@example.net,Belgium,2019-02-05,Standard,45202.88
9610,Jeremy Barnes,xporter@example.com,Turkey,2019-10-02,Premium,37488.13
9611,Edwin Jackson MD,patelnicole@example.org,Bahrain,2022-02-04,Basic,40540.07
9612,Brittany Case,hlopez@example.org,Nicaragua,2020-08-26,Basic,27528.89
9613,Raven Wall,vandrade@example.net,New Caledonia,2024-07-25,Standard,22313.96
9614,Anthony Parker,edwardortiz@example.net,Tanzania,2020-10-20,Standard,49910.90
9615,Michael Bailey,matthew40@example.net,Lesotho,2022-10-21,Standard,49992.87
9616,Elaine Thomas,melanie22@example.org,Chad,2022-02-16,Basic,39799.62
9617,Darren Day,krista07@example.com,United Arab Emirates,2023-11-30,Basic,20435.21
9618,Michael Wright,edwinfisher@example.org,Uzbekistan,2023-06-27,Premium,22777.28
9619,Rachael Velasquez,ywilliams@example.com,Korea,2019-06-29,Basic,26962.71
9620,Karen Collins,bherman@example.org,Brazil,2021-01-11,Premium,48355.23
9621,Gabriel Elliott,erin84@example.com,Oman,2020-08-02,Standard,41031.61
9622,Martin Lucas,robertchandler@example.com,Philippines,2020-03-05,Basic,464.34
9623,Juan Jackson,xnichols@example.org,Turkey,2021-01-19,Premium,2451.70
9624,Maureen Pugh,donna14@example.com,Tunisia,2023-04-02,Standard,8331.93
9625,Adam Craig,washingtonjake@example.org,Kuwait,2021-06-22,Basic,11412.88
9626,Tracy Garcia,alisonfisher@example.org,Denmark,2022-07-18,Basic,46151.92
9627,Seth Black,mark01@example.com,Antarctica (the territory South of 60 deg S),2021-07-08,Standard,35642.15
9628,Brandon Lynch,lynn42@example.com,Puerto Rico,2024-05-14,Standard,22137.31
9629,Paul Wiggins,shannonaustin@example.org,Antarctica (the territory South of 60 deg S),2018-09-14,Basic,13474.70
9630,Jasmine Hanson,denise44@example.org,Mexico,2018-04-02,Premium,35209.32
9631,Monique Perkins DDS,diamondstone@example.org,Oman,2018-02-15,Basic,2672.32
9632,Eric Cochran,alopez@example.net,Dominica,2023-02-12,Basic,36073.74
9633,Melissa Murillo,dianemorgan@example.net,United States Minor Outlying Islands,2022-01-31,Basic,21903.95
9634,Cheryl Best,john91@example.org,Christmas Island,2022-02-03,Basic,40706.58
9635,Courtney Gardner,oroberts@example.com,French Polynesia,2022-05-16,Premium,25731.94
9636,Manuel Washington,umorgan@example.com,Guyana,2021-11-04,Premium,47434.32
9637,Joshua Jackson,deborahnelson@example.net,British Indian Ocean Territory (Chagos Archipelago),2022-08-28,Premium,44856.65
9638,Raymond Good,rebecca74@example.org,Malta,2023-04-13,Basic,47304.19
9639,Jonathan Hernandez,scottcarpenter@example.net,Venezuela,2018-10-07,Premium,44329.16
9640,Joseph Williams,williamsmichael@example.net,Djibouti,2023-11-13,Standard,21515.30
9641,Jeffrey Li,jamessims@example.com,Samoa,2024-07-17,Premium,4514.19
9642,Deborah Gordon,jeffreybuchanan@example.net,Honduras,2019-06-02,Basic,6508.29
9643,Gary Zimmerman,patricia98@example.org,Botswana,2020-03-14,Premium,3870.39
9644,Deanna Watson,allison73@example.net,Turks and Caicos Islands,2019-11-13,Standard,43350.19
9645,Joshua Johnson,schwartzkevin@example.org,British Virgin Islands,2022-03-27,Premium,46171.32
9646,Edward Cabrera,zadkins@example.org,Palau,2024-07-26,Standard,39506.93
9647,Peter Smith,sanchezdonna@example.net,Lebanon,2024-02-17,Basic,40320.83
9648,Brent Reid,rwalker@example.net,Gambia,2019-08-25,Standard,40519.60
9649,Krista Humphrey,rogertodd@example.org,Saint Barthelemy,2021-06-07,Standard,48839.61
9650,Stephanie Lawson,jennifer55@example.net,Mayotte,2021-07-28,Standard,48191.68
9651,Jonathan Phillips,dsoto@example.net,Chad,2021-01-22,Standard,45744.21
9652,Julie Miller,clarkangela@example.org,Brazil,2020-05-29,Premium,18801.76
9653,Mr. Joshua Powell,blawson@example.net,Madagascar,2021-07-22,Standard,14391.87
9654,Denise King,nwillis@example.org,Benin,2018-11-09,Premium,26086.52
9655,Craig Anderson,russellgregory@example.net,Micronesia,2023-12-21,Basic,42515.08
9656,William Liu,jay85@example.com,Montserrat,2021-11-04,Premium,10770.08
9657,Robert Anderson,qpaul@example.net,Ecuador,2023-01-18,Premium,25609.35
9658,Pamela Taylor,sanfordmark@example.org,France,2018-03-16,Basic,16972.56
9659,Kevin Smith,hansenjason@example.net,Finland,2018-08-26,Premium,27675.58
9660,Craig Bass,nathanfranklin@example.net,Hungary,2024-01-21,Premium,34531.83
9661,Laura Cooper,ronaldruiz@example.org,Haiti,2020-06-05,Standard,41891.32
9662,Angie Pennington,nicolethompson@example.net,Madagascar,2022-10-23,Basic,15115.32
9663,Anthony Jones,rubencurtis@example.org,Netherlands,2019-02-13,Basic,38951.86
9664,Rachel Clark,brendawagner@example.com,Switzerland,2021-02-18,Standard,46961.07
9665,Veronica Byrd,mark22@example.com,Italy,2020-12-01,Standard,33570.96
9666,Mary Hanna,ahess@example.com,Albania,2019-11-11,Premium,47311.32
9667,Tanya Powell,deborah20@example.com,Argentina,2020-12-05,Basic,26159.15
9668,Brian Mays MD,jenniferodonnell@example.org,China,2020-03-23,Premium,16249.80
9669,Lauren Stewart,romerorussell@example.net,Tunisia,2018-09-02,Premium,5653.48
9670,Derrick Gonzalez,richdiana@example.com,United States Minor Outlying Islands,2022-12-20,Premium,27130.96
9671,Richard Nelson,randall74@example.com,Saint Barthelemy,2022-05-14,Premium,9860.19
9672,Alexander Hayes,carrolljesse@example.org,Guadeloupe,2023-09-13,Standard,43934.64
9673,Charles Flores,pottsmichael@example.org,Belgium,2022-06-06,Standard,23488.77
9674,Ricky Hardin,xvazquez@example.net,Ukraine,2023-06-01,Premium,36642.50
9675,Edward Stark,jason25@example.com,Palau,2018-02-13,Standard,33103.87
9676,Chris Mason,penajanice@example.com,Afghanistan,2023-06-03,Standard,5509.53
9677,John Yang,kim05@example.com,Nepal,2024-02-05,Premium,38796.43
9678,Rodney Fields,mcaldwell@example.org,Senegal,2022-03-26,Premium,37049.08
9679,Andrew Stone,ffoster@example.org,Austria,2022-03-09,Premium,24210.82
9680,Linda Huff,victoriamartin@example.net,Ukraine,2023-06-01,Basic,41933.05
9681,Jessica Mercer,john81@example.net,Switzerland,2022-09-01,Premium,47927.21
9682,Samantha Gomez,gharvey@example.net,Kenya,2023-08-06,Premium,2185.65
9683,Derek Ross,cynthiahawkins@example.com,Guatemala,2024-02-13,Basic,42293.22
9684,Gregory Johnson,patriciapowell@example.com,Dominica,2022-06-05,Basic,2561.35
9685,Robert Everett,amy08@example.org,China,2021-05-12,Premium,25100.09
9686,Patricia Anderson,bhorton@example.org,Armenia,2024-06-10,Premium,2331.33
9687,Bryan Diaz,,Saint Pierre and Miquelon,2019-10-25,Standard,42263.04
9688,Allison Knox,amy57@example.net,New Caledonia,2021-09-07,Standard,12909.46
9689,Cheryl Morrison,marthaholmes@example.org,El Salvador,2022-10-25,Standard,14995.68
9690,Robert Henry,zaguilar@example.com,Mexico,2024-08-08,Basic,4257.40
9691,Brandon Rivera,johnsonkevin@example.org,Uruguay,2018-06-01,Standard,35924.41
9692,Jessica Robles,valvarado@example.org,Falkland Islands (Malvinas),2020-08-02,Basic,34118.37
9693,Thomas Noble,leemelissa@example.com,Albania,2022-05-04,Standard,39824.63
9694,Cheryl Fields,gklein@example.com,Czech Republic,2024-05-20,Premium,48266.28
9695,Gregory Gaines,emartinez@example.com,Kenya,2023-06-16,Basic,871.74
9696,Brian Reyes,brian16@example.org,Gibraltar,2021-05-07,Premium,16881.02
9697,Christina Scott,shawn72@example.net,United Kingdom,2019-04-14,Basic,48070.27
9698,Amanda Monroe,troyflores@example.com,Suriname,2023-01-20,Basic,2748.71
9699,James Nichols,melissasantiago@example.org,Botswana,2024-03-12,Premium,36895.91
9700,Timothy Molina,mcintyregary@example.org,Sao Tome and Principe,2022-03-11,Basic,28736.02
9701,Jennifer Hill,sgomez@example.com,Indonesia,2020-02-09,Standard,49674.16
9702,Mark Williams,lisathompson@example.net,Ukraine,2019-08-06,Basic,19623.87
9703,Mr. Thomas Orr MD,rpeters@example.org,British Indian Ocean Territory (Chagos Archipelago),2018-02-14,Standard,13935.87
9704,Jeffrey Sandoval,yphillips@example.net,Rwanda,2019-04-28,Standard,46121.45
9705,Gabrielle Pruitt,ashleyball@example.com,Kiribati,2018-10-02,Basic,12523.51
9706,Wanda Dawson,uyoder@example.net,Norway,2022-06-19,Basic,7013.51
9707,Eric Gomez,haroldgonzalez@example.org,Estonia,2021-10-28,Premium,20136.30
9708,Yvonne Zamora,farmermadeline@example.com,Estonia,2018-01-15,Premium,8794.19
9709,Michael Wagner,wardcarolyn@example.com,French Southern Territories,2022-10-01,Basic,36775.03
9710,Michael Hernandez,dacevedo@example.net,Colombia,2018-04-13,Basic,35421.17
9711,Brian Romero,chelseaadams@example.com,British Indian Ocean Territory (Chagos Archipelago),2023-02-09,Standard,39654.10
9712,Erica Smith,smithandrew@example.com,American Samoa,2023-10-08,Premium,7164.07
9713,Michelle Benitez,josephromero@example.org,Monaco,2024-10-07,Premium,10029.44
9714,Ronald Chen,,Cuba,2022-02-16,Basic,11616.44
9715,Frank Grant,meghansnyder@example.org,Rwanda,2023-08-25,Standard,9686.99
9716,Megan Moore,michaelstrong@example.org,South Georgia and the South Sandwich Islands,2024-12-20,Basic,4225.88
9717,John Cummings,ymurphy@example.com,Denmark,2022-07-31,Standard,22486.86
9718,Kimberly Reyes,walkerdarren@example.net,Tunisia,2021-08-29,Premium,24052.90
9719,Louis Ortiz,ernestrichards@example.net,Comoros,2021-10-16,Standard,18931.35
9720,Jennifer Jones,scott78@example.org,Algeria,2020-06-10,Basic,35330.32
9721,Cory Fuller,fparker@example.com,Micronesia,2019-05-16,Premium,43816.48
9722,Kimberly Everett,hsingleton@example.org,Palestinian Territory,2018-11-30,Standard,2449.54
9723,Jody Stein,rosevega@example.org,Mayotte,2018-12-29,Premium,45553.02
9724,Mary Lambert,reesedavid@example.org,Greece,2020-09-28,Premium,4430.35
9725,Cynthia Walsh,shelbysmith@example.org,Reunion,2021-09-15,Standard,25710.04
9726,Brett Cortez,douglasharrison@example.com,Latvia,2024-07-15,Basic,24161.33
9727,Brandon Brown,watkinsmakayla@example.org,Trinidad and Tobago,2024-06-26,Premium,46593.42
9728,Ronald Russell,lopezroy@example.org,Moldova,2021-10-20,Basic,22744.41
9729,Robin Carey,dhartman@example.org,Holy See (Vatican City State),2023-07-12,Standard,4164.15
9730,Sonia Branch,kkennedy@example.com,Guernsey,2023-06-14,Basic,1438.60
9731,Jeffrey Allen,,Nicaragua,2018-05-14,Standard,20599.20
9732,Rebecca Taylor,ncortez@example.net,Samoa,2023-01-25,Premium,44673.26
9733,Krystal Russell,bthompson@example.net,Bangladesh,2021-05-27,Premium,6565.52
9734,Timothy Jones,amyclark@example.net,Uzbekistan,2022-04-14,Premium,16564.98
9735,Mary Cooper,wwashington@example.com,Aruba,2022-05-26,Standard,27089.44
9736,Carrie Benson,kirbyjoshua@example.net,Peru,2020-08-07,Basic,31596.72
9737,Connie Davis,josechambers@example.com,Fiji,2024-08-16,Standard,10520.81
9738,Vanessa Thompson,meltontiffany@example.net,Swaziland,2023-01-10,Standard,27974.92
9739,Jason Thomas,rshelton@example.org,Sri Lanka,2019-04-18,Basic,22731.92
9740,Alicia Nelson,rwalker@example.net,Venezuela,2022-07-12,Standard,23292.93
9741,Christopher Koch,blacklisa@example.net,Poland,2022-11-20,Premium,568.56
9742,Alexander Garcia,fordjustin@example.net,South Africa,2021-02-20,Premium,15577.18
9743,Jennifer Martinez,aherrera@example.com,Ecuador,2024-08-01,Basic,22806.82
9744,Donald Sims,caleb52@example.org,Guinea-Bissau,2020-08-13,Premium,31988.73
9745,Pamela White,russovanessa@example.net,North Macedonia,2023-04-20,Premium,2325.90
9746,William Baldwin,grichardson@example.com,Bangladesh,2020-07-13,Premium,13283.41
9747,Johnathan Rasmussen,johncampbell@example.net,Jersey,2022-09-18,Basic,41452.99
9748,Jason Kim,cynthia50@example.org,Dominican Republic,2023-01-23,Standard,45629.20
9749,Derek Wagner,warnermary@example.com,Puerto Rico,2023-08-10,Standard,49727.79
9750,Robert Sullivan,weberphillip@example.org,Argentina,2021-10-25,Premium,38996.13
9751,Ruben Mcdowell,ricky39@example.net,Israel,2021-05-22,Basic,14117.22
9752,Stacy Anderson,briannamccarty@example.net,Eritrea,2023-12-25,Premium,29373.77
9753,Madison Holt DVM,deborahscott@example.org,Netherlands Antilles,2022-12-03,Basic,40119.44
9754,Kathleen Thompson,crobinson@example.com,British Indian Ocean Territory (Chagos Archipelago),2019-04-25,Basic,4727.21
9755,Taylor Wallace,dbrewer@example.com,British Indian Ocean Territory (Chagos Archipelago),2021-11-11,Standard,1074.73
9756,Sarah Kane,zunigadanielle@example.net,Lao People's Democratic Republic,2021-10-28,Standard,8193.68
9757,Andrea Gilmore,josephmiller@example.com,Timor-Leste,2018-07-30,Standard,29758.14
9758,Janet Duran,josephmaddox@example.com,Bulgaria,2024-07-18,Standard,40899.66
9759,Mark Ramos,gregory71@example.com,Venezuela,2021-05-09,Standard,20736.47
9760,Cheryl Anthony,jcain@example.com,Sweden,2019-04-26,Premium,5464.38
9761,Phillip Baker,robertrandolph@example.net,Tuvalu,2023-06-06,Basic,23685.56
9762,James Holden,peggy90@example.net,Malaysia,2021-06-10,Standard,18166.66
9763,Karen Booker,,Uzbekistan,2021-12-09,Standard,17136.88
9764,Tanya Grant,wwilliams@example.com,United States Minor Outlying Islands,2019-09-06,Basic,28307.19
9765,Dennis Jones,haleygeorge@example.org,Barbados,2023-02-11,Premium,8404.33
9766,Chad Jenkins,eduardorose@example.net,Venezuela,2024-06-19,Premium,14872.56
9767,Aaron Cantu,amcintosh@example.org,Dominican Republic,2021-10-15,Standard,47169.34
9768,Craig Compton,wintersalexander@example.org,Chile,2018-04-12,Premium,29040.50
9769,Erica Wilson,alan62@example.org,Faroe Islands,2024-10-29,Basic,12965.27
9770,Tyler Newton,zwilliams@example.com,South Georgia and the South Sandwich Islands,2022-04-07,Basic,42927.75
9771,Melinda Gordon,johnvazquez@example.net,Anguilla,2022-09-04,Premium,42158.26
9772,Traci Vargas,stevenwillis@example.net,Mozambique,2022-04-02,Basic,29547.62
9773,Richard Adams,brandon82@example.org,Taiwan,2024-09-13,Premium,46116.23
9774,Carolyn Maynard,ngriffith@example.org,Kuwait,2022-07-29,Premium,11002.35
9775,Samantha Montgomery,michellekemp@example.org,Morocco,2019-06-26,Standard,39111.21
9776,Melissa Burns,jeremiah40@example.org,San Marino,2023-05-06,Premium,31277.31
9777,Joshua Molina,sloanmercedes@example.net,Guatemala,2022-12-19,Standard,44529.50
9778,Craig Wong,vclarke@example.net,Denmark,2022-12-04,Basic,18791.80
9779,William Stone,teresafranklin@example.com,Norfolk Island,2018-06-17,Basic,10335.52
9780,Valerie Randall,matthew34@example.net,Moldova,2024-05-03,Standard,7301.32
9781,Denise Robinson,jesusjames@example.org,Israel,2020-07-01,Standard,23474.95
9782,Jacob Walker,harpersteven@example.net,San Marino,2020-01-23,Basic,40414.06
9783,Michael Green,mason04@example.com,Slovakia (Slovak Republic),2022-12-24,Premium,33536.99
9784,Charles Braun,garrett73@example.net,Oman,2018-12-16,Premium,47322.99
9785,Lisa Smith,utate@example.org,Egypt,2020-09-03,Standard,6247.81
9786,Michael Carrillo,yperez@example.net,Suriname,2024-03-18,Basic,21030.20
9787,Donna Williams,lisasmith@example.org,Turkey,2020-02-07,Basic,39669.39
9788,Jessica Bryant,grichards@example.org,Lesotho,2022-07-25,Basic,48345.11
9789,Sheila Anthony,kjohnson@example.com,Comoros,2019-11-19,Standard,10165.64
9790,Patricia Mayo,tonyabrown@example.org,Paraguay,2020-08-07,Premium,34252.10
9791,Kevin Skinner,brownbrandon@example.net,Zambia,2020-09-17,Premium,39410.90
9792,Justin Jackson,gonzalezsusan@example.net,Liberia,2020-06-02,Basic,29510.39
9793,Felicia Macdonald,owensbeverly@example.org,Jamaica,2020-07-30,Standard,14068.16
9794,William Lindsey,sthompson@example.org,Nepal,2018-04-03,Standard,40738.33
9795,Michael Richardson,williamwilliams@example.com,Zambia,2018-04-23,Standard,28343.34
9796,Emily Turner,samanthagarner@example.org,Guyana,2020-11-25,Basic,11405.63
9797,Christina Taylor,terrancehorton@example.net,United States Virgin Islands,2018-01-10,Standard,30637.41
9798,Mr. Richard Sullivan,josephhernandez@example.com,Uzbekistan,2019-06-19,Premium,17117.07
9799,Jennifer Collins,caroldixon@example.org,Colombia,2024-01-12,Standard,16223.62
9800,Sara Johnson,reesejeffrey@example.org,Zimbabwe,2019-07-30,Basic,15345.48
9801,Austin Davidson,vacosta@example.com,Kuwait,2019-07-14,Basic,17247.36
9802,Dawn Sanchez,joshuarush@example.net,Cuba,2023-05-30,Basic,41748.75
9803,Amanda Thornton,watsonmary@example.org,Cyprus,2018-05-16,Standard,43088.15
9804,Kathryn Jones,bernardkatherine@example.org,Sao Tome and Principe,2020-12-21,Standard,26600.02
9805,Robert Mckay,coxdominique@example.com,Saint Martin,2024-03-26,Standard,14434.69
9806,Latoya Humphrey,nguyensteven@example.net,Saint Barthelemy,2023-05-16,Standard,12345.91
9807,Laura Higgins,madison28@example.net,Liberia,2019-04-22,Basic,31624.38
9808,Eric Conley,colemanjennifer@example.org,Iceland,2023-11-02,Premium,12870.66
9809,Michael Wyatt,jorgechen@example.net,British Indian Ocean Territory (Chagos Archipelago),2022-01-23,Standard,48157.97
9810,Julie Compton,jacquelineberry@example.net,Denmark,2019-08-10,Basic,40127.85
9811,Isaac Torres,rogersluis@example.net,Hungary,2021-08-20,Premium,48723.88
9812,Charles Spencer,wsmith@example.com,Singapore,2022-08-08,Standard,48534.09
9813,Shannon Wiggins,rubenroberson@example.org,Taiwan,2022-02-04,Standard,40055.65
9814,Timothy Rowe,michelle60@example.net,Liechtenstein,2023-05-19,Basic,42996.03
9815,Lindsay Massey,kcohen@example.net,Isle of Man,2022-10-04,Basic,26548.70
9816,Mr. David Wilcox DDS,lori25@example.net,Malaysia,2023-01-04,Basic,19904.68
9817,Kenneth Ross,michaelgomez@example.net,Gibraltar,2020-01-10,Premium,11511.38
9818,Alyssa Wright,muellerjeffrey@example.net,Grenada,2024-08-14,Premium,8522.31
9819,Amy Chandler,lewismelanie@example.org,Gabon,2020-10-17,Premium,45860.95
9820,Felicia Webb,charles43@example.org,New Caledonia,2018-05-21,Premium,31109.46
9821,Tara Mccoy,christianmatthews@example.com,Singapore,2021-08-28,Basic,20124.06
9822,Danielle Evans,pwhite@example.com,Gabon,2022-08-26,Premium,47575.88
9823,Thomas Barrett,hsmith@example.net,Poland,2024-06-20,Basic,6672.75
9824,Tammy Baker,ghurst@example.org,Jamaica,2023-04-18,Basic,26271.73
9825,Brian Smith,elizabeth25@example.com,Northern Mariana Islands,2023-06-06,Premium,45992.31
9826,Teresa Powell,bob85@example.com,Bouvet Island (Bouvetoya),2023-10-29,Standard,10228.84
9827,Scott Potter,huffmanjames@example.com,Poland,2018-11-09,Standard,40091.79
9828,Edward Davis,steven70@example.org,Niue,2021-06-22,Basic,18178.42
9829,Daniel Rodriguez,,Bahamas,2022-08-02,Premium,28856.24
9830,Robert Baird,hamiltonedwin@example.net,San Marino,2019-04-09,Standard,45794.10
9831,Joseph Brown,brandy56@example.net,Bahamas,2024-06-23,Standard,15554.50
9832,Mark Morgan,debra99@example.org,Greenland,2019-04-16,Standard,516.26
9833,Stephen White,elizabeth90@example.org,Honduras,2020-03-08,Premium,27140.91
9834,Ashley Gonzalez,xscott@example.org,Serbia,2023-09-06,Premium,23603.27
9835,Christopher Smith,combsadam@example.com,Peru,2018-03-21,Standard,4021.19
9836,Matthew Camacho,roseerik@example.com,Afghanistan,2018-06-19,Premium,26400.85
9837,Lisa Hunt,carlroberts@example.com,Congo,2021-07-02,Standard,34270.26
9838,Jennifer Russell,rhonda44@example.org,Palestinian Territory,2019-09-07,Premium,7442.26
9839,Brittany Brennan,webbbrett@example.org,Trinidad and Tobago,2019-10-15,Basic,35195.08
9840,Brian Daniels,david60@example.org,Canada,2018-01-15,Premium,36185.61
9841,Paul Vance,mooremonique@example.com,Georgia,2023-06-27,Standard,14948.12
9842,Lee Graves,kimberlywolfe@example.org,Bouvet Island (Bouvetoya),2021-01-17,Premium,19977.61
9843,Andrew Garza,mcculloughchristopher@example.net,Eritrea,2023-12-11,Standard,31013.75
9844,Stephanie Park,randylyons@example.com,Israel,2018-10-07,Premium,43435.34
9845,William White Jr.,hayesfrank@example.net,Colombia,2021-01-07,Standard,20811.12
9846,Steven Haney,maria40@example.net,Congo,2023-03-26,Standard,32546.67
9847,Steven Moran,rberry@example.net,Azerbaijan,2018-03-15,Premium,17840.03
9848,James Ortiz,mmcdaniel@example.org,Saint Lucia,2022-07-20,Basic,34059.24
9849,Mark Johnson,vflores@example.com,Sri Lanka,2023-01-07,Standard,13861.17
9850,Joann Dyer,josephhawkins@example.org,Congo,2018-07-28,Premium,43399.29
9851,Sarah Nelson,bensonthomas@example.com,China,2022-06-20,Premium,24115.94
9852,Dr. Adam Miller,carriekelly@example.org,French Guiana,2021-10-31,Standard,36773.73
9853,Ashley Coleman,schneiderchristopher@example.org,Marshall Islands,2020-02-12,Premium,768.50
9854,Fernando Richard,mmay@example.com,Sweden,2022-03-06,Basic,47622.12
9855,David Taylor,agarner@example.org,Heard Island and McDonald Islands,2019-08-04,Premium,34470.84
9856,Corey Woods,qfoster@example.net,Albania,2020-06-04,Standard,26791.94
9857,Hunter Smith,donna31@example.org,Cuba,2018-02-12,Standard,2543.82
9858,Emily Larson,brianhayes@example.net,Wallis and Futuna,2018-12-27,Standard,16845.09
9859,Sara Barker,obrienstephanie@example.net,Iraq,2024-08-31,Premium,11533.09
9860,Wendy Harrison,orozcocarlos@example.org,Cameroon,2022-07-02,Standard,3866.32
9861,Marco Gomez,kirkrobert@example.net,Saudi Arabia,2023-12-18,Standard,25058.36
9862,Charles Wood,weissbenjamin@example.net,Guadeloupe,2019-02-13,Basic,31749.96
9863,Stacy Garcia,anitagomez@example.org,Cuba,2018-01-29,Premium,18312.63
9864,Dr. Katie Santos,jonesvictoria@example.org,Svalbard & Jan Mayen Islands,2019-03-14,Basic,21671.04
9865,Sabrina Phillips,jennifer21@example.com,Christmas Island,2024-10-31,Standard,33498.54
9866,Patrick Cardenas,shawncastro@example.net,Moldova,2018-04-24,Basic,6543.42
9867,Francisco Floyd,gavinsimmons@example.com,Tokelau,2018-10-29,Basic,6621.72
9868,Sheena Gill,castilloeric@example.com,Tonga,2019-05-04,Basic,7821.40
9869,Kristopher Walsh,claudia53@example.org,Estonia,2021-12-16,Premium,11989.92
9870,Daniel Monroe,devans@example.com,Egypt,2019-09-04,Basic,22553.17
9871,Rebecca Anthony,christine07@example.org,Turkey,2018-01-16,Standard,28809.92
9872,Jeremy Mitchell,psuarez@example.net,Yemen,2020-03-20,Standard,29315.98
9873,Mr. Brian Johnson,wintersbeverly@example.net,Cote d'Ivoire,2023-09-02,Premium,29710.15
9874,Kelly Schwartz DVM,barbara46@example.net,Ecuador,2019-02-27,Standard,26822.76
9875,Jamie Cortez,ehall@example.net,Mexico,2022-03-04,Standard,40546.65
9876,Amanda Wilson,beasleyjimmy@example.org,Seychelles,2018-11-13,Standard,42131.66
9877,Kevin Mejia,david19@example.com,Puerto Rico,2024-10-11,Basic,22237.22
9878,Steven Fox,hayesnicole@example.com,Saudi Arabia,2021-03-02,Basic,8327.20
9879,Emily Diaz,washingtonjessica@example.com,Venezuela,2018-03-21,Standard,16778.92
9880,Kathy Simmons,phillipstracy@example.net,United States Minor Outlying Islands,2023-02-26,Standard,34829.96
9881,Priscilla Brown,annneal@example.com,Morocco,2019-03-30,Standard,45745.54
9882,Joshua Randolph,wrightjacob@example.org,Libyan Arab Jamahiriya,2021-05-09,Basic,40554.06
9883,Gabriel Bridges,ybennett@example.org,Suriname,2020-09-02,Basic,20661.07
9884,Michael Riley,mcaldwell@example.net,Mozambique,2022-04-28,Premium,17356.77
9885,Kyle Warren,elizabethdennis@example.org,Namibia,2018-11-23,Basic,46291.24
9886,Nancy Hoover,chenanthony@example.net,French Guiana,2020-08-31,Basic,3597.48
9887,Alexis Anderson,mitchellsamantha@example.org,Svalbard & Jan Mayen Islands,2021-05-15,Basic,28797.73
9888,Thomas Adkins,danny99@example.net,Equatorial Guinea,2023-04-09,Basic,22531.63
9889,James Stephenson,brady98@example.org,Jersey,2022-11-14,Basic,39491.25
9890,Susan Mckenzie,jasonjames@example.org,Andorra,2023-05-21,Premium,44105.24
9891,Michael Fernandez,thomas91@example.com,Heard Island and McDonald Islands,2020-11-22,Standard,9644.34
9892,Matthew Garcia,rickythomas@example.net,Antarctica (the territory South of 60 deg S),2021-06-06,Premium,31520.26
9893,Pamela Ford,esmith@example.com,Benin,2021-11-04,Standard,31169.53
9894,Carl Williams,charles68@example.net,Burkina Faso,2023-03-10,Basic,24820.83
9895,Mariah Brown,rmoore@example.net,Montenegro,2024-10-08,Standard,18158.97
9896,Laura Duncan,michele01@example.net,Maldives,2019-03-28,Standard,45209.78
9897,Kelly Phelps,xcoleman@example.net,Denmark,2021-06-13,Premium,44726.92
9898,Michele Brewer,gking@example.net,Israel,2018-06-26,Premium,30707.83
9899,Willie Williams,mindywhite@example.com,Saudi Arabia,2024-05-29,Premium,38168.67
9900,Terri Johnson,brittany35@example.net,Holy See (Vatican City State),2020-07-16,Standard,46411.98
9901,Bruce Price,sgeorge@example.net,Liechtenstein,2018-03-18,Basic,14911.77
9902,Kurt Sanchez,xacosta@example.net,British Virgin Islands,2021-04-15,Standard,29101.00
9903,Heather Williams,nicholas34@example.com,Kenya,2022-09-12,Premium,31361.56
9904,Brian Farrell,ogolden@example.org,Gabon,2018-07-24,Basic,14425.32
9905,Taylor Martinez,millerangela@example.org,Mozambique,2024-09-29,Premium,21005.62
9906,Curtis Johnston,katrinawoodard@example.com,Macao,2021-12-22,Standard,11479.92
9907,George Guzman,briancruz@example.org,Chile,2022-08-28,Premium,14470.40
9908,Blake Taylor,bsoto@example.com,Holy See (Vatican City State),2019-11-19,Standard,19158.96
9909,Martha Duncan,gellis@example.org,Uganda,2019-07-21,Premium,18361.77
9910,Joseph Crane,pattersonlauren@example.org,Singapore,2024-08-29,Premium,46149.85
9911,Kendra Ewing,nromero@example.net,Saint Kitts and Nevis,2020-06-23,Standard,39116.32
9912,Angela Faulkner,vhernandez@example.org,Moldova,2020-08-03,Premium,29812.10
9913,Ashley Stafford,leecaitlin@example.net,Chile,2018-12-13,Basic,47877.51
9914,Annette Bush,whitemegan@example.net,Slovenia,2018-08-29,Premium,33970.62
9915,Jesse Smith,carlcarter@example.net,Heard Island and McDonald Islands,2019-08-31,Standard,12162.17
9916,Daniel Hunt,gregorybishop@example.net,Kenya,2019-04-11,Standard,9298.90
9917,Miranda Williams,smorris@example.net,Mayotte,2020-01-17,Standard,15605.88
9918,Ashley Avila,gilbertchristopher@example.com,Svalbard & Jan Mayen Islands,2018-09-27,Standard,24617.98
9919,Alexa Parsons,baldwineric@example.org,French Southern Territories,2021-09-06,Standard,28621.74
9920,Annette Young,teresa11@example.com,Suriname,2018-02-22,Premium,31743.31
9921,Alyssa Parks,jamespeterson@example.com,Taiwan,2023-11-07,Standard,6381.10
9922,Amy Russo,murphyjames@example.net,Japan,2024-11-05,Premium,10949.64
9923,Monica Griffin,tranbrenda@example.com,Mauritania,2021-09-13,Basic,26421.66
9924,Amy Wallace,dthompson@example.net,Peru,2021-01-22,Standard,40076.25
9925,Marcus Zamora,xgregory@example.org,Latvia,2019-11-02,Premium,28802.91
9926,Nicole Morales,zpierce@example.net,Azerbaijan,2020-09-19,Basic,38122.49
9927,Lindsey Castro,parkershannon@example.net,Holy See (Vatican City State),2024-11-30,Standard,34251.16
9928,Megan Gentry,youngmatthew@example.org,Zimbabwe,2023-05-26,Standard,39882.79
9929,James Williams,margaretparrish@example.com,Bahamas,2018-12-04,Standard,12534.90
9930,Shane Ramirez,fstrickland@example.org,Italy,2024-09-03,Premium,39503.23
9931,Samantha Oliver,elee@example.com,Egypt,2019-11-12,Standard,38480.49
9932,Roy Dickerson,johnmiller@example.net,British Indian Ocean Territory (Chagos Archipelago),2019-11-01,Basic,15129.62
9933,Lisa Schaefer,gkelly@example.org,Antarctica (the territory South of 60 deg S),2020-08-25,Standard,16289.92
9934,Adam Porter,masseychristian@example.org,France,2018-06-24,Basic,10219.34
9935,Angela Hines,taylorsteven@example.org,Zambia,2024-10-14,Basic,893.37
9936,Stacy Holland,lmaynard@example.com,Belize,2018-06-05,Basic,48572.35
9937,Emily Dawson,rebeccarodriguez@example.org,Luxembourg,2018-08-16,Standard,15100.64
9938,Gregory Howard,kellyevans@example.org,Cambodia,2023-01-31,Standard,3470.93
9939,Samantha Mathews,seth23@example.com,Chile,2021-06-30,Standard,7367.88
9940,Bradley Baldwin,zoemorgan@example.org,Cambodia,2023-08-24,Standard,12546.04
9941,Scott Luna,sherri52@example.com,India,2021-08-23,Standard,13064.40
9942,Jill Holt,foxbilly@example.net,Switzerland,2018-08-04,Basic,46061.74
9943,Scott Potts,lauragordon@example.net,Netherlands Antilles,2019-12-23,Basic,12504.36
9944,Amanda Reed,allensarah@example.net,Tanzania,2022-06-29,Basic,24686.19
9945,Joshua Gilbert,samuelross@example.com,Djibouti,2019-08-12,Basic,35295.94
9946,James Cook,brownrobert@example.com,Belarus,2018-09-08,Basic,21700.11
9947,Angela Camacho,salascrystal@example.net,United States Virgin Islands,2022-01-29,Standard,47309.86
9948,Charles Rodriguez,michaelhaas@example.com,Solomon Islands,2020-07-09,Basic,9903.00
9949,Pamela Young,gburnett@example.com,Madagascar,2020-08-04,Basic,28770.97
9950,Melissa Perez,ghudson@example.org,Reunion,2024-08-03,Premium,13931.11
9951,George Williams,robinsondonna@example.net,Lao People's Democratic Republic,2020-05-18,Basic,38915.86
9952,Kristina Davis,lhorton@example.org,Gabon,2024-08-13,Premium,39580.11
9953,Emily Ruiz,david10@example.com,Iraq,2021-11-21,Premium,25717.87
9954,Grace Herrera,richardrodriguez@example.net,French Southern Territories,2024-04-04,Basic,11199.36
9955,Monica Tucker,zcaldwell@example.org,Reunion,2023-02-14,Premium,12481.19
9956,Laura Baker,alexander01@example.org,Suriname,2023-09-24,Premium,44607.64
9957,Susan Frederick,guerrakevin@example.net,Seychelles,2020-10-05,Premium,46719.26
9958,Jacqueline Lara,jacqueline52@example.org,Germany,2020-08-10,Standard,17085.31
9959,Jose Owens,michael55@example.org,Fiji,2020-05-02,Premium,9121.35
9960,Aaron Tucker,nguyenalex@example.net,Mongolia,2020-07-31,Standard,15580.29
9961,Luis Cohen,keithross@example.net,Korea,2020-01-03,Premium,14726.70
9962,Nathan Phillips,michaelnorton@example.net,Netherlands,2023-05-03,Standard,1179.78
9963,Jordan Reynolds,april55@example.net,Algeria,2024-05-23,Basic,18777.98
9964,David Floyd,mdavid@example.com,Poland,2023-02-22,Premium,2842.74
9965,Joshua Moore,kgray@example.net,Burundi,2020-07-31,Standard,2336.64
9966,Erin Johnson,barnesbrian@example.net,Gambia,2018-10-25,Standard,2505.07
9967,Colleen Campbell MD,margaretrobbins@example.org,Botswana,2020-10-15,Premium,16400.01
9968,Christina Harmon,sanchezpaul@example.org,Egypt,2018-04-27,Standard,35464.22
9969,Kristen Robertson,hsimmons@example.com,Liberia,2022-02-06,Standard,16280.88
9970,Willie Moss,boothgail@example.net,Spain,2023-08-05,Premium,40218.19
9971,Catherine Woodard,greenejonathan@example.net,United States Minor Outlying Islands,2020-12-28,Basic,49883.58
9972,Summer Johnson,robert04@example.org,Isle of Man,2018-08-03,Standard,7679.08
9973,Meredith Hale,jonathan69@example.com,Gabon,2021-05-10,Standard,19724.19
9974,Austin Jones,nramos@example.net,Northern Mariana Islands,2018-10-19,Premium,29727.19
9975,Ian Schultz,perezrobert@example.net,Benin,2019-10-03,Standard,40669.31
9976,Anna Bernard,qgarcia@example.org,Philippines,2018-12-25,Premium,16105.02
9977,Destiny Patterson,kperez@example.net,Mozambique,2023-09-23,Premium,47074.88
9978,Joseph Johnson,dodsonjessica@example.net,Norfolk Island,2023-10-19,Premium,29360.49
9979,Virginia Duncan,cynthia35@example.net,Bahamas,2020-10-18,Basic,48688.50
9980,Vincent Adams,gsanchez@example.net,Saint Barthelemy,2021-11-15,Premium,17529.90
9981,Ryan Glass,gallagherrobert@example.net,Mongolia,2020-07-03,Basic,34460.32
9982,Tina Moore,jake00@example.com,Uruguay,2024-11-08,Standard,46586.87
9983,Jason Mckinney,katrina17@example.net,Taiwan,2018-10-08,Basic,35676.24
9984,Michelle Brown,sarahsuarez@example.net,Dominica,2023-04-11,Premium,16725.76
9985,Dr. Maurice Moss,parsonsjacqueline@example.net,Bolivia,2023-07-30,Standard,17961.32
9986,Ann Johnson,justin57@example.org,Mauritania,2019-05-12,Standard,21668.91
9987,David Brown,grahamrachel@example.net,Bolivia,2020-08-02,Premium,47943.74
9988,Kimberly Nielsen,jason10@example.com,Luxembourg,2019-06-23,Standard,20538.02
9989,William Savage,acastillo@example.org,Greece,2018-03-13,Standard,6104.20
9990,Lisa Boone,eshaffer@example.com,Ecuador,2022-08-09,Premium,42284.26
9991,Brooke Ryan,jennifer78@example.org,Bahamas,2018-11-01,Basic,33513.78
9992,Nancy Shaw,bryan86@example.org,Barbados,2024-01-07,Basic,18297.73
9993,Dr. Heather Martinez MD,fgray@example.net,Kazakhstan,2022-11-07,Premium,15865.54
9994,Terri Morris,sandra11@example.com,Papua New Guinea,2018-02-07,Premium,22964.25
9995,Jamie Kemp,pruittjared@example.org,Northern Mariana Islands,2018-10-27,Standard,2172.62
9996,Emily Saunders,rogercameron@example.net,Seychelles,2019-09-23,Premium,15788.18
9997,Mary Willis,chudson@example.com,Maldives,2024-04-22,Basic,19332.07
9998,Richard Cabrera,downsangela@example.net,Sri Lanka,2022-01-08,Basic,32641.34
9999,Jennifer Kaufman,danny37@example.net,Tonga,2024-09-05,Standard,23082.90
10000,Jessica Santiago,robin70@example.org,Micronesia,2018-11-13,Standard,9573.39
